date,vintage,series_id,block,code,country,region,mmcf,usd_per_mcf
2016-01-15,2026-09-30,N9133US2,LNG total including re-exports,Z00,,,26,10.74
2016-01-15,2026-09-30,NGM_EPG0_ERE_NUS-NAT_MMCF,re-exports,NAT,Argentina,americas,0,
2016-01-15,2026-09-30,NGM_EPG0_ERE_NUS-NBR_MMCF,re-exports,NBR,Brazil,americas,0,
2016-01-15,2026-09-30,NGM_EPG0_ERE_NUS-NCH_MMCF,re-exports,NCH,China,jkm_markets,0,
2016-01-15,2026-09-30,NGM_EPG0_ERE_NUS-NCI_MMCF,re-exports,NCI,Chile,americas,0,
2016-01-15,2026-09-30,NGM_EPG0_ERE_NUS-NEG_MMCF,re-exports,NEG,Egypt,middle_east_africa,0,
2016-01-15,2026-09-30,NGM_EPG0_ERE_NUS-NIN_MMCF,re-exports,NIN,India,other_asia,0,
2016-01-15,2026-09-30,NGM_EPG0_ERE_NUS-NJA_MMCF,re-exports,NJA,Japan,jkm_markets,0,
2016-01-15,2026-09-30,NGM_EPG0_ERE_NUS-NKS_MMCF,re-exports,NKS,South Korea,jkm_markets,0,
2016-01-15,2026-09-30,NGM_EPG0_ERE_NUS-NMX_MMCF,re-exports,NMX,Mexico,americas,0,
2016-01-15,2026-09-30,NGM_EPG0_ERE_NUS-NPO_MMCF,re-exports,NPO,Portugal,europe,0,
2016-01-15,2026-09-30,NGM_EPG0_ERE_NUS-NSP_MMCF,re-exports,NSP,Spain,europe,0,
2016-01-15,2026-09-30,NGM_EPG0_ERE_NUS-NTU_MMCF,re-exports,NTU,Turkiye,europe,0,
2016-01-15,2026-09-30,NGM_EPG0_ERE_NUS-NUK_MMCF,re-exports,NUK,United Kingdom,europe,0,
2016-01-15,2026-09-30,NGM_EPG0_ERE_NUS-Z00_MMCF,re-exports,Z00,,,0,
2016-01-15,2026-09-30,NGM_EPG0_ETR_NUS-NCA_MMCF,exports by truck,NCA,Canada,americas,2,7.41
2016-01-15,2026-09-30,NGM_EPG0_ETR_NUS-NMX_MMCF,exports by truck,NMX,Mexico,americas,25,10.96
2016-01-15,2026-09-30,NGM_EPG0_ETR_NUS-Z00_MMCF,exports by truck,Z00,,,26,10.74
2016-01-15,2026-09-30,NGM_EPG0_EVE_NUS-NAC_MMCF,exports by vessel,NAC,Antigua and Barbuda,americas,,
2016-01-15,2026-09-30,NGM_EPG0_EVE_NUS-NAT_MMCF,exports by vessel,NAT,Argentina,americas,0,
2016-01-15,2026-09-30,NGM_EPG0_EVE_NUS-NBA_MMCF,exports by vessel,NBA,Bahrain,middle_east_africa,,
2016-01-15,2026-09-30,NGM_EPG0_EVE_NUS-NBB_MMCF,exports by vessel,NBB,Barbados,americas,0,
2016-01-15,2026-09-30,NGM_EPG0_EVE_NUS-NBE_MMCF,exports by vessel,NBE,Belgium,europe,,
2016-01-15,2026-09-30,NGM_EPG0_EVE_NUS-NBF_MMCF,exports by vessel,NBF,Bahamas,americas,,
2016-01-15,2026-09-30,NGM_EPG0_EVE_NUS-NBG_MMCF,exports by vessel,NBG,Bangladesh,other_asia,,
2016-01-15,2026-09-30,NGM_EPG0_EVE_NUS-NBR_MMCF,exports by vessel,NBR,Brazil,americas,0,
2016-01-15,2026-09-30,NGM_EPG0_EVE_NUS-NCA_MMCF,exports by vessel,NCA,Canada,americas,,
2016-01-15,2026-09-30,NGM_EPG0_EVE_NUS-NCH_MMCF,exports by vessel,NCH,China,jkm_markets,0,
2016-01-15,2026-09-30,NGM_EPG0_EVE_NUS-NCI_MMCF,exports by vessel,NCI,Chile,americas,0,
2016-01-15,2026-09-30,NGM_EPG0_EVE_NUS-NCO_MMCF,exports by vessel,NCO,Colombia,americas,,
2016-01-15,2026-09-30,NGM_EPG0_EVE_NUS-NDR_MMCF,exports by vessel,NDR,Dominican Republic,americas,0,
2016-01-15,2026-09-30,NGM_EPG0_EVE_NUS-NEG_MMCF,exports by vessel,NEG,Egypt,middle_east_africa,0,
2016-01-15,2026-09-30,NGM_EPG0_EVE_NUS-NES_MMCF,exports by vessel,NES,El Salvador,americas,,
2016-01-15,2026-09-30,NGM_EPG0_EVE_NUS-NFI_MMCF,exports by vessel,NFI,Finland,europe,,
2016-01-15,2026-09-30,NGM_EPG0_EVE_NUS-NFR_MMCF,exports by vessel,NFR,France,europe,,
2016-01-15,2026-09-30,NGM_EPG0_EVE_NUS-NGM_MMCF,exports by vessel,NGM,Germany,europe,,
2016-01-15,2026-09-30,NGM_EPG0_EVE_NUS-NGR_MMCF,exports by vessel,NGR,Greece,europe,,
2016-01-15,2026-09-30,NGM_EPG0_EVE_NUS-NHA_MMCF,exports by vessel,NHA,Haiti,americas,,
2016-01-15,2026-09-30,NGM_EPG0_EVE_NUS-NHR_MMCF,exports by vessel,NHR,Croatia,europe,,
2016-01-15,2026-09-30,NGM_EPG0_EVE_NUS-NID_MMCF,exports by vessel,NID,Indonesia,other_asia,,
2016-01-15,2026-09-30,NGM_EPG0_EVE_NUS-NIN_MMCF,exports by vessel,NIN,India,other_asia,0,
2016-01-15,2026-09-30,NGM_EPG0_EVE_NUS-NIS_MMCF,exports by vessel,NIS,Israel,middle_east_africa,,
2016-01-15,2026-09-30,NGM_EPG0_EVE_NUS-NIT_MMCF,exports by vessel,NIT,Italy,europe,,
2016-01-15,2026-09-30,NGM_EPG0_EVE_NUS-NJA_MMCF,exports by vessel,NJA,Japan,jkm_markets,0,
2016-01-15,2026-09-30,NGM_EPG0_EVE_NUS-NJM_MMCF,exports by vessel,NJM,Jamaica,americas,,
2016-01-15,2026-09-30,NGM_EPG0_EVE_NUS-NJO_MMCF,exports by vessel,NJO,Jordan,middle_east_africa,0,
2016-01-15,2026-09-30,NGM_EPG0_EVE_NUS-NKS_MMCF,exports by vessel,NKS,South Korea,jkm_markets,0,
2016-01-15,2026-09-30,NGM_EPG0_EVE_NUS-NKU_MMCF,exports by vessel,NKU,Kuwait,middle_east_africa,0,
2016-01-15,2026-09-30,NGM_EPG0_EVE_NUS-NLH_MMCF,exports by vessel,NLH,Lithuania,europe,,
2016-01-15,2026-09-30,NGM_EPG0_EVE_NUS-NM6_MMCF,exports by vessel,NM6,Malta,europe,0,
2016-01-15,2026-09-30,NGM_EPG0_EVE_NUS-NMR_MMCF,exports by vessel,NMR,Mauritania,middle_east_africa,,
2016-01-15,2026-09-30,NGM_EPG0_EVE_NUS-NMX_MMCF,exports by vessel,NMX,Mexico,americas,0,
2016-01-15,2026-09-30,NGM_EPG0_EVE_NUS-NMY_MMCF,exports by vessel,NMY,Malaysia,other_asia,,
2016-01-15,2026-09-30,NGM_EPG0_EVE_NUS-NNL_MMCF,exports by vessel,NNL,Netherlands,europe,0,
2016-01-15,2026-09-30,NGM_EPG0_EVE_NUS-NNU_MMCF,exports by vessel,NNU,Nicaragua,americas,,
2016-01-15,2026-09-30,NGM_EPG0_EVE_NUS-NPK_MMCF,exports by vessel,NPK,Pakistan,other_asia,0,
2016-01-15,2026-09-30,NGM_EPG0_EVE_NUS-NPL_MMCF,exports by vessel,NPL,Poland,europe,0,
2016-01-15,2026-09-30,NGM_EPG0_EVE_NUS-NPM_MMCF,exports by vessel,NPM,Panama,americas,,
2016-01-15,2026-09-30,NGM_EPG0_EVE_NUS-NPO_MMCF,exports by vessel,NPO,Portugal,europe,0,
2016-01-15,2026-09-30,NGM_EPG0_EVE_NUS-NRP_MMCF,exports by vessel,NRP,Philippines,other_asia,,
2016-01-15,2026-09-30,NGM_EPG0_EVE_NUS-NRS_MMCF,exports by vessel,NRS,Russia,europe,0,
2016-01-15,2026-09-30,NGM_EPG0_EVE_NUS-NSG_MMCF,exports by vessel,NSG,Senegal,middle_east_africa,,
2016-01-15,2026-09-30,NGM_EPG0_EVE_NUS-NSN_MMCF,exports by vessel,NSN,Singapore,other_asia,,
2016-01-15,2026-09-30,NGM_EPG0_EVE_NUS-NSP_MMCF,exports by vessel,NSP,Spain,europe,0,
2016-01-15,2026-09-30,NGM_EPG0_EVE_NUS-NTC_MMCF,exports by vessel,NTC,United Arab Emirates,middle_east_africa,0,
2016-01-15,2026-09-30,NGM_EPG0_EVE_NUS-NTH_MMCF,exports by vessel,NTH,Thailand,other_asia,0,
2016-01-15,2026-09-30,NGM_EPG0_EVE_NUS-NTU_MMCF,exports by vessel,NTU,Turkiye,europe,0,
2016-01-15,2026-09-30,NGM_EPG0_EVE_NUS-NTW_MMCF,exports by vessel,NTW,Taiwan,jkm_markets,0,
2016-01-15,2026-09-30,NGM_EPG0_EVE_NUS-NUK_MMCF,exports by vessel,NUK,United Kingdom,europe,,
2016-01-15,2026-09-30,NGM_EPG0_EVE_NUS-Z00_MMCF,exports by vessel,Z00,,,0,
2016-01-15,2026-09-30,NGM_EPG0_EVT_NUS-Z00_MMCF,exports by vessel and truck,Z00,,,26,10.74
2016-02-15,2026-09-30,N9133US2,LNG total including re-exports,Z00,,,3309,3.59
2016-02-15,2026-09-30,NGM_EPG0_ERE_NUS-NAT_MMCF,re-exports,NAT,Argentina,americas,0,
2016-02-15,2026-09-30,NGM_EPG0_ERE_NUS-NBR_MMCF,re-exports,NBR,Brazil,americas,1290,3.54
2016-02-15,2026-09-30,NGM_EPG0_ERE_NUS-NCH_MMCF,re-exports,NCH,China,jkm_markets,0,
2016-02-15,2026-09-30,NGM_EPG0_ERE_NUS-NCI_MMCF,re-exports,NCI,Chile,americas,0,
2016-02-15,2026-09-30,NGM_EPG0_ERE_NUS-NEG_MMCF,re-exports,NEG,Egypt,middle_east_africa,0,
2016-02-15,2026-09-30,NGM_EPG0_ERE_NUS-NIN_MMCF,re-exports,NIN,India,other_asia,0,
2016-02-15,2026-09-30,NGM_EPG0_ERE_NUS-NJA_MMCF,re-exports,NJA,Japan,jkm_markets,0,
2016-02-15,2026-09-30,NGM_EPG0_ERE_NUS-NKS_MMCF,re-exports,NKS,South Korea,jkm_markets,0,
2016-02-15,2026-09-30,NGM_EPG0_ERE_NUS-NMX_MMCF,re-exports,NMX,Mexico,americas,0,
2016-02-15,2026-09-30,NGM_EPG0_ERE_NUS-NPO_MMCF,re-exports,NPO,Portugal,europe,0,
2016-02-15,2026-09-30,NGM_EPG0_ERE_NUS-NSP_MMCF,re-exports,NSP,Spain,europe,0,
2016-02-15,2026-09-30,NGM_EPG0_ERE_NUS-NTU_MMCF,re-exports,NTU,Turkiye,europe,0,
2016-02-15,2026-09-30,NGM_EPG0_ERE_NUS-NUK_MMCF,re-exports,NUK,United Kingdom,europe,0,
2016-02-15,2026-09-30,NGM_EPG0_ERE_NUS-Z00_MMCF,re-exports,Z00,,,1290,3.54
2016-02-15,2026-09-30,NGM_EPG0_ETR_NUS-NCA_MMCF,exports by truck,NCA,Canada,americas,0,
2016-02-15,2026-09-30,NGM_EPG0_ETR_NUS-NMX_MMCF,exports by truck,NMX,Mexico,americas,24,10.16
2016-02-15,2026-09-30,NGM_EPG0_ETR_NUS-Z00_MMCF,exports by truck,Z00,,,24,10.16
2016-02-15,2026-09-30,NGM_EPG0_EVE_NUS-NAC_MMCF,exports by vessel,NAC,Antigua and Barbuda,americas,,
2016-02-15,2026-09-30,NGM_EPG0_EVE_NUS-NAT_MMCF,exports by vessel,NAT,Argentina,americas,0,
2016-02-15,2026-09-30,NGM_EPG0_EVE_NUS-NBA_MMCF,exports by vessel,NBA,Bahrain,middle_east_africa,,
2016-02-15,2026-09-30,NGM_EPG0_EVE_NUS-NBB_MMCF,exports by vessel,NBB,Barbados,americas,2,10
2016-02-15,2026-09-30,NGM_EPG0_EVE_NUS-NBE_MMCF,exports by vessel,NBE,Belgium,europe,,
2016-02-15,2026-09-30,NGM_EPG0_EVE_NUS-NBF_MMCF,exports by vessel,NBF,Bahamas,americas,,
2016-02-15,2026-09-30,NGM_EPG0_EVE_NUS-NBG_MMCF,exports by vessel,NBG,Bangladesh,other_asia,,
2016-02-15,2026-09-30,NGM_EPG0_EVE_NUS-NBR_MMCF,exports by vessel,NBR,Brazil,americas,1993,3.54
2016-02-15,2026-09-30,NGM_EPG0_EVE_NUS-NCA_MMCF,exports by vessel,NCA,Canada,americas,,
2016-02-15,2026-09-30,NGM_EPG0_EVE_NUS-NCH_MMCF,exports by vessel,NCH,China,jkm_markets,0,
2016-02-15,2026-09-30,NGM_EPG0_EVE_NUS-NCI_MMCF,exports by vessel,NCI,Chile,americas,0,
2016-02-15,2026-09-30,NGM_EPG0_EVE_NUS-NCO_MMCF,exports by vessel,NCO,Colombia,americas,,
2016-02-15,2026-09-30,NGM_EPG0_EVE_NUS-NDR_MMCF,exports by vessel,NDR,Dominican Republic,americas,0,
2016-02-15,2026-09-30,NGM_EPG0_EVE_NUS-NEG_MMCF,exports by vessel,NEG,Egypt,middle_east_africa,0,
2016-02-15,2026-09-30,NGM_EPG0_EVE_NUS-NES_MMCF,exports by vessel,NES,El Salvador,americas,,
2016-02-15,2026-09-30,NGM_EPG0_EVE_NUS-NFI_MMCF,exports by vessel,NFI,Finland,europe,,
2016-02-15,2026-09-30,NGM_EPG0_EVE_NUS-NFR_MMCF,exports by vessel,NFR,France,europe,,
2016-02-15,2026-09-30,NGM_EPG0_EVE_NUS-NGM_MMCF,exports by vessel,NGM,Germany,europe,,
2016-02-15,2026-09-30,NGM_EPG0_EVE_NUS-NGR_MMCF,exports by vessel,NGR,Greece,europe,,
2016-02-15,2026-09-30,NGM_EPG0_EVE_NUS-NHA_MMCF,exports by vessel,NHA,Haiti,americas,,
2016-02-15,2026-09-30,NGM_EPG0_EVE_NUS-NHR_MMCF,exports by vessel,NHR,Croatia,europe,,
2016-02-15,2026-09-30,NGM_EPG0_EVE_NUS-NID_MMCF,exports by vessel,NID,Indonesia,other_asia,,
2016-02-15,2026-09-30,NGM_EPG0_EVE_NUS-NIN_MMCF,exports by vessel,NIN,India,other_asia,0,
2016-02-15,2026-09-30,NGM_EPG0_EVE_NUS-NIS_MMCF,exports by vessel,NIS,Israel,middle_east_africa,,
2016-02-15,2026-09-30,NGM_EPG0_EVE_NUS-NIT_MMCF,exports by vessel,NIT,Italy,europe,,
2016-02-15,2026-09-30,NGM_EPG0_EVE_NUS-NJA_MMCF,exports by vessel,NJA,Japan,jkm_markets,0,
2016-02-15,2026-09-30,NGM_EPG0_EVE_NUS-NJM_MMCF,exports by vessel,NJM,Jamaica,americas,,
2016-02-15,2026-09-30,NGM_EPG0_EVE_NUS-NJO_MMCF,exports by vessel,NJO,Jordan,middle_east_africa,0,
2016-02-15,2026-09-30,NGM_EPG0_EVE_NUS-NKS_MMCF,exports by vessel,NKS,South Korea,jkm_markets,0,
2016-02-15,2026-09-30,NGM_EPG0_EVE_NUS-NKU_MMCF,exports by vessel,NKU,Kuwait,middle_east_africa,0,
2016-02-15,2026-09-30,NGM_EPG0_EVE_NUS-NLH_MMCF,exports by vessel,NLH,Lithuania,europe,,
2016-02-15,2026-09-30,NGM_EPG0_EVE_NUS-NM6_MMCF,exports by vessel,NM6,Malta,europe,0,
2016-02-15,2026-09-30,NGM_EPG0_EVE_NUS-NMR_MMCF,exports by vessel,NMR,Mauritania,middle_east_africa,,
2016-02-15,2026-09-30,NGM_EPG0_EVE_NUS-NMX_MMCF,exports by vessel,NMX,Mexico,americas,0,
2016-02-15,2026-09-30,NGM_EPG0_EVE_NUS-NMY_MMCF,exports by vessel,NMY,Malaysia,other_asia,,
2016-02-15,2026-09-30,NGM_EPG0_EVE_NUS-NNL_MMCF,exports by vessel,NNL,Netherlands,europe,0,
2016-02-15,2026-09-30,NGM_EPG0_EVE_NUS-NNU_MMCF,exports by vessel,NNU,Nicaragua,americas,,
2016-02-15,2026-09-30,NGM_EPG0_EVE_NUS-NPK_MMCF,exports by vessel,NPK,Pakistan,other_asia,0,
2016-02-15,2026-09-30,NGM_EPG0_EVE_NUS-NPL_MMCF,exports by vessel,NPL,Poland,europe,0,
2016-02-15,2026-09-30,NGM_EPG0_EVE_NUS-NPM_MMCF,exports by vessel,NPM,Panama,americas,,
2016-02-15,2026-09-30,NGM_EPG0_EVE_NUS-NPO_MMCF,exports by vessel,NPO,Portugal,europe,0,
2016-02-15,2026-09-30,NGM_EPG0_EVE_NUS-NRP_MMCF,exports by vessel,NRP,Philippines,other_asia,,
2016-02-15,2026-09-30,NGM_EPG0_EVE_NUS-NRS_MMCF,exports by vessel,NRS,Russia,europe,0,
2016-02-15,2026-09-30,NGM_EPG0_EVE_NUS-NSG_MMCF,exports by vessel,NSG,Senegal,middle_east_africa,,
2016-02-15,2026-09-30,NGM_EPG0_EVE_NUS-NSN_MMCF,exports by vessel,NSN,Singapore,other_asia,,
2016-02-15,2026-09-30,NGM_EPG0_EVE_NUS-NSP_MMCF,exports by vessel,NSP,Spain,europe,0,
2016-02-15,2026-09-30,NGM_EPG0_EVE_NUS-NTC_MMCF,exports by vessel,NTC,United Arab Emirates,middle_east_africa,0,
2016-02-15,2026-09-30,NGM_EPG0_EVE_NUS-NTH_MMCF,exports by vessel,NTH,Thailand,other_asia,0,
2016-02-15,2026-09-30,NGM_EPG0_EVE_NUS-NTU_MMCF,exports by vessel,NTU,Turkiye,europe,0,
2016-02-15,2026-09-30,NGM_EPG0_EVE_NUS-NTW_MMCF,exports by vessel,NTW,Taiwan,jkm_markets,0,
2016-02-15,2026-09-30,NGM_EPG0_EVE_NUS-NUK_MMCF,exports by vessel,NUK,United Kingdom,europe,,
2016-02-15,2026-09-30,NGM_EPG0_EVE_NUS-Z00_MMCF,exports by vessel,Z00,,,1995,3.55
2016-02-15,2026-09-30,NGM_EPG0_EVT_NUS-Z00_MMCF,exports by vessel and truck,Z00,,,2019,3.63
2016-03-15,2026-09-30,N9133US2,LNG total including re-exports,Z00,,,10078,4.01
2016-03-15,2026-09-30,NGM_EPG0_ERE_NUS-NAT_MMCF,re-exports,NAT,Argentina,americas,0,
2016-03-15,2026-09-30,NGM_EPG0_ERE_NUS-NBR_MMCF,re-exports,NBR,Brazil,americas,0,
2016-03-15,2026-09-30,NGM_EPG0_ERE_NUS-NCH_MMCF,re-exports,NCH,China,jkm_markets,0,
2016-03-15,2026-09-30,NGM_EPG0_ERE_NUS-NCI_MMCF,re-exports,NCI,Chile,americas,0,
2016-03-15,2026-09-30,NGM_EPG0_ERE_NUS-NEG_MMCF,re-exports,NEG,Egypt,middle_east_africa,0,
2016-03-15,2026-09-30,NGM_EPG0_ERE_NUS-NIN_MMCF,re-exports,NIN,India,other_asia,547,3.98
2016-03-15,2026-09-30,NGM_EPG0_ERE_NUS-NJA_MMCF,re-exports,NJA,Japan,jkm_markets,0,
2016-03-15,2026-09-30,NGM_EPG0_ERE_NUS-NKS_MMCF,re-exports,NKS,South Korea,jkm_markets,0,
2016-03-15,2026-09-30,NGM_EPG0_ERE_NUS-NMX_MMCF,re-exports,NMX,Mexico,americas,0,
2016-03-15,2026-09-30,NGM_EPG0_ERE_NUS-NPO_MMCF,re-exports,NPO,Portugal,europe,0,
2016-03-15,2026-09-30,NGM_EPG0_ERE_NUS-NSP_MMCF,re-exports,NSP,Spain,europe,0,
2016-03-15,2026-09-30,NGM_EPG0_ERE_NUS-NTU_MMCF,re-exports,NTU,Turkiye,europe,0,
2016-03-15,2026-09-30,NGM_EPG0_ERE_NUS-NUK_MMCF,re-exports,NUK,United Kingdom,europe,0,
2016-03-15,2026-09-30,NGM_EPG0_ERE_NUS-Z00_MMCF,re-exports,Z00,,,547,3.98
2016-03-15,2026-09-30,NGM_EPG0_ETR_NUS-NCA_MMCF,exports by truck,NCA,Canada,americas,0,
2016-03-15,2026-09-30,NGM_EPG0_ETR_NUS-NMX_MMCF,exports by truck,NMX,Mexico,americas,24,8.96
2016-03-15,2026-09-30,NGM_EPG0_ETR_NUS-Z00_MMCF,exports by truck,Z00,,,24,8.96
2016-03-15,2026-09-30,NGM_EPG0_EVE_NUS-NAC_MMCF,exports by vessel,NAC,Antigua and Barbuda,americas,,
2016-03-15,2026-09-30,NGM_EPG0_EVE_NUS-NAT_MMCF,exports by vessel,NAT,Argentina,americas,0,
2016-03-15,2026-09-30,NGM_EPG0_EVE_NUS-NBA_MMCF,exports by vessel,NBA,Bahrain,middle_east_africa,,
2016-03-15,2026-09-30,NGM_EPG0_EVE_NUS-NBB_MMCF,exports by vessel,NBB,Barbados,americas,2,15.19
2016-03-15,2026-09-30,NGM_EPG0_EVE_NUS-NBE_MMCF,exports by vessel,NBE,Belgium,europe,,
2016-03-15,2026-09-30,NGM_EPG0_EVE_NUS-NBF_MMCF,exports by vessel,NBF,Bahamas,americas,,
2016-03-15,2026-09-30,NGM_EPG0_EVE_NUS-NBG_MMCF,exports by vessel,NBG,Bangladesh,other_asia,,
2016-03-15,2026-09-30,NGM_EPG0_EVE_NUS-NBR_MMCF,exports by vessel,NBR,Brazil,americas,3270,3.83
2016-03-15,2026-09-30,NGM_EPG0_EVE_NUS-NCA_MMCF,exports by vessel,NCA,Canada,americas,,
2016-03-15,2026-09-30,NGM_EPG0_EVE_NUS-NCH_MMCF,exports by vessel,NCH,China,jkm_markets,0,
2016-03-15,2026-09-30,NGM_EPG0_EVE_NUS-NCI_MMCF,exports by vessel,NCI,Chile,americas,0,
2016-03-15,2026-09-30,NGM_EPG0_EVE_NUS-NCO_MMCF,exports by vessel,NCO,Colombia,americas,,
2016-03-15,2026-09-30,NGM_EPG0_EVE_NUS-NDR_MMCF,exports by vessel,NDR,Dominican Republic,americas,0,
2016-03-15,2026-09-30,NGM_EPG0_EVE_NUS-NEG_MMCF,exports by vessel,NEG,Egypt,middle_east_africa,0,
2016-03-15,2026-09-30,NGM_EPG0_EVE_NUS-NES_MMCF,exports by vessel,NES,El Salvador,americas,,
2016-03-15,2026-09-30,NGM_EPG0_EVE_NUS-NFI_MMCF,exports by vessel,NFI,Finland,europe,,
2016-03-15,2026-09-30,NGM_EPG0_EVE_NUS-NFR_MMCF,exports by vessel,NFR,France,europe,,
2016-03-15,2026-09-30,NGM_EPG0_EVE_NUS-NGM_MMCF,exports by vessel,NGM,Germany,europe,,
2016-03-15,2026-09-30,NGM_EPG0_EVE_NUS-NGR_MMCF,exports by vessel,NGR,Greece,europe,,
2016-03-15,2026-09-30,NGM_EPG0_EVE_NUS-NHA_MMCF,exports by vessel,NHA,Haiti,americas,,
2016-03-15,2026-09-30,NGM_EPG0_EVE_NUS-NHR_MMCF,exports by vessel,NHR,Croatia,europe,,
2016-03-15,2026-09-30,NGM_EPG0_EVE_NUS-NID_MMCF,exports by vessel,NID,Indonesia,other_asia,,
2016-03-15,2026-09-30,NGM_EPG0_EVE_NUS-NIN_MMCF,exports by vessel,NIN,India,other_asia,2844,3.98
2016-03-15,2026-09-30,NGM_EPG0_EVE_NUS-NIS_MMCF,exports by vessel,NIS,Israel,middle_east_africa,,
2016-03-15,2026-09-30,NGM_EPG0_EVE_NUS-NIT_MMCF,exports by vessel,NIT,Italy,europe,,
2016-03-15,2026-09-30,NGM_EPG0_EVE_NUS-NJA_MMCF,exports by vessel,NJA,Japan,jkm_markets,0,
2016-03-15,2026-09-30,NGM_EPG0_EVE_NUS-NJM_MMCF,exports by vessel,NJM,Jamaica,americas,,
2016-03-15,2026-09-30,NGM_EPG0_EVE_NUS-NJO_MMCF,exports by vessel,NJO,Jordan,middle_east_africa,0,
2016-03-15,2026-09-30,NGM_EPG0_EVE_NUS-NKS_MMCF,exports by vessel,NKS,South Korea,jkm_markets,0,
2016-03-15,2026-09-30,NGM_EPG0_EVE_NUS-NKU_MMCF,exports by vessel,NKU,Kuwait,middle_east_africa,0,
2016-03-15,2026-09-30,NGM_EPG0_EVE_NUS-NLH_MMCF,exports by vessel,NLH,Lithuania,europe,,
2016-03-15,2026-09-30,NGM_EPG0_EVE_NUS-NM6_MMCF,exports by vessel,NM6,Malta,europe,0,
2016-03-15,2026-09-30,NGM_EPG0_EVE_NUS-NMR_MMCF,exports by vessel,NMR,Mauritania,middle_east_africa,,
2016-03-15,2026-09-30,NGM_EPG0_EVE_NUS-NMX_MMCF,exports by vessel,NMX,Mexico,americas,0,
2016-03-15,2026-09-30,NGM_EPG0_EVE_NUS-NMY_MMCF,exports by vessel,NMY,Malaysia,other_asia,,
2016-03-15,2026-09-30,NGM_EPG0_EVE_NUS-NNL_MMCF,exports by vessel,NNL,Netherlands,europe,0,
2016-03-15,2026-09-30,NGM_EPG0_EVE_NUS-NNU_MMCF,exports by vessel,NNU,Nicaragua,americas,,
2016-03-15,2026-09-30,NGM_EPG0_EVE_NUS-NPK_MMCF,exports by vessel,NPK,Pakistan,other_asia,0,
2016-03-15,2026-09-30,NGM_EPG0_EVE_NUS-NPL_MMCF,exports by vessel,NPL,Poland,europe,0,
2016-03-15,2026-09-30,NGM_EPG0_EVE_NUS-NPM_MMCF,exports by vessel,NPM,Panama,americas,,
2016-03-15,2026-09-30,NGM_EPG0_EVE_NUS-NPO_MMCF,exports by vessel,NPO,Portugal,europe,0,
2016-03-15,2026-09-30,NGM_EPG0_EVE_NUS-NRP_MMCF,exports by vessel,NRP,Philippines,other_asia,,
2016-03-15,2026-09-30,NGM_EPG0_EVE_NUS-NRS_MMCF,exports by vessel,NRS,Russia,europe,0,
2016-03-15,2026-09-30,NGM_EPG0_EVE_NUS-NSG_MMCF,exports by vessel,NSG,Senegal,middle_east_africa,,
2016-03-15,2026-09-30,NGM_EPG0_EVE_NUS-NSN_MMCF,exports by vessel,NSN,Singapore,other_asia,,
2016-03-15,2026-09-30,NGM_EPG0_EVE_NUS-NSP_MMCF,exports by vessel,NSP,Spain,europe,0,
2016-03-15,2026-09-30,NGM_EPG0_EVE_NUS-NTC_MMCF,exports by vessel,NTC,United Arab Emirates,middle_east_africa,3391,4.18
2016-03-15,2026-09-30,NGM_EPG0_EVE_NUS-NTH_MMCF,exports by vessel,NTH,Thailand,other_asia,0,
2016-03-15,2026-09-30,NGM_EPG0_EVE_NUS-NTU_MMCF,exports by vessel,NTU,Turkiye,europe,0,
2016-03-15,2026-09-30,NGM_EPG0_EVE_NUS-NTW_MMCF,exports by vessel,NTW,Taiwan,jkm_markets,0,
2016-03-15,2026-09-30,NGM_EPG0_EVE_NUS-NUK_MMCF,exports by vessel,NUK,United Kingdom,europe,,
2016-03-15,2026-09-30,NGM_EPG0_EVE_NUS-Z00_MMCF,exports by vessel,Z00,,,9507,4
2016-03-15,2026-09-30,NGM_EPG0_EVT_NUS-Z00_MMCF,exports by vessel and truck,Z00,,,9532,4.02
2016-04-15,2026-09-30,N9133US2,LNG total including re-exports,Z00,,,10036,3.96
2016-04-15,2026-09-30,NGM_EPG0_ERE_NUS-NAT_MMCF,re-exports,NAT,Argentina,americas,0,
2016-04-15,2026-09-30,NGM_EPG0_ERE_NUS-NBR_MMCF,re-exports,NBR,Brazil,americas,0,
2016-04-15,2026-09-30,NGM_EPG0_ERE_NUS-NCH_MMCF,re-exports,NCH,China,jkm_markets,0,
2016-04-15,2026-09-30,NGM_EPG0_ERE_NUS-NCI_MMCF,re-exports,NCI,Chile,americas,0,
2016-04-15,2026-09-30,NGM_EPG0_ERE_NUS-NEG_MMCF,re-exports,NEG,Egypt,middle_east_africa,0,
2016-04-15,2026-09-30,NGM_EPG0_ERE_NUS-NIN_MMCF,re-exports,NIN,India,other_asia,0,
2016-04-15,2026-09-30,NGM_EPG0_ERE_NUS-NJA_MMCF,re-exports,NJA,Japan,jkm_markets,0,
2016-04-15,2026-09-30,NGM_EPG0_ERE_NUS-NKS_MMCF,re-exports,NKS,South Korea,jkm_markets,0,
2016-04-15,2026-09-30,NGM_EPG0_ERE_NUS-NMX_MMCF,re-exports,NMX,Mexico,americas,0,
2016-04-15,2026-09-30,NGM_EPG0_ERE_NUS-NPO_MMCF,re-exports,NPO,Portugal,europe,0,
2016-04-15,2026-09-30,NGM_EPG0_ERE_NUS-NSP_MMCF,re-exports,NSP,Spain,europe,0,
2016-04-15,2026-09-30,NGM_EPG0_ERE_NUS-NTU_MMCF,re-exports,NTU,Turkiye,europe,0,
2016-04-15,2026-09-30,NGM_EPG0_ERE_NUS-NUK_MMCF,re-exports,NUK,United Kingdom,europe,0,
2016-04-15,2026-09-30,NGM_EPG0_ERE_NUS-Z00_MMCF,re-exports,Z00,,,0,
2016-04-15,2026-09-30,NGM_EPG0_ETR_NUS-NCA_MMCF,exports by truck,NCA,Canada,americas,0,
2016-04-15,2026-09-30,NGM_EPG0_ETR_NUS-NMX_MMCF,exports by truck,NMX,Mexico,americas,23,8.99
2016-04-15,2026-09-30,NGM_EPG0_ETR_NUS-Z00_MMCF,exports by truck,Z00,,,23,8.99
2016-04-15,2026-09-30,NGM_EPG0_EVE_NUS-NAC_MMCF,exports by vessel,NAC,Antigua and Barbuda,americas,,
2016-04-15,2026-09-30,NGM_EPG0_EVE_NUS-NAT_MMCF,exports by vessel,NAT,Argentina,americas,6310,4.16
2016-04-15,2026-09-30,NGM_EPG0_EVE_NUS-NBA_MMCF,exports by vessel,NBA,Bahrain,middle_east_africa,,
2016-04-15,2026-09-30,NGM_EPG0_EVE_NUS-NBB_MMCF,exports by vessel,NBB,Barbados,americas,3,10
2016-04-15,2026-09-30,NGM_EPG0_EVE_NUS-NBE_MMCF,exports by vessel,NBE,Belgium,europe,,
2016-04-15,2026-09-30,NGM_EPG0_EVE_NUS-NBF_MMCF,exports by vessel,NBF,Bahamas,americas,,
2016-04-15,2026-09-30,NGM_EPG0_EVE_NUS-NBG_MMCF,exports by vessel,NBG,Bangladesh,other_asia,,
2016-04-15,2026-09-30,NGM_EPG0_EVE_NUS-NBR_MMCF,exports by vessel,NBR,Brazil,americas,0,
2016-04-15,2026-09-30,NGM_EPG0_EVE_NUS-NCA_MMCF,exports by vessel,NCA,Canada,americas,,
2016-04-15,2026-09-30,NGM_EPG0_EVE_NUS-NCH_MMCF,exports by vessel,NCH,China,jkm_markets,0,
2016-04-15,2026-09-30,NGM_EPG0_EVE_NUS-NCI_MMCF,exports by vessel,NCI,Chile,americas,0,
2016-04-15,2026-09-30,NGM_EPG0_EVE_NUS-NCO_MMCF,exports by vessel,NCO,Colombia,americas,,
2016-04-15,2026-09-30,NGM_EPG0_EVE_NUS-NDR_MMCF,exports by vessel,NDR,Dominican Republic,americas,0,
2016-04-15,2026-09-30,NGM_EPG0_EVE_NUS-NEG_MMCF,exports by vessel,NEG,Egypt,middle_east_africa,0,
2016-04-15,2026-09-30,NGM_EPG0_EVE_NUS-NES_MMCF,exports by vessel,NES,El Salvador,americas,,
2016-04-15,2026-09-30,NGM_EPG0_EVE_NUS-NFI_MMCF,exports by vessel,NFI,Finland,europe,,
2016-04-15,2026-09-30,NGM_EPG0_EVE_NUS-NFR_MMCF,exports by vessel,NFR,France,europe,,
2016-04-15,2026-09-30,NGM_EPG0_EVE_NUS-NGM_MMCF,exports by vessel,NGM,Germany,europe,,
2016-04-15,2026-09-30,NGM_EPG0_EVE_NUS-NGR_MMCF,exports by vessel,NGR,Greece,europe,,
2016-04-15,2026-09-30,NGM_EPG0_EVE_NUS-NHA_MMCF,exports by vessel,NHA,Haiti,americas,,
2016-04-15,2026-09-30,NGM_EPG0_EVE_NUS-NHR_MMCF,exports by vessel,NHR,Croatia,europe,,
2016-04-15,2026-09-30,NGM_EPG0_EVE_NUS-NID_MMCF,exports by vessel,NID,Indonesia,other_asia,,
2016-04-15,2026-09-30,NGM_EPG0_EVE_NUS-NIN_MMCF,exports by vessel,NIN,India,other_asia,0,
2016-04-15,2026-09-30,NGM_EPG0_EVE_NUS-NIS_MMCF,exports by vessel,NIS,Israel,middle_east_africa,,
2016-04-15,2026-09-30,NGM_EPG0_EVE_NUS-NIT_MMCF,exports by vessel,NIT,Italy,europe,,
2016-04-15,2026-09-30,NGM_EPG0_EVE_NUS-NJA_MMCF,exports by vessel,NJA,Japan,jkm_markets,0,
2016-04-15,2026-09-30,NGM_EPG0_EVE_NUS-NJM_MMCF,exports by vessel,NJM,Jamaica,americas,,
2016-04-15,2026-09-30,NGM_EPG0_EVE_NUS-NJO_MMCF,exports by vessel,NJO,Jordan,middle_east_africa,0,
2016-04-15,2026-09-30,NGM_EPG0_EVE_NUS-NKS_MMCF,exports by vessel,NKS,South Korea,jkm_markets,0,
2016-04-15,2026-09-30,NGM_EPG0_EVE_NUS-NKU_MMCF,exports by vessel,NKU,Kuwait,middle_east_africa,0,
2016-04-15,2026-09-30,NGM_EPG0_EVE_NUS-NLH_MMCF,exports by vessel,NLH,Lithuania,europe,,
2016-04-15,2026-09-30,NGM_EPG0_EVE_NUS-NM6_MMCF,exports by vessel,NM6,Malta,europe,0,
2016-04-15,2026-09-30,NGM_EPG0_EVE_NUS-NMR_MMCF,exports by vessel,NMR,Mauritania,middle_east_africa,,
2016-04-15,2026-09-30,NGM_EPG0_EVE_NUS-NMX_MMCF,exports by vessel,NMX,Mexico,americas,0,
2016-04-15,2026-09-30,NGM_EPG0_EVE_NUS-NMY_MMCF,exports by vessel,NMY,Malaysia,other_asia,,
2016-04-15,2026-09-30,NGM_EPG0_EVE_NUS-NNL_MMCF,exports by vessel,NNL,Netherlands,europe,0,
2016-04-15,2026-09-30,NGM_EPG0_EVE_NUS-NNU_MMCF,exports by vessel,NNU,Nicaragua,americas,,
2016-04-15,2026-09-30,NGM_EPG0_EVE_NUS-NPK_MMCF,exports by vessel,NPK,Pakistan,other_asia,0,
2016-04-15,2026-09-30,NGM_EPG0_EVE_NUS-NPL_MMCF,exports by vessel,NPL,Poland,europe,0,
2016-04-15,2026-09-30,NGM_EPG0_EVE_NUS-NPM_MMCF,exports by vessel,NPM,Panama,americas,,
2016-04-15,2026-09-30,NGM_EPG0_EVE_NUS-NPO_MMCF,exports by vessel,NPO,Portugal,europe,3700,3.58
2016-04-15,2026-09-30,NGM_EPG0_EVE_NUS-NRP_MMCF,exports by vessel,NRP,Philippines,other_asia,,
2016-04-15,2026-09-30,NGM_EPG0_EVE_NUS-NRS_MMCF,exports by vessel,NRS,Russia,europe,0,
2016-04-15,2026-09-30,NGM_EPG0_EVE_NUS-NSG_MMCF,exports by vessel,NSG,Senegal,middle_east_africa,,
2016-04-15,2026-09-30,NGM_EPG0_EVE_NUS-NSN_MMCF,exports by vessel,NSN,Singapore,other_asia,,
2016-04-15,2026-09-30,NGM_EPG0_EVE_NUS-NSP_MMCF,exports by vessel,NSP,Spain,europe,0,
2016-04-15,2026-09-30,NGM_EPG0_EVE_NUS-NTC_MMCF,exports by vessel,NTC,United Arab Emirates,middle_east_africa,0,
2016-04-15,2026-09-30,NGM_EPG0_EVE_NUS-NTH_MMCF,exports by vessel,NTH,Thailand,other_asia,0,
2016-04-15,2026-09-30,NGM_EPG0_EVE_NUS-NTU_MMCF,exports by vessel,NTU,Turkiye,europe,0,
2016-04-15,2026-09-30,NGM_EPG0_EVE_NUS-NTW_MMCF,exports by vessel,NTW,Taiwan,jkm_markets,0,
2016-04-15,2026-09-30,NGM_EPG0_EVE_NUS-NUK_MMCF,exports by vessel,NUK,United Kingdom,europe,,
2016-04-15,2026-09-30,NGM_EPG0_EVE_NUS-Z00_MMCF,exports by vessel,Z00,,,10013,3.95
2016-04-15,2026-09-30,NGM_EPG0_EVT_NUS-Z00_MMCF,exports by vessel and truck,Z00,,,10036,3.96
2016-05-15,2026-09-30,N9133US2,LNG total including re-exports,Z00,,,9874,4.21
2016-05-15,2026-09-30,NGM_EPG0_ERE_NUS-NAT_MMCF,re-exports,NAT,Argentina,americas,0,
2016-05-15,2026-09-30,NGM_EPG0_ERE_NUS-NBR_MMCF,re-exports,NBR,Brazil,americas,0,
2016-05-15,2026-09-30,NGM_EPG0_ERE_NUS-NCH_MMCF,re-exports,NCH,China,jkm_markets,0,
2016-05-15,2026-09-30,NGM_EPG0_ERE_NUS-NCI_MMCF,re-exports,NCI,Chile,americas,0,
2016-05-15,2026-09-30,NGM_EPG0_ERE_NUS-NEG_MMCF,re-exports,NEG,Egypt,middle_east_africa,0,
2016-05-15,2026-09-30,NGM_EPG0_ERE_NUS-NIN_MMCF,re-exports,NIN,India,other_asia,0,
2016-05-15,2026-09-30,NGM_EPG0_ERE_NUS-NJA_MMCF,re-exports,NJA,Japan,jkm_markets,0,
2016-05-15,2026-09-30,NGM_EPG0_ERE_NUS-NKS_MMCF,re-exports,NKS,South Korea,jkm_markets,0,
2016-05-15,2026-09-30,NGM_EPG0_ERE_NUS-NMX_MMCF,re-exports,NMX,Mexico,americas,0,
2016-05-15,2026-09-30,NGM_EPG0_ERE_NUS-NPO_MMCF,re-exports,NPO,Portugal,europe,0,
2016-05-15,2026-09-30,NGM_EPG0_ERE_NUS-NSP_MMCF,re-exports,NSP,Spain,europe,0,
2016-05-15,2026-09-30,NGM_EPG0_ERE_NUS-NTU_MMCF,re-exports,NTU,Turkiye,europe,0,
2016-05-15,2026-09-30,NGM_EPG0_ERE_NUS-NUK_MMCF,re-exports,NUK,United Kingdom,europe,0,
2016-05-15,2026-09-30,NGM_EPG0_ERE_NUS-Z00_MMCF,re-exports,Z00,,,0,
2016-05-15,2026-09-30,NGM_EPG0_ETR_NUS-NCA_MMCF,exports by truck,NCA,Canada,americas,0,
2016-05-15,2026-09-30,NGM_EPG0_ETR_NUS-NMX_MMCF,exports by truck,NMX,Mexico,americas,33,9.67
2016-05-15,2026-09-30,NGM_EPG0_ETR_NUS-Z00_MMCF,exports by truck,Z00,,,33,9.67
2016-05-15,2026-09-30,NGM_EPG0_EVE_NUS-NAC_MMCF,exports by vessel,NAC,Antigua and Barbuda,americas,,
2016-05-15,2026-09-30,NGM_EPG0_EVE_NUS-NAT_MMCF,exports by vessel,NAT,Argentina,americas,0,
2016-05-15,2026-09-30,NGM_EPG0_EVE_NUS-NBA_MMCF,exports by vessel,NBA,Bahrain,middle_east_africa,,
2016-05-15,2026-09-30,NGM_EPG0_EVE_NUS-NBB_MMCF,exports by vessel,NBB,Barbados,americas,1,10
2016-05-15,2026-09-30,NGM_EPG0_EVE_NUS-NBE_MMCF,exports by vessel,NBE,Belgium,europe,,
2016-05-15,2026-09-30,NGM_EPG0_EVE_NUS-NBF_MMCF,exports by vessel,NBF,Bahamas,americas,,
2016-05-15,2026-09-30,NGM_EPG0_EVE_NUS-NBG_MMCF,exports by vessel,NBG,Bangladesh,other_asia,,
2016-05-15,2026-09-30,NGM_EPG0_EVE_NUS-NBR_MMCF,exports by vessel,NBR,Brazil,americas,0,
2016-05-15,2026-09-30,NGM_EPG0_EVE_NUS-NCA_MMCF,exports by vessel,NCA,Canada,americas,,
2016-05-15,2026-09-30,NGM_EPG0_EVE_NUS-NCH_MMCF,exports by vessel,NCH,China,jkm_markets,0,
2016-05-15,2026-09-30,NGM_EPG0_EVE_NUS-NCI_MMCF,exports by vessel,NCI,Chile,americas,6230,4.72
2016-05-15,2026-09-30,NGM_EPG0_EVE_NUS-NCO_MMCF,exports by vessel,NCO,Colombia,americas,,
2016-05-15,2026-09-30,NGM_EPG0_EVE_NUS-NDR_MMCF,exports by vessel,NDR,Dominican Republic,americas,0,
2016-05-15,2026-09-30,NGM_EPG0_EVE_NUS-NEG_MMCF,exports by vessel,NEG,Egypt,middle_east_africa,0,
2016-05-15,2026-09-30,NGM_EPG0_EVE_NUS-NES_MMCF,exports by vessel,NES,El Salvador,americas,,
2016-05-15,2026-09-30,NGM_EPG0_EVE_NUS-NFI_MMCF,exports by vessel,NFI,Finland,europe,,
2016-05-15,2026-09-30,NGM_EPG0_EVE_NUS-NFR_MMCF,exports by vessel,NFR,France,europe,,
2016-05-15,2026-09-30,NGM_EPG0_EVE_NUS-NGM_MMCF,exports by vessel,NGM,Germany,europe,,
2016-05-15,2026-09-30,NGM_EPG0_EVE_NUS-NGR_MMCF,exports by vessel,NGR,Greece,europe,,
2016-05-15,2026-09-30,NGM_EPG0_EVE_NUS-NHA_MMCF,exports by vessel,NHA,Haiti,americas,,
2016-05-15,2026-09-30,NGM_EPG0_EVE_NUS-NHR_MMCF,exports by vessel,NHR,Croatia,europe,,
2016-05-15,2026-09-30,NGM_EPG0_EVE_NUS-NID_MMCF,exports by vessel,NID,Indonesia,other_asia,,
2016-05-15,2026-09-30,NGM_EPG0_EVE_NUS-NIN_MMCF,exports by vessel,NIN,India,other_asia,0,
2016-05-15,2026-09-30,NGM_EPG0_EVE_NUS-NIS_MMCF,exports by vessel,NIS,Israel,middle_east_africa,,
2016-05-15,2026-09-30,NGM_EPG0_EVE_NUS-NIT_MMCF,exports by vessel,NIT,Italy,europe,,
2016-05-15,2026-09-30,NGM_EPG0_EVE_NUS-NJA_MMCF,exports by vessel,NJA,Japan,jkm_markets,0,
2016-05-15,2026-09-30,NGM_EPG0_EVE_NUS-NJM_MMCF,exports by vessel,NJM,Jamaica,americas,,
2016-05-15,2026-09-30,NGM_EPG0_EVE_NUS-NJO_MMCF,exports by vessel,NJO,Jordan,middle_east_africa,0,
2016-05-15,2026-09-30,NGM_EPG0_EVE_NUS-NKS_MMCF,exports by vessel,NKS,South Korea,jkm_markets,0,
2016-05-15,2026-09-30,NGM_EPG0_EVE_NUS-NKU_MMCF,exports by vessel,NKU,Kuwait,middle_east_africa,3610,3.27
2016-05-15,2026-09-30,NGM_EPG0_EVE_NUS-NLH_MMCF,exports by vessel,NLH,Lithuania,europe,,
2016-05-15,2026-09-30,NGM_EPG0_EVE_NUS-NM6_MMCF,exports by vessel,NM6,Malta,europe,0,
2016-05-15,2026-09-30,NGM_EPG0_EVE_NUS-NMR_MMCF,exports by vessel,NMR,Mauritania,middle_east_africa,,
2016-05-15,2026-09-30,NGM_EPG0_EVE_NUS-NMX_MMCF,exports by vessel,NMX,Mexico,americas,0,
2016-05-15,2026-09-30,NGM_EPG0_EVE_NUS-NMY_MMCF,exports by vessel,NMY,Malaysia,other_asia,,
2016-05-15,2026-09-30,NGM_EPG0_EVE_NUS-NNL_MMCF,exports by vessel,NNL,Netherlands,europe,0,
2016-05-15,2026-09-30,NGM_EPG0_EVE_NUS-NNU_MMCF,exports by vessel,NNU,Nicaragua,americas,,
2016-05-15,2026-09-30,NGM_EPG0_EVE_NUS-NPK_MMCF,exports by vessel,NPK,Pakistan,other_asia,0,
2016-05-15,2026-09-30,NGM_EPG0_EVE_NUS-NPL_MMCF,exports by vessel,NPL,Poland,europe,0,
2016-05-15,2026-09-30,NGM_EPG0_EVE_NUS-NPM_MMCF,exports by vessel,NPM,Panama,americas,,
2016-05-15,2026-09-30,NGM_EPG0_EVE_NUS-NPO_MMCF,exports by vessel,NPO,Portugal,europe,0,
2016-05-15,2026-09-30,NGM_EPG0_EVE_NUS-NRP_MMCF,exports by vessel,NRP,Philippines,other_asia,,
2016-05-15,2026-09-30,NGM_EPG0_EVE_NUS-NRS_MMCF,exports by vessel,NRS,Russia,europe,0,
2016-05-15,2026-09-30,NGM_EPG0_EVE_NUS-NSG_MMCF,exports by vessel,NSG,Senegal,middle_east_africa,,
2016-05-15,2026-09-30,NGM_EPG0_EVE_NUS-NSN_MMCF,exports by vessel,NSN,Singapore,other_asia,,
2016-05-15,2026-09-30,NGM_EPG0_EVE_NUS-NSP_MMCF,exports by vessel,NSP,Spain,europe,0,
2016-05-15,2026-09-30,NGM_EPG0_EVE_NUS-NTC_MMCF,exports by vessel,NTC,United Arab Emirates,middle_east_africa,0,
2016-05-15,2026-09-30,NGM_EPG0_EVE_NUS-NTH_MMCF,exports by vessel,NTH,Thailand,other_asia,0,
2016-05-15,2026-09-30,NGM_EPG0_EVE_NUS-NTU_MMCF,exports by vessel,NTU,Turkiye,europe,0,
2016-05-15,2026-09-30,NGM_EPG0_EVE_NUS-NTW_MMCF,exports by vessel,NTW,Taiwan,jkm_markets,0,
2016-05-15,2026-09-30,NGM_EPG0_EVE_NUS-NUK_MMCF,exports by vessel,NUK,United Kingdom,europe,,
2016-05-15,2026-09-30,NGM_EPG0_EVE_NUS-Z00_MMCF,exports by vessel,Z00,,,9841,4.19
2016-05-15,2026-09-30,NGM_EPG0_EVT_NUS-Z00_MMCF,exports by vessel and truck,Z00,,,9874,4.21
2016-06-15,2026-09-30,N9133US2,LNG total including re-exports,Z00,,,16445,4.72
2016-06-15,2026-09-30,NGM_EPG0_ERE_NUS-NAT_MMCF,re-exports,NAT,Argentina,americas,0,
2016-06-15,2026-09-30,NGM_EPG0_ERE_NUS-NBR_MMCF,re-exports,NBR,Brazil,americas,0,
2016-06-15,2026-09-30,NGM_EPG0_ERE_NUS-NCH_MMCF,re-exports,NCH,China,jkm_markets,0,
2016-06-15,2026-09-30,NGM_EPG0_ERE_NUS-NCI_MMCF,re-exports,NCI,Chile,americas,,
2016-06-15,2026-09-30,NGM_EPG0_ERE_NUS-NEG_MMCF,re-exports,NEG,Egypt,middle_east_africa,0,
2016-06-15,2026-09-30,NGM_EPG0_ERE_NUS-NIN_MMCF,re-exports,NIN,India,other_asia,0,
2016-06-15,2026-09-30,NGM_EPG0_ERE_NUS-NJA_MMCF,re-exports,NJA,Japan,jkm_markets,0,
2016-06-15,2026-09-30,NGM_EPG0_ERE_NUS-NKS_MMCF,re-exports,NKS,South Korea,jkm_markets,0,
2016-06-15,2026-09-30,NGM_EPG0_ERE_NUS-NMX_MMCF,re-exports,NMX,Mexico,americas,0,
2016-06-15,2026-09-30,NGM_EPG0_ERE_NUS-NPO_MMCF,re-exports,NPO,Portugal,europe,,
2016-06-15,2026-09-30,NGM_EPG0_ERE_NUS-NSP_MMCF,re-exports,NSP,Spain,europe,0,
2016-06-15,2026-09-30,NGM_EPG0_ERE_NUS-NTU_MMCF,re-exports,NTU,Turkiye,europe,0,
2016-06-15,2026-09-30,NGM_EPG0_ERE_NUS-NUK_MMCF,re-exports,NUK,United Kingdom,europe,0,
2016-06-15,2026-09-30,NGM_EPG0_ERE_NUS-Z00_MMCF,re-exports,Z00,,,0,
2016-06-15,2026-09-30,NGM_EPG0_ETR_NUS-NCA_MMCF,exports by truck,NCA,Canada,americas,0,
2016-06-15,2026-09-30,NGM_EPG0_ETR_NUS-NMX_MMCF,exports by truck,NMX,Mexico,americas,22,9.43
2016-06-15,2026-09-30,NGM_EPG0_ETR_NUS-Z00_MMCF,exports by truck,Z00,,,22,9.43
2016-06-15,2026-09-30,NGM_EPG0_EVE_NUS-NAC_MMCF,exports by vessel,NAC,Antigua and Barbuda,americas,,
2016-06-15,2026-09-30,NGM_EPG0_EVE_NUS-NAT_MMCF,exports by vessel,NAT,Argentina,americas,8161,4.71
2016-06-15,2026-09-30,NGM_EPG0_EVE_NUS-NBA_MMCF,exports by vessel,NBA,Bahrain,middle_east_africa,,
2016-06-15,2026-09-30,NGM_EPG0_EVE_NUS-NBB_MMCF,exports by vessel,NBB,Barbados,americas,2,10
2016-06-15,2026-09-30,NGM_EPG0_EVE_NUS-NBE_MMCF,exports by vessel,NBE,Belgium,europe,,
2016-06-15,2026-09-30,NGM_EPG0_EVE_NUS-NBF_MMCF,exports by vessel,NBF,Bahamas,americas,,
2016-06-15,2026-09-30,NGM_EPG0_EVE_NUS-NBG_MMCF,exports by vessel,NBG,Bangladesh,other_asia,,
2016-06-15,2026-09-30,NGM_EPG0_EVE_NUS-NBR_MMCF,exports by vessel,NBR,Brazil,americas,0,
2016-06-15,2026-09-30,NGM_EPG0_EVE_NUS-NCA_MMCF,exports by vessel,NCA,Canada,americas,,
2016-06-15,2026-09-30,NGM_EPG0_EVE_NUS-NCH_MMCF,exports by vessel,NCH,China,jkm_markets,0,
2016-06-15,2026-09-30,NGM_EPG0_EVE_NUS-NCI_MMCF,exports by vessel,NCI,Chile,americas,4643,4.69
2016-06-15,2026-09-30,NGM_EPG0_EVE_NUS-NCO_MMCF,exports by vessel,NCO,Colombia,americas,,
2016-06-15,2026-09-30,NGM_EPG0_EVE_NUS-NDR_MMCF,exports by vessel,NDR,Dominican Republic,americas,0,
2016-06-15,2026-09-30,NGM_EPG0_EVE_NUS-NEG_MMCF,exports by vessel,NEG,Egypt,middle_east_africa,0,
2016-06-15,2026-09-30,NGM_EPG0_EVE_NUS-NES_MMCF,exports by vessel,NES,El Salvador,americas,,
2016-06-15,2026-09-30,NGM_EPG0_EVE_NUS-NFI_MMCF,exports by vessel,NFI,Finland,europe,,
2016-06-15,2026-09-30,NGM_EPG0_EVE_NUS-NFR_MMCF,exports by vessel,NFR,France,europe,,
2016-06-15,2026-09-30,NGM_EPG0_EVE_NUS-NGM_MMCF,exports by vessel,NGM,Germany,europe,,
2016-06-15,2026-09-30,NGM_EPG0_EVE_NUS-NGR_MMCF,exports by vessel,NGR,Greece,europe,,
2016-06-15,2026-09-30,NGM_EPG0_EVE_NUS-NHA_MMCF,exports by vessel,NHA,Haiti,americas,,
2016-06-15,2026-09-30,NGM_EPG0_EVE_NUS-NHR_MMCF,exports by vessel,NHR,Croatia,europe,,
2016-06-15,2026-09-30,NGM_EPG0_EVE_NUS-NID_MMCF,exports by vessel,NID,Indonesia,other_asia,,
2016-06-15,2026-09-30,NGM_EPG0_EVE_NUS-NIN_MMCF,exports by vessel,NIN,India,other_asia,3617,4.77
2016-06-15,2026-09-30,NGM_EPG0_EVE_NUS-NIS_MMCF,exports by vessel,NIS,Israel,middle_east_africa,,
2016-06-15,2026-09-30,NGM_EPG0_EVE_NUS-NIT_MMCF,exports by vessel,NIT,Italy,europe,,
2016-06-15,2026-09-30,NGM_EPG0_EVE_NUS-NJA_MMCF,exports by vessel,NJA,Japan,jkm_markets,0,
2016-06-15,2026-09-30,NGM_EPG0_EVE_NUS-NJM_MMCF,exports by vessel,NJM,Jamaica,americas,,
2016-06-15,2026-09-30,NGM_EPG0_EVE_NUS-NJO_MMCF,exports by vessel,NJO,Jordan,middle_east_africa,0,
2016-06-15,2026-09-30,NGM_EPG0_EVE_NUS-NKS_MMCF,exports by vessel,NKS,South Korea,jkm_markets,0,
2016-06-15,2026-09-30,NGM_EPG0_EVE_NUS-NKU_MMCF,exports by vessel,NKU,Kuwait,middle_east_africa,0,
2016-06-15,2026-09-30,NGM_EPG0_EVE_NUS-NLH_MMCF,exports by vessel,NLH,Lithuania,europe,,
2016-06-15,2026-09-30,NGM_EPG0_EVE_NUS-NM6_MMCF,exports by vessel,NM6,Malta,europe,0,
2016-06-15,2026-09-30,NGM_EPG0_EVE_NUS-NMR_MMCF,exports by vessel,NMR,Mauritania,middle_east_africa,,
2016-06-15,2026-09-30,NGM_EPG0_EVE_NUS-NMX_MMCF,exports by vessel,NMX,Mexico,americas,0,
2016-06-15,2026-09-30,NGM_EPG0_EVE_NUS-NMY_MMCF,exports by vessel,NMY,Malaysia,other_asia,,
2016-06-15,2026-09-30,NGM_EPG0_EVE_NUS-NNL_MMCF,exports by vessel,NNL,Netherlands,europe,0,
2016-06-15,2026-09-30,NGM_EPG0_EVE_NUS-NNU_MMCF,exports by vessel,NNU,Nicaragua,americas,,
2016-06-15,2026-09-30,NGM_EPG0_EVE_NUS-NPK_MMCF,exports by vessel,NPK,Pakistan,other_asia,0,
2016-06-15,2026-09-30,NGM_EPG0_EVE_NUS-NPL_MMCF,exports by vessel,NPL,Poland,europe,0,
2016-06-15,2026-09-30,NGM_EPG0_EVE_NUS-NPM_MMCF,exports by vessel,NPM,Panama,americas,,
2016-06-15,2026-09-30,NGM_EPG0_EVE_NUS-NPO_MMCF,exports by vessel,NPO,Portugal,europe,0,
2016-06-15,2026-09-30,NGM_EPG0_EVE_NUS-NRP_MMCF,exports by vessel,NRP,Philippines,other_asia,,
2016-06-15,2026-09-30,NGM_EPG0_EVE_NUS-NRS_MMCF,exports by vessel,NRS,Russia,europe,0,
2016-06-15,2026-09-30,NGM_EPG0_EVE_NUS-NSG_MMCF,exports by vessel,NSG,Senegal,middle_east_africa,,
2016-06-15,2026-09-30,NGM_EPG0_EVE_NUS-NSN_MMCF,exports by vessel,NSN,Singapore,other_asia,,
2016-06-15,2026-09-30,NGM_EPG0_EVE_NUS-NSP_MMCF,exports by vessel,NSP,Spain,europe,0,
2016-06-15,2026-09-30,NGM_EPG0_EVE_NUS-NTC_MMCF,exports by vessel,NTC,United Arab Emirates,middle_east_africa,0,
2016-06-15,2026-09-30,NGM_EPG0_EVE_NUS-NTH_MMCF,exports by vessel,NTH,Thailand,other_asia,0,
2016-06-15,2026-09-30,NGM_EPG0_EVE_NUS-NTU_MMCF,exports by vessel,NTU,Turkiye,europe,0,
2016-06-15,2026-09-30,NGM_EPG0_EVE_NUS-NTW_MMCF,exports by vessel,NTW,Taiwan,jkm_markets,0,
2016-06-15,2026-09-30,NGM_EPG0_EVE_NUS-NUK_MMCF,exports by vessel,NUK,United Kingdom,europe,,
2016-06-15,2026-09-30,NGM_EPG0_EVE_NUS-Z00_MMCF,exports by vessel,Z00,,,16423,4.72
2016-06-15,2026-09-30,NGM_EPG0_EVT_NUS-Z00_MMCF,exports by vessel and truck,Z00,,,16445,4.72
2016-07-15,2026-09-30,N9133US2,LNG total including re-exports,Z00,,,15739,5.63
2016-07-15,2026-09-30,NGM_EPG0_ERE_NUS-NAT_MMCF,re-exports,NAT,Argentina,americas,0,
2016-07-15,2026-09-30,NGM_EPG0_ERE_NUS-NBR_MMCF,re-exports,NBR,Brazil,americas,0,
2016-07-15,2026-09-30,NGM_EPG0_ERE_NUS-NCH_MMCF,re-exports,NCH,China,jkm_markets,0,
2016-07-15,2026-09-30,NGM_EPG0_ERE_NUS-NCI_MMCF,re-exports,NCI,Chile,americas,,
2016-07-15,2026-09-30,NGM_EPG0_ERE_NUS-NEG_MMCF,re-exports,NEG,Egypt,middle_east_africa,0,
2016-07-15,2026-09-30,NGM_EPG0_ERE_NUS-NIN_MMCF,re-exports,NIN,India,other_asia,0,
2016-07-15,2026-09-30,NGM_EPG0_ERE_NUS-NJA_MMCF,re-exports,NJA,Japan,jkm_markets,0,
2016-07-15,2026-09-30,NGM_EPG0_ERE_NUS-NKS_MMCF,re-exports,NKS,South Korea,jkm_markets,0,
2016-07-15,2026-09-30,NGM_EPG0_ERE_NUS-NMX_MMCF,re-exports,NMX,Mexico,americas,0,
2016-07-15,2026-09-30,NGM_EPG0_ERE_NUS-NPO_MMCF,re-exports,NPO,Portugal,europe,,
2016-07-15,2026-09-30,NGM_EPG0_ERE_NUS-NSP_MMCF,re-exports,NSP,Spain,europe,0,
2016-07-15,2026-09-30,NGM_EPG0_ERE_NUS-NTU_MMCF,re-exports,NTU,Turkiye,europe,0,
2016-07-15,2026-09-30,NGM_EPG0_ERE_NUS-NUK_MMCF,re-exports,NUK,United Kingdom,europe,0,
2016-07-15,2026-09-30,NGM_EPG0_ERE_NUS-Z00_MMCF,re-exports,Z00,,,0,
2016-07-15,2026-09-30,NGM_EPG0_ETR_NUS-NCA_MMCF,exports by truck,NCA,Canada,americas,0,
2016-07-15,2026-09-30,NGM_EPG0_ETR_NUS-NMX_MMCF,exports by truck,NMX,Mexico,americas,28,9.76
2016-07-15,2026-09-30,NGM_EPG0_ETR_NUS-Z00_MMCF,exports by truck,Z00,,,28,9.76
2016-07-15,2026-09-30,NGM_EPG0_EVE_NUS-NAC_MMCF,exports by vessel,NAC,Antigua and Barbuda,americas,,
2016-07-15,2026-09-30,NGM_EPG0_EVE_NUS-NAT_MMCF,exports by vessel,NAT,Argentina,americas,0,
2016-07-15,2026-09-30,NGM_EPG0_EVE_NUS-NBA_MMCF,exports by vessel,NBA,Bahrain,middle_east_africa,,
2016-07-15,2026-09-30,NGM_EPG0_EVE_NUS-NBB_MMCF,exports by vessel,NBB,Barbados,americas,8,10
2016-07-15,2026-09-30,NGM_EPG0_EVE_NUS-NBE_MMCF,exports by vessel,NBE,Belgium,europe,,
2016-07-15,2026-09-30,NGM_EPG0_EVE_NUS-NBF_MMCF,exports by vessel,NBF,Bahamas,americas,,
2016-07-15,2026-09-30,NGM_EPG0_EVE_NUS-NBG_MMCF,exports by vessel,NBG,Bangladesh,other_asia,,
2016-07-15,2026-09-30,NGM_EPG0_EVE_NUS-NBR_MMCF,exports by vessel,NBR,Brazil,americas,0,
2016-07-15,2026-09-30,NGM_EPG0_EVE_NUS-NCA_MMCF,exports by vessel,NCA,Canada,americas,,
2016-07-15,2026-09-30,NGM_EPG0_EVE_NUS-NCH_MMCF,exports by vessel,NCH,China,jkm_markets,3132,5.66
2016-07-15,2026-09-30,NGM_EPG0_EVE_NUS-NCI_MMCF,exports by vessel,NCI,Chile,americas,6074,5.82
2016-07-15,2026-09-30,NGM_EPG0_EVE_NUS-NCO_MMCF,exports by vessel,NCO,Colombia,americas,,
2016-07-15,2026-09-30,NGM_EPG0_EVE_NUS-NDR_MMCF,exports by vessel,NDR,Dominican Republic,americas,0,
2016-07-15,2026-09-30,NGM_EPG0_EVE_NUS-NEG_MMCF,exports by vessel,NEG,Egypt,middle_east_africa,0,
2016-07-15,2026-09-30,NGM_EPG0_EVE_NUS-NES_MMCF,exports by vessel,NES,El Salvador,americas,,
2016-07-15,2026-09-30,NGM_EPG0_EVE_NUS-NFI_MMCF,exports by vessel,NFI,Finland,europe,,
2016-07-15,2026-09-30,NGM_EPG0_EVE_NUS-NFR_MMCF,exports by vessel,NFR,France,europe,,
2016-07-15,2026-09-30,NGM_EPG0_EVE_NUS-NGM_MMCF,exports by vessel,NGM,Germany,europe,,
2016-07-15,2026-09-30,NGM_EPG0_EVE_NUS-NGR_MMCF,exports by vessel,NGR,Greece,europe,,
2016-07-15,2026-09-30,NGM_EPG0_EVE_NUS-NHA_MMCF,exports by vessel,NHA,Haiti,americas,,
2016-07-15,2026-09-30,NGM_EPG0_EVE_NUS-NHR_MMCF,exports by vessel,NHR,Croatia,europe,,
2016-07-15,2026-09-30,NGM_EPG0_EVE_NUS-NID_MMCF,exports by vessel,NID,Indonesia,other_asia,,
2016-07-15,2026-09-30,NGM_EPG0_EVE_NUS-NIN_MMCF,exports by vessel,NIN,India,other_asia,0,
2016-07-15,2026-09-30,NGM_EPG0_EVE_NUS-NIS_MMCF,exports by vessel,NIS,Israel,middle_east_africa,,
2016-07-15,2026-09-30,NGM_EPG0_EVE_NUS-NIT_MMCF,exports by vessel,NIT,Italy,europe,,
2016-07-15,2026-09-30,NGM_EPG0_EVE_NUS-NJA_MMCF,exports by vessel,NJA,Japan,jkm_markets,0,
2016-07-15,2026-09-30,NGM_EPG0_EVE_NUS-NJM_MMCF,exports by vessel,NJM,Jamaica,americas,,
2016-07-15,2026-09-30,NGM_EPG0_EVE_NUS-NJO_MMCF,exports by vessel,NJO,Jordan,middle_east_africa,3566,5.81
2016-07-15,2026-09-30,NGM_EPG0_EVE_NUS-NKS_MMCF,exports by vessel,NKS,South Korea,jkm_markets,0,
2016-07-15,2026-09-30,NGM_EPG0_EVE_NUS-NKU_MMCF,exports by vessel,NKU,Kuwait,middle_east_africa,0,
2016-07-15,2026-09-30,NGM_EPG0_EVE_NUS-NLH_MMCF,exports by vessel,NLH,Lithuania,europe,,
2016-07-15,2026-09-30,NGM_EPG0_EVE_NUS-NM6_MMCF,exports by vessel,NM6,Malta,europe,0,
2016-07-15,2026-09-30,NGM_EPG0_EVE_NUS-NMR_MMCF,exports by vessel,NMR,Mauritania,middle_east_africa,,
2016-07-15,2026-09-30,NGM_EPG0_EVE_NUS-NMX_MMCF,exports by vessel,NMX,Mexico,americas,0,
2016-07-15,2026-09-30,NGM_EPG0_EVE_NUS-NMY_MMCF,exports by vessel,NMY,Malaysia,other_asia,,
2016-07-15,2026-09-30,NGM_EPG0_EVE_NUS-NNL_MMCF,exports by vessel,NNL,Netherlands,europe,0,
2016-07-15,2026-09-30,NGM_EPG0_EVE_NUS-NNU_MMCF,exports by vessel,NNU,Nicaragua,americas,,
2016-07-15,2026-09-30,NGM_EPG0_EVE_NUS-NPK_MMCF,exports by vessel,NPK,Pakistan,other_asia,0,
2016-07-15,2026-09-30,NGM_EPG0_EVE_NUS-NPL_MMCF,exports by vessel,NPL,Poland,europe,0,
2016-07-15,2026-09-30,NGM_EPG0_EVE_NUS-NPM_MMCF,exports by vessel,NPM,Panama,americas,,
2016-07-15,2026-09-30,NGM_EPG0_EVE_NUS-NPO_MMCF,exports by vessel,NPO,Portugal,europe,0,
2016-07-15,2026-09-30,NGM_EPG0_EVE_NUS-NRP_MMCF,exports by vessel,NRP,Philippines,other_asia,,
2016-07-15,2026-09-30,NGM_EPG0_EVE_NUS-NRS_MMCF,exports by vessel,NRS,Russia,europe,0,
2016-07-15,2026-09-30,NGM_EPG0_EVE_NUS-NSG_MMCF,exports by vessel,NSG,Senegal,middle_east_africa,,
2016-07-15,2026-09-30,NGM_EPG0_EVE_NUS-NSN_MMCF,exports by vessel,NSN,Singapore,other_asia,,
2016-07-15,2026-09-30,NGM_EPG0_EVE_NUS-NSP_MMCF,exports by vessel,NSP,Spain,europe,2930,4.92
2016-07-15,2026-09-30,NGM_EPG0_EVE_NUS-NTC_MMCF,exports by vessel,NTC,United Arab Emirates,middle_east_africa,0,
2016-07-15,2026-09-30,NGM_EPG0_EVE_NUS-NTH_MMCF,exports by vessel,NTH,Thailand,other_asia,0,
2016-07-15,2026-09-30,NGM_EPG0_EVE_NUS-NTU_MMCF,exports by vessel,NTU,Turkiye,europe,0,
2016-07-15,2026-09-30,NGM_EPG0_EVE_NUS-NTW_MMCF,exports by vessel,NTW,Taiwan,jkm_markets,0,
2016-07-15,2026-09-30,NGM_EPG0_EVE_NUS-NUK_MMCF,exports by vessel,NUK,United Kingdom,europe,,
2016-07-15,2026-09-30,NGM_EPG0_EVE_NUS-Z00_MMCF,exports by vessel,Z00,,,15711,5.62
2016-07-15,2026-09-30,NGM_EPG0_EVT_NUS-Z00_MMCF,exports by vessel and truck,Z00,,,15739,5.63
2016-08-15,2026-09-30,N9133US2,LNG total including re-exports,Z00,,,26768,5.13
2016-08-15,2026-09-30,NGM_EPG0_ERE_NUS-NAT_MMCF,re-exports,NAT,Argentina,americas,612,4.51
2016-08-15,2026-09-30,NGM_EPG0_ERE_NUS-NBR_MMCF,re-exports,NBR,Brazil,americas,142,4.57
2016-08-15,2026-09-30,NGM_EPG0_ERE_NUS-NCH_MMCF,re-exports,NCH,China,jkm_markets,0,
2016-08-15,2026-09-30,NGM_EPG0_ERE_NUS-NCI_MMCF,re-exports,NCI,Chile,americas,,
2016-08-15,2026-09-30,NGM_EPG0_ERE_NUS-NEG_MMCF,re-exports,NEG,Egypt,middle_east_africa,0,
2016-08-15,2026-09-30,NGM_EPG0_ERE_NUS-NIN_MMCF,re-exports,NIN,India,other_asia,0,
2016-08-15,2026-09-30,NGM_EPG0_ERE_NUS-NJA_MMCF,re-exports,NJA,Japan,jkm_markets,0,
2016-08-15,2026-09-30,NGM_EPG0_ERE_NUS-NKS_MMCF,re-exports,NKS,South Korea,jkm_markets,0,
2016-08-15,2026-09-30,NGM_EPG0_ERE_NUS-NMX_MMCF,re-exports,NMX,Mexico,americas,0,
2016-08-15,2026-09-30,NGM_EPG0_ERE_NUS-NPO_MMCF,re-exports,NPO,Portugal,europe,,
2016-08-15,2026-09-30,NGM_EPG0_ERE_NUS-NSP_MMCF,re-exports,NSP,Spain,europe,0,
2016-08-15,2026-09-30,NGM_EPG0_ERE_NUS-NTU_MMCF,re-exports,NTU,Turkiye,europe,0,
2016-08-15,2026-09-30,NGM_EPG0_ERE_NUS-NUK_MMCF,re-exports,NUK,United Kingdom,europe,0,
2016-08-15,2026-09-30,NGM_EPG0_ERE_NUS-Z00_MMCF,re-exports,Z00,,,754,4.52
2016-08-15,2026-09-30,NGM_EPG0_ETR_NUS-NCA_MMCF,exports by truck,NCA,Canada,americas,0,
2016-08-15,2026-09-30,NGM_EPG0_ETR_NUS-NMX_MMCF,exports by truck,NMX,Mexico,americas,30,9.72
2016-08-15,2026-09-30,NGM_EPG0_ETR_NUS-Z00_MMCF,exports by truck,Z00,,,30,9.72
2016-08-15,2026-09-30,NGM_EPG0_EVE_NUS-NAC_MMCF,exports by vessel,NAC,Antigua and Barbuda,americas,,
2016-08-15,2026-09-30,NGM_EPG0_EVE_NUS-NAT_MMCF,exports by vessel,NAT,Argentina,americas,2190,4.51
2016-08-15,2026-09-30,NGM_EPG0_EVE_NUS-NBA_MMCF,exports by vessel,NBA,Bahrain,middle_east_africa,,
2016-08-15,2026-09-30,NGM_EPG0_EVE_NUS-NBB_MMCF,exports by vessel,NBB,Barbados,americas,11,10
2016-08-15,2026-09-30,NGM_EPG0_EVE_NUS-NBE_MMCF,exports by vessel,NBE,Belgium,europe,,
2016-08-15,2026-09-30,NGM_EPG0_EVE_NUS-NBF_MMCF,exports by vessel,NBF,Bahamas,americas,,
2016-08-15,2026-09-30,NGM_EPG0_EVE_NUS-NBG_MMCF,exports by vessel,NBG,Bangladesh,other_asia,,
2016-08-15,2026-09-30,NGM_EPG0_EVE_NUS-NBR_MMCF,exports by vessel,NBR,Brazil,americas,3933,5.29
2016-08-15,2026-09-30,NGM_EPG0_EVE_NUS-NCA_MMCF,exports by vessel,NCA,Canada,americas,,
2016-08-15,2026-09-30,NGM_EPG0_EVE_NUS-NCH_MMCF,exports by vessel,NCH,China,jkm_markets,0,
2016-08-15,2026-09-30,NGM_EPG0_EVE_NUS-NCI_MMCF,exports by vessel,NCI,Chile,americas,9518,5.53
2016-08-15,2026-09-30,NGM_EPG0_EVE_NUS-NCO_MMCF,exports by vessel,NCO,Colombia,americas,,
2016-08-15,2026-09-30,NGM_EPG0_EVE_NUS-NDR_MMCF,exports by vessel,NDR,Dominican Republic,americas,2945,5.41
2016-08-15,2026-09-30,NGM_EPG0_EVE_NUS-NEG_MMCF,exports by vessel,NEG,Egypt,middle_east_africa,0,
2016-08-15,2026-09-30,NGM_EPG0_EVE_NUS-NES_MMCF,exports by vessel,NES,El Salvador,americas,,
2016-08-15,2026-09-30,NGM_EPG0_EVE_NUS-NFI_MMCF,exports by vessel,NFI,Finland,europe,,
2016-08-15,2026-09-30,NGM_EPG0_EVE_NUS-NFR_MMCF,exports by vessel,NFR,France,europe,,
2016-08-15,2026-09-30,NGM_EPG0_EVE_NUS-NGM_MMCF,exports by vessel,NGM,Germany,europe,,
2016-08-15,2026-09-30,NGM_EPG0_EVE_NUS-NGR_MMCF,exports by vessel,NGR,Greece,europe,,
2016-08-15,2026-09-30,NGM_EPG0_EVE_NUS-NHA_MMCF,exports by vessel,NHA,Haiti,americas,,
2016-08-15,2026-09-30,NGM_EPG0_EVE_NUS-NHR_MMCF,exports by vessel,NHR,Croatia,europe,,
2016-08-15,2026-09-30,NGM_EPG0_EVE_NUS-NID_MMCF,exports by vessel,NID,Indonesia,other_asia,,
2016-08-15,2026-09-30,NGM_EPG0_EVE_NUS-NIN_MMCF,exports by vessel,NIN,India,other_asia,3701,5.01
2016-08-15,2026-09-30,NGM_EPG0_EVE_NUS-NIS_MMCF,exports by vessel,NIS,Israel,middle_east_africa,,
2016-08-15,2026-09-30,NGM_EPG0_EVE_NUS-NIT_MMCF,exports by vessel,NIT,Italy,europe,,
2016-08-15,2026-09-30,NGM_EPG0_EVE_NUS-NJA_MMCF,exports by vessel,NJA,Japan,jkm_markets,0,
2016-08-15,2026-09-30,NGM_EPG0_EVE_NUS-NJM_MMCF,exports by vessel,NJM,Jamaica,americas,,
2016-08-15,2026-09-30,NGM_EPG0_EVE_NUS-NJO_MMCF,exports by vessel,NJO,Jordan,middle_east_africa,0,
2016-08-15,2026-09-30,NGM_EPG0_EVE_NUS-NKS_MMCF,exports by vessel,NKS,South Korea,jkm_markets,0,
2016-08-15,2026-09-30,NGM_EPG0_EVE_NUS-NKU_MMCF,exports by vessel,NKU,Kuwait,middle_east_africa,0,
2016-08-15,2026-09-30,NGM_EPG0_EVE_NUS-NLH_MMCF,exports by vessel,NLH,Lithuania,europe,,
2016-08-15,2026-09-30,NGM_EPG0_EVE_NUS-NM6_MMCF,exports by vessel,NM6,Malta,europe,0,
2016-08-15,2026-09-30,NGM_EPG0_EVE_NUS-NMR_MMCF,exports by vessel,NMR,Mauritania,middle_east_africa,,
2016-08-15,2026-09-30,NGM_EPG0_EVE_NUS-NMX_MMCF,exports by vessel,NMX,Mexico,americas,3686,4.23
2016-08-15,2026-09-30,NGM_EPG0_EVE_NUS-NMY_MMCF,exports by vessel,NMY,Malaysia,other_asia,,
2016-08-15,2026-09-30,NGM_EPG0_EVE_NUS-NNL_MMCF,exports by vessel,NNL,Netherlands,europe,0,
2016-08-15,2026-09-30,NGM_EPG0_EVE_NUS-NNU_MMCF,exports by vessel,NNU,Nicaragua,americas,,
2016-08-15,2026-09-30,NGM_EPG0_EVE_NUS-NPK_MMCF,exports by vessel,NPK,Pakistan,other_asia,0,
2016-08-15,2026-09-30,NGM_EPG0_EVE_NUS-NPL_MMCF,exports by vessel,NPL,Poland,europe,0,
2016-08-15,2026-09-30,NGM_EPG0_EVE_NUS-NPM_MMCF,exports by vessel,NPM,Panama,americas,,
2016-08-15,2026-09-30,NGM_EPG0_EVE_NUS-NPO_MMCF,exports by vessel,NPO,Portugal,europe,0,
2016-08-15,2026-09-30,NGM_EPG0_EVE_NUS-NRP_MMCF,exports by vessel,NRP,Philippines,other_asia,,
2016-08-15,2026-09-30,NGM_EPG0_EVE_NUS-NRS_MMCF,exports by vessel,NRS,Russia,europe,0,
2016-08-15,2026-09-30,NGM_EPG0_EVE_NUS-NSG_MMCF,exports by vessel,NSG,Senegal,middle_east_africa,,
2016-08-15,2026-09-30,NGM_EPG0_EVE_NUS-NSN_MMCF,exports by vessel,NSN,Singapore,other_asia,,
2016-08-15,2026-09-30,NGM_EPG0_EVE_NUS-NSP_MMCF,exports by vessel,NSP,Spain,europe,0,
2016-08-15,2026-09-30,NGM_EPG0_EVE_NUS-NTC_MMCF,exports by vessel,NTC,United Arab Emirates,middle_east_africa,0,
2016-08-15,2026-09-30,NGM_EPG0_EVE_NUS-NTH_MMCF,exports by vessel,NTH,Thailand,other_asia,0,
2016-08-15,2026-09-30,NGM_EPG0_EVE_NUS-NTU_MMCF,exports by vessel,NTU,Turkiye,europe,0,
2016-08-15,2026-09-30,NGM_EPG0_EVE_NUS-NTW_MMCF,exports by vessel,NTW,Taiwan,jkm_markets,0,
2016-08-15,2026-09-30,NGM_EPG0_EVE_NUS-NUK_MMCF,exports by vessel,NUK,United Kingdom,europe,,
2016-08-15,2026-09-30,NGM_EPG0_EVE_NUS-Z00_MMCF,exports by vessel,Z00,,,25984,5.14
2016-08-15,2026-09-30,NGM_EPG0_EVT_NUS-Z00_MMCF,exports by vessel and truck,Z00,,,26014,5.14
2016-09-15,2026-09-30,N9133US2,LNG total including re-exports,Z00,,,16764,5.11
2016-09-15,2026-09-30,NGM_EPG0_ERE_NUS-NAT_MMCF,re-exports,NAT,Argentina,americas,0,
2016-09-15,2026-09-30,NGM_EPG0_ERE_NUS-NBR_MMCF,re-exports,NBR,Brazil,americas,0,
2016-09-15,2026-09-30,NGM_EPG0_ERE_NUS-NCH_MMCF,re-exports,NCH,China,jkm_markets,0,
2016-09-15,2026-09-30,NGM_EPG0_ERE_NUS-NCI_MMCF,re-exports,NCI,Chile,americas,,
2016-09-15,2026-09-30,NGM_EPG0_ERE_NUS-NEG_MMCF,re-exports,NEG,Egypt,middle_east_africa,0,
2016-09-15,2026-09-30,NGM_EPG0_ERE_NUS-NIN_MMCF,re-exports,NIN,India,other_asia,0,
2016-09-15,2026-09-30,NGM_EPG0_ERE_NUS-NJA_MMCF,re-exports,NJA,Japan,jkm_markets,0,
2016-09-15,2026-09-30,NGM_EPG0_ERE_NUS-NKS_MMCF,re-exports,NKS,South Korea,jkm_markets,0,
2016-09-15,2026-09-30,NGM_EPG0_ERE_NUS-NMX_MMCF,re-exports,NMX,Mexico,americas,0,
2016-09-15,2026-09-30,NGM_EPG0_ERE_NUS-NPO_MMCF,re-exports,NPO,Portugal,europe,,
2016-09-15,2026-09-30,NGM_EPG0_ERE_NUS-NSP_MMCF,re-exports,NSP,Spain,europe,0,
2016-09-15,2026-09-30,NGM_EPG0_ERE_NUS-NTU_MMCF,re-exports,NTU,Turkiye,europe,0,
2016-09-15,2026-09-30,NGM_EPG0_ERE_NUS-NUK_MMCF,re-exports,NUK,United Kingdom,europe,0,
2016-09-15,2026-09-30,NGM_EPG0_ERE_NUS-Z00_MMCF,re-exports,Z00,,,0,
2016-09-15,2026-09-30,NGM_EPG0_ETR_NUS-NCA_MMCF,exports by truck,NCA,Canada,americas,0,
2016-09-15,2026-09-30,NGM_EPG0_ETR_NUS-NMX_MMCF,exports by truck,NMX,Mexico,americas,35,9.78
2016-09-15,2026-09-30,NGM_EPG0_ETR_NUS-Z00_MMCF,exports by truck,Z00,,,35,9.78
2016-09-15,2026-09-30,NGM_EPG0_EVE_NUS-NAC_MMCF,exports by vessel,NAC,Antigua and Barbuda,americas,,
2016-09-15,2026-09-30,NGM_EPG0_EVE_NUS-NAT_MMCF,exports by vessel,NAT,Argentina,americas,0,
2016-09-15,2026-09-30,NGM_EPG0_EVE_NUS-NBA_MMCF,exports by vessel,NBA,Bahrain,middle_east_africa,,
2016-09-15,2026-09-30,NGM_EPG0_EVE_NUS-NBB_MMCF,exports by vessel,NBB,Barbados,americas,14,10
2016-09-15,2026-09-30,NGM_EPG0_EVE_NUS-NBE_MMCF,exports by vessel,NBE,Belgium,europe,,
2016-09-15,2026-09-30,NGM_EPG0_EVE_NUS-NBF_MMCF,exports by vessel,NBF,Bahamas,americas,,
2016-09-15,2026-09-30,NGM_EPG0_EVE_NUS-NBG_MMCF,exports by vessel,NBG,Bangladesh,other_asia,,
2016-09-15,2026-09-30,NGM_EPG0_EVE_NUS-NBR_MMCF,exports by vessel,NBR,Brazil,americas,0,
2016-09-15,2026-09-30,NGM_EPG0_EVE_NUS-NCA_MMCF,exports by vessel,NCA,Canada,americas,,
2016-09-15,2026-09-30,NGM_EPG0_EVE_NUS-NCH_MMCF,exports by vessel,NCH,China,jkm_markets,0,
2016-09-15,2026-09-30,NGM_EPG0_EVE_NUS-NCI_MMCF,exports by vessel,NCI,Chile,americas,0,
2016-09-15,2026-09-30,NGM_EPG0_EVE_NUS-NCO_MMCF,exports by vessel,NCO,Colombia,americas,,
2016-09-15,2026-09-30,NGM_EPG0_EVE_NUS-NDR_MMCF,exports by vessel,NDR,Dominican Republic,americas,0,
2016-09-15,2026-09-30,NGM_EPG0_EVE_NUS-NEG_MMCF,exports by vessel,NEG,Egypt,middle_east_africa,0,
2016-09-15,2026-09-30,NGM_EPG0_EVE_NUS-NES_MMCF,exports by vessel,NES,El Salvador,americas,,
2016-09-15,2026-09-30,NGM_EPG0_EVE_NUS-NFI_MMCF,exports by vessel,NFI,Finland,europe,,
2016-09-15,2026-09-30,NGM_EPG0_EVE_NUS-NFR_MMCF,exports by vessel,NFR,France,europe,,
2016-09-15,2026-09-30,NGM_EPG0_EVE_NUS-NGM_MMCF,exports by vessel,NGM,Germany,europe,,
2016-09-15,2026-09-30,NGM_EPG0_EVE_NUS-NGR_MMCF,exports by vessel,NGR,Greece,europe,,
2016-09-15,2026-09-30,NGM_EPG0_EVE_NUS-NHA_MMCF,exports by vessel,NHA,Haiti,americas,,
2016-09-15,2026-09-30,NGM_EPG0_EVE_NUS-NHR_MMCF,exports by vessel,NHR,Croatia,europe,,
2016-09-15,2026-09-30,NGM_EPG0_EVE_NUS-NID_MMCF,exports by vessel,NID,Indonesia,other_asia,,
2016-09-15,2026-09-30,NGM_EPG0_EVE_NUS-NIN_MMCF,exports by vessel,NIN,India,other_asia,3639,5
2016-09-15,2026-09-30,NGM_EPG0_EVE_NUS-NIS_MMCF,exports by vessel,NIS,Israel,middle_east_africa,,
2016-09-15,2026-09-30,NGM_EPG0_EVE_NUS-NIT_MMCF,exports by vessel,NIT,Italy,europe,,
2016-09-15,2026-09-30,NGM_EPG0_EVE_NUS-NJA_MMCF,exports by vessel,NJA,Japan,jkm_markets,0,
2016-09-15,2026-09-30,NGM_EPG0_EVE_NUS-NJM_MMCF,exports by vessel,NJM,Jamaica,americas,,
2016-09-15,2026-09-30,NGM_EPG0_EVE_NUS-NJO_MMCF,exports by vessel,NJO,Jordan,middle_east_africa,3362,5.74
2016-09-15,2026-09-30,NGM_EPG0_EVE_NUS-NKS_MMCF,exports by vessel,NKS,South Korea,jkm_markets,0,
2016-09-15,2026-09-30,NGM_EPG0_EVE_NUS-NKU_MMCF,exports by vessel,NKU,Kuwait,middle_east_africa,3458,5.58
2016-09-15,2026-09-30,NGM_EPG0_EVE_NUS-NLH_MMCF,exports by vessel,NLH,Lithuania,europe,,
2016-09-15,2026-09-30,NGM_EPG0_EVE_NUS-NM6_MMCF,exports by vessel,NM6,Malta,europe,0,
2016-09-15,2026-09-30,NGM_EPG0_EVE_NUS-NMR_MMCF,exports by vessel,NMR,Mauritania,middle_east_africa,,
2016-09-15,2026-09-30,NGM_EPG0_EVE_NUS-NMX_MMCF,exports by vessel,NMX,Mexico,americas,3315,5.53
2016-09-15,2026-09-30,NGM_EPG0_EVE_NUS-NMY_MMCF,exports by vessel,NMY,Malaysia,other_asia,,
2016-09-15,2026-09-30,NGM_EPG0_EVE_NUS-NNL_MMCF,exports by vessel,NNL,Netherlands,europe,0,
2016-09-15,2026-09-30,NGM_EPG0_EVE_NUS-NNU_MMCF,exports by vessel,NNU,Nicaragua,americas,,
2016-09-15,2026-09-30,NGM_EPG0_EVE_NUS-NPK_MMCF,exports by vessel,NPK,Pakistan,other_asia,0,
2016-09-15,2026-09-30,NGM_EPG0_EVE_NUS-NPL_MMCF,exports by vessel,NPL,Poland,europe,0,
2016-09-15,2026-09-30,NGM_EPG0_EVE_NUS-NPM_MMCF,exports by vessel,NPM,Panama,americas,,
2016-09-15,2026-09-30,NGM_EPG0_EVE_NUS-NPO_MMCF,exports by vessel,NPO,Portugal,europe,0,
2016-09-15,2026-09-30,NGM_EPG0_EVE_NUS-NRP_MMCF,exports by vessel,NRP,Philippines,other_asia,,
2016-09-15,2026-09-30,NGM_EPG0_EVE_NUS-NRS_MMCF,exports by vessel,NRS,Russia,europe,0,
2016-09-15,2026-09-30,NGM_EPG0_EVE_NUS-NSG_MMCF,exports by vessel,NSG,Senegal,middle_east_africa,,
2016-09-15,2026-09-30,NGM_EPG0_EVE_NUS-NSN_MMCF,exports by vessel,NSN,Singapore,other_asia,,
2016-09-15,2026-09-30,NGM_EPG0_EVE_NUS-NSP_MMCF,exports by vessel,NSP,Spain,europe,0,
2016-09-15,2026-09-30,NGM_EPG0_EVE_NUS-NTC_MMCF,exports by vessel,NTC,United Arab Emirates,middle_east_africa,0,
2016-09-15,2026-09-30,NGM_EPG0_EVE_NUS-NTH_MMCF,exports by vessel,NTH,Thailand,other_asia,0,
2016-09-15,2026-09-30,NGM_EPG0_EVE_NUS-NTU_MMCF,exports by vessel,NTU,Turkiye,europe,2941,3.41
2016-09-15,2026-09-30,NGM_EPG0_EVE_NUS-NTW_MMCF,exports by vessel,NTW,Taiwan,jkm_markets,0,
2016-09-15,2026-09-30,NGM_EPG0_EVE_NUS-NUK_MMCF,exports by vessel,NUK,United Kingdom,europe,,
2016-09-15,2026-09-30,NGM_EPG0_EVE_NUS-Z00_MMCF,exports by vessel,Z00,,,16729,5.1
2016-09-15,2026-09-30,NGM_EPG0_EVT_NUS-Z00_MMCF,exports by vessel and truck,Z00,,,16764,5.11
2016-10-15,2026-09-30,N9133US2,LNG total including re-exports,Z00,,,3000,3.65
2016-10-15,2026-09-30,NGM_EPG0_ERE_NUS-NAT_MMCF,re-exports,NAT,Argentina,americas,0,
2016-10-15,2026-09-30,NGM_EPG0_ERE_NUS-NBR_MMCF,re-exports,NBR,Brazil,americas,0,
2016-10-15,2026-09-30,NGM_EPG0_ERE_NUS-NCH_MMCF,re-exports,NCH,China,jkm_markets,0,
2016-10-15,2026-09-30,NGM_EPG0_ERE_NUS-NCI_MMCF,re-exports,NCI,Chile,americas,,
2016-10-15,2026-09-30,NGM_EPG0_ERE_NUS-NEG_MMCF,re-exports,NEG,Egypt,middle_east_africa,0,
2016-10-15,2026-09-30,NGM_EPG0_ERE_NUS-NIN_MMCF,re-exports,NIN,India,other_asia,0,
2016-10-15,2026-09-30,NGM_EPG0_ERE_NUS-NJA_MMCF,re-exports,NJA,Japan,jkm_markets,0,
2016-10-15,2026-09-30,NGM_EPG0_ERE_NUS-NKS_MMCF,re-exports,NKS,South Korea,jkm_markets,0,
2016-10-15,2026-09-30,NGM_EPG0_ERE_NUS-NMX_MMCF,re-exports,NMX,Mexico,americas,0,
2016-10-15,2026-09-30,NGM_EPG0_ERE_NUS-NPO_MMCF,re-exports,NPO,Portugal,europe,,
2016-10-15,2026-09-30,NGM_EPG0_ERE_NUS-NSP_MMCF,re-exports,NSP,Spain,europe,0,
2016-10-15,2026-09-30,NGM_EPG0_ERE_NUS-NTU_MMCF,re-exports,NTU,Turkiye,europe,0,
2016-10-15,2026-09-30,NGM_EPG0_ERE_NUS-NUK_MMCF,re-exports,NUK,United Kingdom,europe,0,
2016-10-15,2026-09-30,NGM_EPG0_ERE_NUS-Z00_MMCF,re-exports,Z00,,,0,
2016-10-15,2026-09-30,NGM_EPG0_ETR_NUS-NCA_MMCF,exports by truck,NCA,Canada,americas,1,7.7
2016-10-15,2026-09-30,NGM_EPG0_ETR_NUS-NMX_MMCF,exports by truck,NMX,Mexico,americas,42,10.06
2016-10-15,2026-09-30,NGM_EPG0_ETR_NUS-Z00_MMCF,exports by truck,Z00,,,43,10.02
2016-10-15,2026-09-30,NGM_EPG0_EVE_NUS-NAC_MMCF,exports by vessel,NAC,Antigua and Barbuda,americas,,
2016-10-15,2026-09-30,NGM_EPG0_EVE_NUS-NAT_MMCF,exports by vessel,NAT,Argentina,americas,0,
2016-10-15,2026-09-30,NGM_EPG0_EVE_NUS-NBA_MMCF,exports by vessel,NBA,Bahrain,middle_east_africa,,
2016-10-15,2026-09-30,NGM_EPG0_EVE_NUS-NBB_MMCF,exports by vessel,NBB,Barbados,americas,15,10
2016-10-15,2026-09-30,NGM_EPG0_EVE_NUS-NBE_MMCF,exports by vessel,NBE,Belgium,europe,,
2016-10-15,2026-09-30,NGM_EPG0_EVE_NUS-NBF_MMCF,exports by vessel,NBF,Bahamas,americas,,
2016-10-15,2026-09-30,NGM_EPG0_EVE_NUS-NBG_MMCF,exports by vessel,NBG,Bangladesh,other_asia,,
2016-10-15,2026-09-30,NGM_EPG0_EVE_NUS-NBR_MMCF,exports by vessel,NBR,Brazil,americas,0,
2016-10-15,2026-09-30,NGM_EPG0_EVE_NUS-NCA_MMCF,exports by vessel,NCA,Canada,americas,,
2016-10-15,2026-09-30,NGM_EPG0_EVE_NUS-NCH_MMCF,exports by vessel,NCH,China,jkm_markets,0,
2016-10-15,2026-09-30,NGM_EPG0_EVE_NUS-NCI_MMCF,exports by vessel,NCI,Chile,americas,0,
2016-10-15,2026-09-30,NGM_EPG0_EVE_NUS-NCO_MMCF,exports by vessel,NCO,Colombia,americas,,
2016-10-15,2026-09-30,NGM_EPG0_EVE_NUS-NDR_MMCF,exports by vessel,NDR,Dominican Republic,americas,0,
2016-10-15,2026-09-30,NGM_EPG0_EVE_NUS-NEG_MMCF,exports by vessel,NEG,Egypt,middle_east_africa,0,
2016-10-15,2026-09-30,NGM_EPG0_EVE_NUS-NES_MMCF,exports by vessel,NES,El Salvador,americas,,
2016-10-15,2026-09-30,NGM_EPG0_EVE_NUS-NFI_MMCF,exports by vessel,NFI,Finland,europe,,
2016-10-15,2026-09-30,NGM_EPG0_EVE_NUS-NFR_MMCF,exports by vessel,NFR,France,europe,,
2016-10-15,2026-09-30,NGM_EPG0_EVE_NUS-NGM_MMCF,exports by vessel,NGM,Germany,europe,,
2016-10-15,2026-09-30,NGM_EPG0_EVE_NUS-NGR_MMCF,exports by vessel,NGR,Greece,europe,,
2016-10-15,2026-09-30,NGM_EPG0_EVE_NUS-NHA_MMCF,exports by vessel,NHA,Haiti,americas,,
2016-10-15,2026-09-30,NGM_EPG0_EVE_NUS-NHR_MMCF,exports by vessel,NHR,Croatia,europe,,
2016-10-15,2026-09-30,NGM_EPG0_EVE_NUS-NID_MMCF,exports by vessel,NID,Indonesia,other_asia,,
2016-10-15,2026-09-30,NGM_EPG0_EVE_NUS-NIN_MMCF,exports by vessel,NIN,India,other_asia,0,
2016-10-15,2026-09-30,NGM_EPG0_EVE_NUS-NIS_MMCF,exports by vessel,NIS,Israel,middle_east_africa,,
2016-10-15,2026-09-30,NGM_EPG0_EVE_NUS-NIT_MMCF,exports by vessel,NIT,Italy,europe,,
2016-10-15,2026-09-30,NGM_EPG0_EVE_NUS-NJA_MMCF,exports by vessel,NJA,Japan,jkm_markets,0,
2016-10-15,2026-09-30,NGM_EPG0_EVE_NUS-NJM_MMCF,exports by vessel,NJM,Jamaica,americas,,
2016-10-15,2026-09-30,NGM_EPG0_EVE_NUS-NJO_MMCF,exports by vessel,NJO,Jordan,middle_east_africa,2942,3.52
2016-10-15,2026-09-30,NGM_EPG0_EVE_NUS-NKS_MMCF,exports by vessel,NKS,South Korea,jkm_markets,0,
2016-10-15,2026-09-30,NGM_EPG0_EVE_NUS-NKU_MMCF,exports by vessel,NKU,Kuwait,middle_east_africa,0,
2016-10-15,2026-09-30,NGM_EPG0_EVE_NUS-NLH_MMCF,exports by vessel,NLH,Lithuania,europe,,
2016-10-15,2026-09-30,NGM_EPG0_EVE_NUS-NM6_MMCF,exports by vessel,NM6,Malta,europe,0,
2016-10-15,2026-09-30,NGM_EPG0_EVE_NUS-NMR_MMCF,exports by vessel,NMR,Mauritania,middle_east_africa,,
2016-10-15,2026-09-30,NGM_EPG0_EVE_NUS-NMX_MMCF,exports by vessel,NMX,Mexico,americas,0,
2016-10-15,2026-09-30,NGM_EPG0_EVE_NUS-NMY_MMCF,exports by vessel,NMY,Malaysia,other_asia,,
2016-10-15,2026-09-30,NGM_EPG0_EVE_NUS-NNL_MMCF,exports by vessel,NNL,Netherlands,europe,0,
2016-10-15,2026-09-30,NGM_EPG0_EVE_NUS-NNU_MMCF,exports by vessel,NNU,Nicaragua,americas,,
2016-10-15,2026-09-30,NGM_EPG0_EVE_NUS-NPK_MMCF,exports by vessel,NPK,Pakistan,other_asia,0,
2016-10-15,2026-09-30,NGM_EPG0_EVE_NUS-NPL_MMCF,exports by vessel,NPL,Poland,europe,0,
2016-10-15,2026-09-30,NGM_EPG0_EVE_NUS-NPM_MMCF,exports by vessel,NPM,Panama,americas,,
2016-10-15,2026-09-30,NGM_EPG0_EVE_NUS-NPO_MMCF,exports by vessel,NPO,Portugal,europe,0,
2016-10-15,2026-09-30,NGM_EPG0_EVE_NUS-NRP_MMCF,exports by vessel,NRP,Philippines,other_asia,,
2016-10-15,2026-09-30,NGM_EPG0_EVE_NUS-NRS_MMCF,exports by vessel,NRS,Russia,europe,0,
2016-10-15,2026-09-30,NGM_EPG0_EVE_NUS-NSG_MMCF,exports by vessel,NSG,Senegal,middle_east_africa,,
2016-10-15,2026-09-30,NGM_EPG0_EVE_NUS-NSN_MMCF,exports by vessel,NSN,Singapore,other_asia,,
2016-10-15,2026-09-30,NGM_EPG0_EVE_NUS-NSP_MMCF,exports by vessel,NSP,Spain,europe,0,
2016-10-15,2026-09-30,NGM_EPG0_EVE_NUS-NTC_MMCF,exports by vessel,NTC,United Arab Emirates,middle_east_africa,0,
2016-10-15,2026-09-30,NGM_EPG0_EVE_NUS-NTH_MMCF,exports by vessel,NTH,Thailand,other_asia,0,
2016-10-15,2026-09-30,NGM_EPG0_EVE_NUS-NTU_MMCF,exports by vessel,NTU,Turkiye,europe,0,
2016-10-15,2026-09-30,NGM_EPG0_EVE_NUS-NTW_MMCF,exports by vessel,NTW,Taiwan,jkm_markets,0,
2016-10-15,2026-09-30,NGM_EPG0_EVE_NUS-NUK_MMCF,exports by vessel,NUK,United Kingdom,europe,,
2016-10-15,2026-09-30,NGM_EPG0_EVE_NUS-Z00_MMCF,exports by vessel,Z00,,,2957,3.56
2016-10-15,2026-09-30,NGM_EPG0_EVT_NUS-Z00_MMCF,exports by vessel and truck,Z00,,,3000,3.65
2016-11-15,2026-09-30,N9133US2,LNG total including re-exports,Z00,,,32976,4.58
2016-11-15,2026-09-30,NGM_EPG0_ERE_NUS-NAT_MMCF,re-exports,NAT,Argentina,americas,0,
2016-11-15,2026-09-30,NGM_EPG0_ERE_NUS-NBR_MMCF,re-exports,NBR,Brazil,americas,0,
2016-11-15,2026-09-30,NGM_EPG0_ERE_NUS-NCH_MMCF,re-exports,NCH,China,jkm_markets,0,
2016-11-15,2026-09-30,NGM_EPG0_ERE_NUS-NCI_MMCF,re-exports,NCI,Chile,americas,,
2016-11-15,2026-09-30,NGM_EPG0_ERE_NUS-NEG_MMCF,re-exports,NEG,Egypt,middle_east_africa,0,
2016-11-15,2026-09-30,NGM_EPG0_ERE_NUS-NIN_MMCF,re-exports,NIN,India,other_asia,0,
2016-11-15,2026-09-30,NGM_EPG0_ERE_NUS-NJA_MMCF,re-exports,NJA,Japan,jkm_markets,0,
2016-11-15,2026-09-30,NGM_EPG0_ERE_NUS-NKS_MMCF,re-exports,NKS,South Korea,jkm_markets,0,
2016-11-15,2026-09-30,NGM_EPG0_ERE_NUS-NMX_MMCF,re-exports,NMX,Mexico,americas,0,
2016-11-15,2026-09-30,NGM_EPG0_ERE_NUS-NPO_MMCF,re-exports,NPO,Portugal,europe,,
2016-11-15,2026-09-30,NGM_EPG0_ERE_NUS-NSP_MMCF,re-exports,NSP,Spain,europe,0,
2016-11-15,2026-09-30,NGM_EPG0_ERE_NUS-NTU_MMCF,re-exports,NTU,Turkiye,europe,0,
2016-11-15,2026-09-30,NGM_EPG0_ERE_NUS-NUK_MMCF,re-exports,NUK,United Kingdom,europe,0,
2016-11-15,2026-09-30,NGM_EPG0_ERE_NUS-Z00_MMCF,re-exports,Z00,,,0,
2016-11-15,2026-09-30,NGM_EPG0_ETR_NUS-NCA_MMCF,exports by truck,NCA,Canada,americas,0,
2016-11-15,2026-09-30,NGM_EPG0_ETR_NUS-NMX_MMCF,exports by truck,NMX,Mexico,americas,48,9.72
2016-11-15,2026-09-30,NGM_EPG0_ETR_NUS-Z00_MMCF,exports by truck,Z00,,,48,9.72
2016-11-15,2026-09-30,NGM_EPG0_EVE_NUS-NAC_MMCF,exports by vessel,NAC,Antigua and Barbuda,americas,,
2016-11-15,2026-09-30,NGM_EPG0_EVE_NUS-NAT_MMCF,exports by vessel,NAT,Argentina,americas,0,
2016-11-15,2026-09-30,NGM_EPG0_EVE_NUS-NBA_MMCF,exports by vessel,NBA,Bahrain,middle_east_africa,,
2016-11-15,2026-09-30,NGM_EPG0_EVE_NUS-NBB_MMCF,exports by vessel,NBB,Barbados,americas,18,10
2016-11-15,2026-09-30,NGM_EPG0_EVE_NUS-NBE_MMCF,exports by vessel,NBE,Belgium,europe,,
2016-11-15,2026-09-30,NGM_EPG0_EVE_NUS-NBF_MMCF,exports by vessel,NBF,Bahamas,americas,,
2016-11-15,2026-09-30,NGM_EPG0_EVE_NUS-NBG_MMCF,exports by vessel,NBG,Bangladesh,other_asia,,
2016-11-15,2026-09-30,NGM_EPG0_EVE_NUS-NBR_MMCF,exports by vessel,NBR,Brazil,americas,0,
2016-11-15,2026-09-30,NGM_EPG0_EVE_NUS-NCA_MMCF,exports by vessel,NCA,Canada,americas,,
2016-11-15,2026-09-30,NGM_EPG0_EVE_NUS-NCH_MMCF,exports by vessel,NCH,China,jkm_markets,7341,3.21
2016-11-15,2026-09-30,NGM_EPG0_EVE_NUS-NCI_MMCF,exports by vessel,NCI,Chile,americas,2940,5.64
2016-11-15,2026-09-30,NGM_EPG0_EVE_NUS-NCO_MMCF,exports by vessel,NCO,Colombia,americas,,
2016-11-15,2026-09-30,NGM_EPG0_EVE_NUS-NDR_MMCF,exports by vessel,NDR,Dominican Republic,americas,0,
2016-11-15,2026-09-30,NGM_EPG0_EVE_NUS-NEG_MMCF,exports by vessel,NEG,Egypt,middle_east_africa,0,
2016-11-15,2026-09-30,NGM_EPG0_EVE_NUS-NES_MMCF,exports by vessel,NES,El Salvador,americas,,
2016-11-15,2026-09-30,NGM_EPG0_EVE_NUS-NFI_MMCF,exports by vessel,NFI,Finland,europe,,
2016-11-15,2026-09-30,NGM_EPG0_EVE_NUS-NFR_MMCF,exports by vessel,NFR,France,europe,,
2016-11-15,2026-09-30,NGM_EPG0_EVE_NUS-NGM_MMCF,exports by vessel,NGM,Germany,europe,,
2016-11-15,2026-09-30,NGM_EPG0_EVE_NUS-NGR_MMCF,exports by vessel,NGR,Greece,europe,,
2016-11-15,2026-09-30,NGM_EPG0_EVE_NUS-NHA_MMCF,exports by vessel,NHA,Haiti,americas,,
2016-11-15,2026-09-30,NGM_EPG0_EVE_NUS-NHR_MMCF,exports by vessel,NHR,Croatia,europe,,
2016-11-15,2026-09-30,NGM_EPG0_EVE_NUS-NID_MMCF,exports by vessel,NID,Indonesia,other_asia,,
2016-11-15,2026-09-30,NGM_EPG0_EVE_NUS-NIN_MMCF,exports by vessel,NIN,India,other_asia,3115,5.74
2016-11-15,2026-09-30,NGM_EPG0_EVE_NUS-NIS_MMCF,exports by vessel,NIS,Israel,middle_east_africa,,
2016-11-15,2026-09-30,NGM_EPG0_EVE_NUS-NIT_MMCF,exports by vessel,NIT,Italy,europe,3328,6.32
2016-11-15,2026-09-30,NGM_EPG0_EVE_NUS-NJA_MMCF,exports by vessel,NJA,Japan,jkm_markets,0,
2016-11-15,2026-09-30,NGM_EPG0_EVE_NUS-NJM_MMCF,exports by vessel,NJM,Jamaica,americas,,
2016-11-15,2026-09-30,NGM_EPG0_EVE_NUS-NJO_MMCF,exports by vessel,NJO,Jordan,middle_east_africa,0,
2016-11-15,2026-09-30,NGM_EPG0_EVE_NUS-NKS_MMCF,exports by vessel,NKS,South Korea,jkm_markets,0,
2016-11-15,2026-09-30,NGM_EPG0_EVE_NUS-NKU_MMCF,exports by vessel,NKU,Kuwait,middle_east_africa,0,
2016-11-15,2026-09-30,NGM_EPG0_EVE_NUS-NLH_MMCF,exports by vessel,NLH,Lithuania,europe,,
2016-11-15,2026-09-30,NGM_EPG0_EVE_NUS-NM6_MMCF,exports by vessel,NM6,Malta,europe,0,
2016-11-15,2026-09-30,NGM_EPG0_EVE_NUS-NMR_MMCF,exports by vessel,NMR,Mauritania,middle_east_africa,,
2016-11-15,2026-09-30,NGM_EPG0_EVE_NUS-NMX_MMCF,exports by vessel,NMX,Mexico,americas,13300,4.64
2016-11-15,2026-09-30,NGM_EPG0_EVE_NUS-NMY_MMCF,exports by vessel,NMY,Malaysia,other_asia,,
2016-11-15,2026-09-30,NGM_EPG0_EVE_NUS-NNL_MMCF,exports by vessel,NNL,Netherlands,europe,0,
2016-11-15,2026-09-30,NGM_EPG0_EVE_NUS-NNU_MMCF,exports by vessel,NNU,Nicaragua,americas,,
2016-11-15,2026-09-30,NGM_EPG0_EVE_NUS-NPK_MMCF,exports by vessel,NPK,Pakistan,other_asia,0,
2016-11-15,2026-09-30,NGM_EPG0_EVE_NUS-NPL_MMCF,exports by vessel,NPL,Poland,europe,0,
2016-11-15,2026-09-30,NGM_EPG0_EVE_NUS-NPM_MMCF,exports by vessel,NPM,Panama,americas,,
2016-11-15,2026-09-30,NGM_EPG0_EVE_NUS-NPO_MMCF,exports by vessel,NPO,Portugal,europe,0,
2016-11-15,2026-09-30,NGM_EPG0_EVE_NUS-NRP_MMCF,exports by vessel,NRP,Philippines,other_asia,,
2016-11-15,2026-09-30,NGM_EPG0_EVE_NUS-NRS_MMCF,exports by vessel,NRS,Russia,europe,0,
2016-11-15,2026-09-30,NGM_EPG0_EVE_NUS-NSG_MMCF,exports by vessel,NSG,Senegal,middle_east_africa,,
2016-11-15,2026-09-30,NGM_EPG0_EVE_NUS-NSN_MMCF,exports by vessel,NSN,Singapore,other_asia,,
2016-11-15,2026-09-30,NGM_EPG0_EVE_NUS-NSP_MMCF,exports by vessel,NSP,Spain,europe,0,
2016-11-15,2026-09-30,NGM_EPG0_EVE_NUS-NTC_MMCF,exports by vessel,NTC,United Arab Emirates,middle_east_africa,0,
2016-11-15,2026-09-30,NGM_EPG0_EVE_NUS-NTH_MMCF,exports by vessel,NTH,Thailand,other_asia,0,
2016-11-15,2026-09-30,NGM_EPG0_EVE_NUS-NTU_MMCF,exports by vessel,NTU,Turkiye,europe,2886,3.3
2016-11-15,2026-09-30,NGM_EPG0_EVE_NUS-NTW_MMCF,exports by vessel,NTW,Taiwan,jkm_markets,0,
2016-11-15,2026-09-30,NGM_EPG0_EVE_NUS-NUK_MMCF,exports by vessel,NUK,United Kingdom,europe,,
2016-11-15,2026-09-30,NGM_EPG0_EVE_NUS-Z00_MMCF,exports by vessel,Z00,,,32928,4.57
2016-11-15,2026-09-30,NGM_EPG0_EVT_NUS-Z00_MMCF,exports by vessel and truck,Z00,,,32976,4.58
2016-12-15,2026-09-30,N9133US2,LNG total including re-exports,Z00,,,41825,4.68
2016-12-15,2026-09-30,NGM_EPG0_ERE_NUS-NAT_MMCF,re-exports,NAT,Argentina,americas,0,
2016-12-15,2026-09-30,NGM_EPG0_ERE_NUS-NBR_MMCF,re-exports,NBR,Brazil,americas,0,
2016-12-15,2026-09-30,NGM_EPG0_ERE_NUS-NCH_MMCF,re-exports,NCH,China,jkm_markets,0,
2016-12-15,2026-09-30,NGM_EPG0_ERE_NUS-NCI_MMCF,re-exports,NCI,Chile,americas,,
2016-12-15,2026-09-30,NGM_EPG0_ERE_NUS-NEG_MMCF,re-exports,NEG,Egypt,middle_east_africa,0,
2016-12-15,2026-09-30,NGM_EPG0_ERE_NUS-NIN_MMCF,re-exports,NIN,India,other_asia,0,
2016-12-15,2026-09-30,NGM_EPG0_ERE_NUS-NJA_MMCF,re-exports,NJA,Japan,jkm_markets,0,
2016-12-15,2026-09-30,NGM_EPG0_ERE_NUS-NKS_MMCF,re-exports,NKS,South Korea,jkm_markets,0,
2016-12-15,2026-09-30,NGM_EPG0_ERE_NUS-NMX_MMCF,re-exports,NMX,Mexico,americas,0,
2016-12-15,2026-09-30,NGM_EPG0_ERE_NUS-NPO_MMCF,re-exports,NPO,Portugal,europe,,
2016-12-15,2026-09-30,NGM_EPG0_ERE_NUS-NSP_MMCF,re-exports,NSP,Spain,europe,0,
2016-12-15,2026-09-30,NGM_EPG0_ERE_NUS-NTU_MMCF,re-exports,NTU,Turkiye,europe,0,
2016-12-15,2026-09-30,NGM_EPG0_ERE_NUS-NUK_MMCF,re-exports,NUK,United Kingdom,europe,0,
2016-12-15,2026-09-30,NGM_EPG0_ERE_NUS-Z00_MMCF,re-exports,Z00,,,0,
2016-12-15,2026-09-30,NGM_EPG0_ETR_NUS-NCA_MMCF,exports by truck,NCA,Canada,americas,0,
2016-12-15,2026-09-30,NGM_EPG0_ETR_NUS-NMX_MMCF,exports by truck,NMX,Mexico,americas,42,10.2
2016-12-15,2026-09-30,NGM_EPG0_ETR_NUS-Z00_MMCF,exports by truck,Z00,,,42,10.2
2016-12-15,2026-09-30,NGM_EPG0_EVE_NUS-NAC_MMCF,exports by vessel,NAC,Antigua and Barbuda,americas,,
2016-12-15,2026-09-30,NGM_EPG0_EVE_NUS-NAT_MMCF,exports by vessel,NAT,Argentina,americas,0,
2016-12-15,2026-09-30,NGM_EPG0_EVE_NUS-NBA_MMCF,exports by vessel,NBA,Bahrain,middle_east_africa,,
2016-12-15,2026-09-30,NGM_EPG0_EVE_NUS-NBB_MMCF,exports by vessel,NBB,Barbados,americas,22,10
2016-12-15,2026-09-30,NGM_EPG0_EVE_NUS-NBE_MMCF,exports by vessel,NBE,Belgium,europe,,
2016-12-15,2026-09-30,NGM_EPG0_EVE_NUS-NBF_MMCF,exports by vessel,NBF,Bahamas,americas,,
2016-12-15,2026-09-30,NGM_EPG0_EVE_NUS-NBG_MMCF,exports by vessel,NBG,Bangladesh,other_asia,,
2016-12-15,2026-09-30,NGM_EPG0_EVE_NUS-NBR_MMCF,exports by vessel,NBR,Brazil,americas,0,
2016-12-15,2026-09-30,NGM_EPG0_EVE_NUS-NCA_MMCF,exports by vessel,NCA,Canada,americas,,
2016-12-15,2026-09-30,NGM_EPG0_EVE_NUS-NCH_MMCF,exports by vessel,NCH,China,jkm_markets,6747,4.5
2016-12-15,2026-09-30,NGM_EPG0_EVE_NUS-NCI_MMCF,exports by vessel,NCI,Chile,americas,0,
2016-12-15,2026-09-30,NGM_EPG0_EVE_NUS-NCO_MMCF,exports by vessel,NCO,Colombia,americas,,
2016-12-15,2026-09-30,NGM_EPG0_EVE_NUS-NDR_MMCF,exports by vessel,NDR,Dominican Republic,americas,0,
2016-12-15,2026-09-30,NGM_EPG0_EVE_NUS-NEG_MMCF,exports by vessel,NEG,Egypt,middle_east_africa,3606,6.46
2016-12-15,2026-09-30,NGM_EPG0_EVE_NUS-NES_MMCF,exports by vessel,NES,El Salvador,americas,,
2016-12-15,2026-09-30,NGM_EPG0_EVE_NUS-NFI_MMCF,exports by vessel,NFI,Finland,europe,,
2016-12-15,2026-09-30,NGM_EPG0_EVE_NUS-NFR_MMCF,exports by vessel,NFR,France,europe,,
2016-12-15,2026-09-30,NGM_EPG0_EVE_NUS-NGM_MMCF,exports by vessel,NGM,Germany,europe,,
2016-12-15,2026-09-30,NGM_EPG0_EVE_NUS-NGR_MMCF,exports by vessel,NGR,Greece,europe,,
2016-12-15,2026-09-30,NGM_EPG0_EVE_NUS-NHA_MMCF,exports by vessel,NHA,Haiti,americas,,
2016-12-15,2026-09-30,NGM_EPG0_EVE_NUS-NHR_MMCF,exports by vessel,NHR,Croatia,europe,,
2016-12-15,2026-09-30,NGM_EPG0_EVE_NUS-NID_MMCF,exports by vessel,NID,Indonesia,other_asia,,
2016-12-15,2026-09-30,NGM_EPG0_EVE_NUS-NIN_MMCF,exports by vessel,NIN,India,other_asia,0,
2016-12-15,2026-09-30,NGM_EPG0_EVE_NUS-NIS_MMCF,exports by vessel,NIS,Israel,middle_east_africa,,
2016-12-15,2026-09-30,NGM_EPG0_EVE_NUS-NIT_MMCF,exports by vessel,NIT,Italy,europe,,
2016-12-15,2026-09-30,NGM_EPG0_EVE_NUS-NJA_MMCF,exports by vessel,NJA,Japan,jkm_markets,11137,3.76
2016-12-15,2026-09-30,NGM_EPG0_EVE_NUS-NJM_MMCF,exports by vessel,NJM,Jamaica,americas,,
2016-12-15,2026-09-30,NGM_EPG0_EVE_NUS-NJO_MMCF,exports by vessel,NJO,Jordan,middle_east_africa,0,
2016-12-15,2026-09-30,NGM_EPG0_EVE_NUS-NKS_MMCF,exports by vessel,NKS,South Korea,jkm_markets,10166,5.75
2016-12-15,2026-09-30,NGM_EPG0_EVE_NUS-NKU_MMCF,exports by vessel,NKU,Kuwait,middle_east_africa,0,
2016-12-15,2026-09-30,NGM_EPG0_EVE_NUS-NLH_MMCF,exports by vessel,NLH,Lithuania,europe,,
2016-12-15,2026-09-30,NGM_EPG0_EVE_NUS-NM6_MMCF,exports by vessel,NM6,Malta,europe,0,
2016-12-15,2026-09-30,NGM_EPG0_EVE_NUS-NMR_MMCF,exports by vessel,NMR,Mauritania,middle_east_africa,,
2016-12-15,2026-09-30,NGM_EPG0_EVE_NUS-NMX_MMCF,exports by vessel,NMX,Mexico,americas,7169,4.14
2016-12-15,2026-09-30,NGM_EPG0_EVE_NUS-NMY_MMCF,exports by vessel,NMY,Malaysia,other_asia,,
2016-12-15,2026-09-30,NGM_EPG0_EVE_NUS-NNL_MMCF,exports by vessel,NNL,Netherlands,europe,0,
2016-12-15,2026-09-30,NGM_EPG0_EVE_NUS-NNU_MMCF,exports by vessel,NNU,Nicaragua,americas,,
2016-12-15,2026-09-30,NGM_EPG0_EVE_NUS-NPK_MMCF,exports by vessel,NPK,Pakistan,other_asia,0,
2016-12-15,2026-09-30,NGM_EPG0_EVE_NUS-NPL_MMCF,exports by vessel,NPL,Poland,europe,0,
2016-12-15,2026-09-30,NGM_EPG0_EVE_NUS-NPM_MMCF,exports by vessel,NPM,Panama,americas,,
2016-12-15,2026-09-30,NGM_EPG0_EVE_NUS-NPO_MMCF,exports by vessel,NPO,Portugal,europe,0,
2016-12-15,2026-09-30,NGM_EPG0_EVE_NUS-NRP_MMCF,exports by vessel,NRP,Philippines,other_asia,,
2016-12-15,2026-09-30,NGM_EPG0_EVE_NUS-NRS_MMCF,exports by vessel,NRS,Russia,europe,0,
2016-12-15,2026-09-30,NGM_EPG0_EVE_NUS-NSG_MMCF,exports by vessel,NSG,Senegal,middle_east_africa,,
2016-12-15,2026-09-30,NGM_EPG0_EVE_NUS-NSN_MMCF,exports by vessel,NSN,Singapore,other_asia,,
2016-12-15,2026-09-30,NGM_EPG0_EVE_NUS-NSP_MMCF,exports by vessel,NSP,Spain,europe,0,
2016-12-15,2026-09-30,NGM_EPG0_EVE_NUS-NTC_MMCF,exports by vessel,NTC,United Arab Emirates,middle_east_africa,0,
2016-12-15,2026-09-30,NGM_EPG0_EVE_NUS-NTH_MMCF,exports by vessel,NTH,Thailand,other_asia,0,
2016-12-15,2026-09-30,NGM_EPG0_EVE_NUS-NTU_MMCF,exports by vessel,NTU,Turkiye,europe,2936,3.87
2016-12-15,2026-09-30,NGM_EPG0_EVE_NUS-NTW_MMCF,exports by vessel,NTW,Taiwan,jkm_markets,0,
2016-12-15,2026-09-30,NGM_EPG0_EVE_NUS-NUK_MMCF,exports by vessel,NUK,United Kingdom,europe,,
2016-12-15,2026-09-30,NGM_EPG0_EVE_NUS-Z00_MMCF,exports by vessel,Z00,,,41784,4.67
2016-12-15,2026-09-30,NGM_EPG0_EVT_NUS-Z00_MMCF,exports by vessel and truck,Z00,,,41825,4.68
2017-01-15,2026-09-30,N9133US2,LNG total including re-exports,Z00,,,51342,6.44
2017-01-15,2026-09-30,NGM_EPG0_ERE_NUS-NAT_MMCF,re-exports,NAT,Argentina,americas,0,
2017-01-15,2026-09-30,NGM_EPG0_ERE_NUS-NBR_MMCF,re-exports,NBR,Brazil,americas,0,
2017-01-15,2026-09-30,NGM_EPG0_ERE_NUS-NCH_MMCF,re-exports,NCH,China,jkm_markets,0,
2017-01-15,2026-09-30,NGM_EPG0_ERE_NUS-NCI_MMCF,re-exports,NCI,Chile,americas,,
2017-01-15,2026-09-30,NGM_EPG0_ERE_NUS-NEG_MMCF,re-exports,NEG,Egypt,middle_east_africa,0,
2017-01-15,2026-09-30,NGM_EPG0_ERE_NUS-NIN_MMCF,re-exports,NIN,India,other_asia,0,
2017-01-15,2026-09-30,NGM_EPG0_ERE_NUS-NJA_MMCF,re-exports,NJA,Japan,jkm_markets,0,
2017-01-15,2026-09-30,NGM_EPG0_ERE_NUS-NKS_MMCF,re-exports,NKS,South Korea,jkm_markets,0,
2017-01-15,2026-09-30,NGM_EPG0_ERE_NUS-NMX_MMCF,re-exports,NMX,Mexico,americas,0,
2017-01-15,2026-09-30,NGM_EPG0_ERE_NUS-NPO_MMCF,re-exports,NPO,Portugal,europe,,
2017-01-15,2026-09-30,NGM_EPG0_ERE_NUS-NSP_MMCF,re-exports,NSP,Spain,europe,0,
2017-01-15,2026-09-30,NGM_EPG0_ERE_NUS-NTU_MMCF,re-exports,NTU,Turkiye,europe,0,
2017-01-15,2026-09-30,NGM_EPG0_ERE_NUS-NUK_MMCF,re-exports,NUK,United Kingdom,europe,0,
2017-01-15,2026-09-30,NGM_EPG0_ERE_NUS-Z00_MMCF,re-exports,Z00,,,0,
2017-01-15,2026-09-30,NGM_EPG0_ETR_NUS-NCA_MMCF,exports by truck,NCA,Canada,americas,0,
2017-01-15,2026-09-30,NGM_EPG0_ETR_NUS-NMX_MMCF,exports by truck,NMX,Mexico,americas,85,9.66
2017-01-15,2026-09-30,NGM_EPG0_ETR_NUS-Z00_MMCF,exports by truck,Z00,,,85,9.66
2017-01-15,2026-09-30,NGM_EPG0_EVE_NUS-NAC_MMCF,exports by vessel,NAC,Antigua and Barbuda,americas,,
2017-01-15,2026-09-30,NGM_EPG0_EVE_NUS-NAT_MMCF,exports by vessel,NAT,Argentina,americas,0,
2017-01-15,2026-09-30,NGM_EPG0_EVE_NUS-NBA_MMCF,exports by vessel,NBA,Bahrain,middle_east_africa,,
2017-01-15,2026-09-30,NGM_EPG0_EVE_NUS-NBB_MMCF,exports by vessel,NBB,Barbados,americas,22,10.4
2017-01-15,2026-09-30,NGM_EPG0_EVE_NUS-NBE_MMCF,exports by vessel,NBE,Belgium,europe,,
2017-01-15,2026-09-30,NGM_EPG0_EVE_NUS-NBF_MMCF,exports by vessel,NBF,Bahamas,americas,0,
2017-01-15,2026-09-30,NGM_EPG0_EVE_NUS-NBG_MMCF,exports by vessel,NBG,Bangladesh,other_asia,,
2017-01-15,2026-09-30,NGM_EPG0_EVE_NUS-NBR_MMCF,exports by vessel,NBR,Brazil,americas,0,
2017-01-15,2026-09-30,NGM_EPG0_EVE_NUS-NCA_MMCF,exports by vessel,NCA,Canada,americas,,
2017-01-15,2026-09-30,NGM_EPG0_EVE_NUS-NCH_MMCF,exports by vessel,NCH,China,jkm_markets,3391,4.7
2017-01-15,2026-09-30,NGM_EPG0_EVE_NUS-NCI_MMCF,exports by vessel,NCI,Chile,americas,0,
2017-01-15,2026-09-30,NGM_EPG0_EVE_NUS-NCO_MMCF,exports by vessel,NCO,Colombia,americas,0,
2017-01-15,2026-09-30,NGM_EPG0_EVE_NUS-NDR_MMCF,exports by vessel,NDR,Dominican Republic,americas,0,
2017-01-15,2026-09-30,NGM_EPG0_EVE_NUS-NEG_MMCF,exports by vessel,NEG,Egypt,middle_east_africa,0,
2017-01-15,2026-09-30,NGM_EPG0_EVE_NUS-NES_MMCF,exports by vessel,NES,El Salvador,americas,,
2017-01-15,2026-09-30,NGM_EPG0_EVE_NUS-NFI_MMCF,exports by vessel,NFI,Finland,europe,,
2017-01-15,2026-09-30,NGM_EPG0_EVE_NUS-NFR_MMCF,exports by vessel,NFR,France,europe,,
2017-01-15,2026-09-30,NGM_EPG0_EVE_NUS-NGM_MMCF,exports by vessel,NGM,Germany,europe,,
2017-01-15,2026-09-30,NGM_EPG0_EVE_NUS-NGR_MMCF,exports by vessel,NGR,Greece,europe,,
2017-01-15,2026-09-30,NGM_EPG0_EVE_NUS-NHA_MMCF,exports by vessel,NHA,Haiti,americas,,
2017-01-15,2026-09-30,NGM_EPG0_EVE_NUS-NHR_MMCF,exports by vessel,NHR,Croatia,europe,,
2017-01-15,2026-09-30,NGM_EPG0_EVE_NUS-NID_MMCF,exports by vessel,NID,Indonesia,other_asia,,
2017-01-15,2026-09-30,NGM_EPG0_EVE_NUS-NIN_MMCF,exports by vessel,NIN,India,other_asia,3623,4.7
2017-01-15,2026-09-30,NGM_EPG0_EVE_NUS-NIS_MMCF,exports by vessel,NIS,Israel,middle_east_africa,0,
2017-01-15,2026-09-30,NGM_EPG0_EVE_NUS-NIT_MMCF,exports by vessel,NIT,Italy,europe,,
2017-01-15,2026-09-30,NGM_EPG0_EVE_NUS-NJA_MMCF,exports by vessel,NJA,Japan,jkm_markets,10533,6.65
2017-01-15,2026-09-30,NGM_EPG0_EVE_NUS-NJM_MMCF,exports by vessel,NJM,Jamaica,americas,,
2017-01-15,2026-09-30,NGM_EPG0_EVE_NUS-NJO_MMCF,exports by vessel,NJO,Jordan,middle_east_africa,5368,6.41
2017-01-15,2026-09-30,NGM_EPG0_EVE_NUS-NKS_MMCF,exports by vessel,NKS,South Korea,jkm_markets,0,
2017-01-15,2026-09-30,NGM_EPG0_EVE_NUS-NKU_MMCF,exports by vessel,NKU,Kuwait,middle_east_africa,0,
2017-01-15,2026-09-30,NGM_EPG0_EVE_NUS-NLH_MMCF,exports by vessel,NLH,Lithuania,europe,0,
2017-01-15,2026-09-30,NGM_EPG0_EVE_NUS-NM6_MMCF,exports by vessel,NM6,Malta,europe,867,4.7
2017-01-15,2026-09-30,NGM_EPG0_EVE_NUS-NMR_MMCF,exports by vessel,NMR,Mauritania,middle_east_africa,,
2017-01-15,2026-09-30,NGM_EPG0_EVE_NUS-NMX_MMCF,exports by vessel,NMX,Mexico,americas,14010,7.15
2017-01-15,2026-09-30,NGM_EPG0_EVE_NUS-NMY_MMCF,exports by vessel,NMY,Malaysia,other_asia,,
2017-01-15,2026-09-30,NGM_EPG0_EVE_NUS-NNL_MMCF,exports by vessel,NNL,Netherlands,europe,0,
2017-01-15,2026-09-30,NGM_EPG0_EVE_NUS-NNU_MMCF,exports by vessel,NNU,Nicaragua,americas,,
2017-01-15,2026-09-30,NGM_EPG0_EVE_NUS-NPK_MMCF,exports by vessel,NPK,Pakistan,other_asia,0,
2017-01-15,2026-09-30,NGM_EPG0_EVE_NUS-NPL_MMCF,exports by vessel,NPL,Poland,europe,0,
2017-01-15,2026-09-30,NGM_EPG0_EVE_NUS-NPM_MMCF,exports by vessel,NPM,Panama,americas,0,
2017-01-15,2026-09-30,NGM_EPG0_EVE_NUS-NPO_MMCF,exports by vessel,NPO,Portugal,europe,3442,7.29
2017-01-15,2026-09-30,NGM_EPG0_EVE_NUS-NRP_MMCF,exports by vessel,NRP,Philippines,other_asia,,
2017-01-15,2026-09-30,NGM_EPG0_EVE_NUS-NRS_MMCF,exports by vessel,NRS,Russia,europe,0,
2017-01-15,2026-09-30,NGM_EPG0_EVE_NUS-NSG_MMCF,exports by vessel,NSG,Senegal,middle_east_africa,,
2017-01-15,2026-09-30,NGM_EPG0_EVE_NUS-NSN_MMCF,exports by vessel,NSN,Singapore,other_asia,,
2017-01-15,2026-09-30,NGM_EPG0_EVE_NUS-NSP_MMCF,exports by vessel,NSP,Spain,europe,10002,6.28
2017-01-15,2026-09-30,NGM_EPG0_EVE_NUS-NTC_MMCF,exports by vessel,NTC,United Arab Emirates,middle_east_africa,0,
2017-01-15,2026-09-30,NGM_EPG0_EVE_NUS-NTH_MMCF,exports by vessel,NTH,Thailand,other_asia,0,
2017-01-15,2026-09-30,NGM_EPG0_EVE_NUS-NTU_MMCF,exports by vessel,NTU,Turkiye,europe,0,
2017-01-15,2026-09-30,NGM_EPG0_EVE_NUS-NTW_MMCF,exports by vessel,NTW,Taiwan,jkm_markets,0,
2017-01-15,2026-09-30,NGM_EPG0_EVE_NUS-NUK_MMCF,exports by vessel,NUK,United Kingdom,europe,,
2017-01-15,2026-09-30,NGM_EPG0_EVE_NUS-Z00_MMCF,exports by vessel,Z00,,,51257,6.43
2017-01-15,2026-09-30,NGM_EPG0_EVT_NUS-Z00_MMCF,exports by vessel and truck,Z00,,,51342,6.44
2017-02-15,2026-09-30,N9133US2,LNG total including re-exports,Z00,,,52042,5.99
2017-02-15,2026-09-30,NGM_EPG0_ERE_NUS-NAT_MMCF,re-exports,NAT,Argentina,americas,0,
2017-02-15,2026-09-30,NGM_EPG0_ERE_NUS-NBR_MMCF,re-exports,NBR,Brazil,americas,0,
2017-02-15,2026-09-30,NGM_EPG0_ERE_NUS-NCH_MMCF,re-exports,NCH,China,jkm_markets,0,
2017-02-15,2026-09-30,NGM_EPG0_ERE_NUS-NCI_MMCF,re-exports,NCI,Chile,americas,,
2017-02-15,2026-09-30,NGM_EPG0_ERE_NUS-NEG_MMCF,re-exports,NEG,Egypt,middle_east_africa,0,
2017-02-15,2026-09-30,NGM_EPG0_ERE_NUS-NIN_MMCF,re-exports,NIN,India,other_asia,0,
2017-02-15,2026-09-30,NGM_EPG0_ERE_NUS-NJA_MMCF,re-exports,NJA,Japan,jkm_markets,0,
2017-02-15,2026-09-30,NGM_EPG0_ERE_NUS-NKS_MMCF,re-exports,NKS,South Korea,jkm_markets,0,
2017-02-15,2026-09-30,NGM_EPG0_ERE_NUS-NMX_MMCF,re-exports,NMX,Mexico,americas,0,
2017-02-15,2026-09-30,NGM_EPG0_ERE_NUS-NPO_MMCF,re-exports,NPO,Portugal,europe,,
2017-02-15,2026-09-30,NGM_EPG0_ERE_NUS-NSP_MMCF,re-exports,NSP,Spain,europe,0,
2017-02-15,2026-09-30,NGM_EPG0_ERE_NUS-NTU_MMCF,re-exports,NTU,Turkiye,europe,0,
2017-02-15,2026-09-30,NGM_EPG0_ERE_NUS-NUK_MMCF,re-exports,NUK,United Kingdom,europe,0,
2017-02-15,2026-09-30,NGM_EPG0_ERE_NUS-Z00_MMCF,re-exports,Z00,,,0,
2017-02-15,2026-09-30,NGM_EPG0_ETR_NUS-NCA_MMCF,exports by truck,NCA,Canada,americas,0,
2017-02-15,2026-09-30,NGM_EPG0_ETR_NUS-NMX_MMCF,exports by truck,NMX,Mexico,americas,44,9.97
2017-02-15,2026-09-30,NGM_EPG0_ETR_NUS-Z00_MMCF,exports by truck,Z00,,,44,9.97
2017-02-15,2026-09-30,NGM_EPG0_EVE_NUS-NAC_MMCF,exports by vessel,NAC,Antigua and Barbuda,americas,,
2017-02-15,2026-09-30,NGM_EPG0_EVE_NUS-NAT_MMCF,exports by vessel,NAT,Argentina,americas,0,
2017-02-15,2026-09-30,NGM_EPG0_EVE_NUS-NBA_MMCF,exports by vessel,NBA,Bahrain,middle_east_africa,,
2017-02-15,2026-09-30,NGM_EPG0_EVE_NUS-NBB_MMCF,exports by vessel,NBB,Barbados,americas,15,10.4
2017-02-15,2026-09-30,NGM_EPG0_EVE_NUS-NBE_MMCF,exports by vessel,NBE,Belgium,europe,,
2017-02-15,2026-09-30,NGM_EPG0_EVE_NUS-NBF_MMCF,exports by vessel,NBF,Bahamas,americas,0,
2017-02-15,2026-09-30,NGM_EPG0_EVE_NUS-NBG_MMCF,exports by vessel,NBG,Bangladesh,other_asia,,
2017-02-15,2026-09-30,NGM_EPG0_EVE_NUS-NBR_MMCF,exports by vessel,NBR,Brazil,americas,0,
2017-02-15,2026-09-30,NGM_EPG0_EVE_NUS-NCA_MMCF,exports by vessel,NCA,Canada,americas,,
2017-02-15,2026-09-30,NGM_EPG0_EVE_NUS-NCH_MMCF,exports by vessel,NCH,China,jkm_markets,10338,4.92
2017-02-15,2026-09-30,NGM_EPG0_EVE_NUS-NCI_MMCF,exports by vessel,NCI,Chile,americas,2950,7.18
2017-02-15,2026-09-30,NGM_EPG0_EVE_NUS-NCO_MMCF,exports by vessel,NCO,Colombia,americas,0,
2017-02-15,2026-09-30,NGM_EPG0_EVE_NUS-NDR_MMCF,exports by vessel,NDR,Dominican Republic,americas,0,
2017-02-15,2026-09-30,NGM_EPG0_EVE_NUS-NEG_MMCF,exports by vessel,NEG,Egypt,middle_east_africa,0,
2017-02-15,2026-09-30,NGM_EPG0_EVE_NUS-NES_MMCF,exports by vessel,NES,El Salvador,americas,,
2017-02-15,2026-09-30,NGM_EPG0_EVE_NUS-NFI_MMCF,exports by vessel,NFI,Finland,europe,,
2017-02-15,2026-09-30,NGM_EPG0_EVE_NUS-NFR_MMCF,exports by vessel,NFR,France,europe,,
2017-02-15,2026-09-30,NGM_EPG0_EVE_NUS-NGM_MMCF,exports by vessel,NGM,Germany,europe,,
2017-02-15,2026-09-30,NGM_EPG0_EVE_NUS-NGR_MMCF,exports by vessel,NGR,Greece,europe,,
2017-02-15,2026-09-30,NGM_EPG0_EVE_NUS-NHA_MMCF,exports by vessel,NHA,Haiti,americas,,
2017-02-15,2026-09-30,NGM_EPG0_EVE_NUS-NHR_MMCF,exports by vessel,NHR,Croatia,europe,,
2017-02-15,2026-09-30,NGM_EPG0_EVE_NUS-NID_MMCF,exports by vessel,NID,Indonesia,other_asia,,
2017-02-15,2026-09-30,NGM_EPG0_EVE_NUS-NIN_MMCF,exports by vessel,NIN,India,other_asia,3399,4.06
2017-02-15,2026-09-30,NGM_EPG0_EVE_NUS-NIS_MMCF,exports by vessel,NIS,Israel,middle_east_africa,0,
2017-02-15,2026-09-30,NGM_EPG0_EVE_NUS-NIT_MMCF,exports by vessel,NIT,Italy,europe,,
2017-02-15,2026-09-30,NGM_EPG0_EVE_NUS-NJA_MMCF,exports by vessel,NJA,Japan,jkm_markets,3705,7.18
2017-02-15,2026-09-30,NGM_EPG0_EVE_NUS-NJM_MMCF,exports by vessel,NJM,Jamaica,americas,,
2017-02-15,2026-09-30,NGM_EPG0_EVE_NUS-NJO_MMCF,exports by vessel,NJO,Jordan,middle_east_africa,2945,4.06
2017-02-15,2026-09-30,NGM_EPG0_EVE_NUS-NKS_MMCF,exports by vessel,NKS,South Korea,jkm_markets,0,
2017-02-15,2026-09-30,NGM_EPG0_EVE_NUS-NKU_MMCF,exports by vessel,NKU,Kuwait,middle_east_africa,3378,5.5
2017-02-15,2026-09-30,NGM_EPG0_EVE_NUS-NLH_MMCF,exports by vessel,NLH,Lithuania,europe,0,
2017-02-15,2026-09-30,NGM_EPG0_EVE_NUS-NM6_MMCF,exports by vessel,NM6,Malta,europe,0,
2017-02-15,2026-09-30,NGM_EPG0_EVE_NUS-NMR_MMCF,exports by vessel,NMR,Mauritania,middle_east_africa,,
2017-02-15,2026-09-30,NGM_EPG0_EVE_NUS-NMX_MMCF,exports by vessel,NMX,Mexico,americas,14407,6.4
2017-02-15,2026-09-30,NGM_EPG0_EVE_NUS-NMY_MMCF,exports by vessel,NMY,Malaysia,other_asia,,
2017-02-15,2026-09-30,NGM_EPG0_EVE_NUS-NNL_MMCF,exports by vessel,NNL,Netherlands,europe,0,
2017-02-15,2026-09-30,NGM_EPG0_EVE_NUS-NNU_MMCF,exports by vessel,NNU,Nicaragua,americas,,
2017-02-15,2026-09-30,NGM_EPG0_EVE_NUS-NPK_MMCF,exports by vessel,NPK,Pakistan,other_asia,0,
2017-02-15,2026-09-30,NGM_EPG0_EVE_NUS-NPL_MMCF,exports by vessel,NPL,Poland,europe,0,
2017-02-15,2026-09-30,NGM_EPG0_EVE_NUS-NPM_MMCF,exports by vessel,NPM,Panama,americas,0,
2017-02-15,2026-09-30,NGM_EPG0_EVE_NUS-NPO_MMCF,exports by vessel,NPO,Portugal,europe,1692,7.18
2017-02-15,2026-09-30,NGM_EPG0_EVE_NUS-NRP_MMCF,exports by vessel,NRP,Philippines,other_asia,,
2017-02-15,2026-09-30,NGM_EPG0_EVE_NUS-NRS_MMCF,exports by vessel,NRS,Russia,europe,0,
2017-02-15,2026-09-30,NGM_EPG0_EVE_NUS-NSG_MMCF,exports by vessel,NSG,Senegal,middle_east_africa,,
2017-02-15,2026-09-30,NGM_EPG0_EVE_NUS-NSN_MMCF,exports by vessel,NSN,Singapore,other_asia,,
2017-02-15,2026-09-30,NGM_EPG0_EVE_NUS-NSP_MMCF,exports by vessel,NSP,Spain,europe,1766,7.18
2017-02-15,2026-09-30,NGM_EPG0_EVE_NUS-NTC_MMCF,exports by vessel,NTC,United Arab Emirates,middle_east_africa,0,
2017-02-15,2026-09-30,NGM_EPG0_EVE_NUS-NTH_MMCF,exports by vessel,NTH,Thailand,other_asia,0,
2017-02-15,2026-09-30,NGM_EPG0_EVE_NUS-NTU_MMCF,exports by vessel,NTU,Turkiye,europe,7402,6.91
2017-02-15,2026-09-30,NGM_EPG0_EVE_NUS-NTW_MMCF,exports by vessel,NTW,Taiwan,jkm_markets,0,
2017-02-15,2026-09-30,NGM_EPG0_EVE_NUS-NUK_MMCF,exports by vessel,NUK,United Kingdom,europe,,
2017-02-15,2026-09-30,NGM_EPG0_EVE_NUS-Z00_MMCF,exports by vessel,Z00,,,51998,5.98
2017-02-15,2026-09-30,NGM_EPG0_EVT_NUS-Z00_MMCF,exports by vessel and truck,Z00,,,52042,5.99
2017-03-15,2026-09-30,N9133US2,LNG total including re-exports,Z00,,,43553,4.47
2017-03-15,2026-09-30,NGM_EPG0_ERE_NUS-NAT_MMCF,re-exports,NAT,Argentina,americas,0,
2017-03-15,2026-09-30,NGM_EPG0_ERE_NUS-NBR_MMCF,re-exports,NBR,Brazil,americas,0,
2017-03-15,2026-09-30,NGM_EPG0_ERE_NUS-NCH_MMCF,re-exports,NCH,China,jkm_markets,0,
2017-03-15,2026-09-30,NGM_EPG0_ERE_NUS-NCI_MMCF,re-exports,NCI,Chile,americas,,
2017-03-15,2026-09-30,NGM_EPG0_ERE_NUS-NEG_MMCF,re-exports,NEG,Egypt,middle_east_africa,0,
2017-03-15,2026-09-30,NGM_EPG0_ERE_NUS-NIN_MMCF,re-exports,NIN,India,other_asia,0,
2017-03-15,2026-09-30,NGM_EPG0_ERE_NUS-NJA_MMCF,re-exports,NJA,Japan,jkm_markets,0,
2017-03-15,2026-09-30,NGM_EPG0_ERE_NUS-NKS_MMCF,re-exports,NKS,South Korea,jkm_markets,0,
2017-03-15,2026-09-30,NGM_EPG0_ERE_NUS-NMX_MMCF,re-exports,NMX,Mexico,americas,0,
2017-03-15,2026-09-30,NGM_EPG0_ERE_NUS-NPO_MMCF,re-exports,NPO,Portugal,europe,,
2017-03-15,2026-09-30,NGM_EPG0_ERE_NUS-NSP_MMCF,re-exports,NSP,Spain,europe,0,
2017-03-15,2026-09-30,NGM_EPG0_ERE_NUS-NTU_MMCF,re-exports,NTU,Turkiye,europe,0,
2017-03-15,2026-09-30,NGM_EPG0_ERE_NUS-NUK_MMCF,re-exports,NUK,United Kingdom,europe,0,
2017-03-15,2026-09-30,NGM_EPG0_ERE_NUS-Z00_MMCF,re-exports,Z00,,,0,
2017-03-15,2026-09-30,NGM_EPG0_ETR_NUS-NCA_MMCF,exports by truck,NCA,Canada,americas,3,8.39
2017-03-15,2026-09-30,NGM_EPG0_ETR_NUS-NMX_MMCF,exports by truck,NMX,Mexico,americas,61,8.64
2017-03-15,2026-09-30,NGM_EPG0_ETR_NUS-Z00_MMCF,exports by truck,Z00,,,64,8.63
2017-03-15,2026-09-30,NGM_EPG0_EVE_NUS-NAC_MMCF,exports by vessel,NAC,Antigua and Barbuda,americas,,
2017-03-15,2026-09-30,NGM_EPG0_EVE_NUS-NAT_MMCF,exports by vessel,NAT,Argentina,americas,0,
2017-03-15,2026-09-30,NGM_EPG0_EVE_NUS-NBA_MMCF,exports by vessel,NBA,Bahrain,middle_east_africa,,
2017-03-15,2026-09-30,NGM_EPG0_EVE_NUS-NBB_MMCF,exports by vessel,NBB,Barbados,americas,20,10.4
2017-03-15,2026-09-30,NGM_EPG0_EVE_NUS-NBE_MMCF,exports by vessel,NBE,Belgium,europe,,
2017-03-15,2026-09-30,NGM_EPG0_EVE_NUS-NBF_MMCF,exports by vessel,NBF,Bahamas,americas,0,
2017-03-15,2026-09-30,NGM_EPG0_EVE_NUS-NBG_MMCF,exports by vessel,NBG,Bangladesh,other_asia,,
2017-03-15,2026-09-30,NGM_EPG0_EVE_NUS-NBR_MMCF,exports by vessel,NBR,Brazil,americas,0,
2017-03-15,2026-09-30,NGM_EPG0_EVE_NUS-NCA_MMCF,exports by vessel,NCA,Canada,americas,,
2017-03-15,2026-09-30,NGM_EPG0_EVE_NUS-NCH_MMCF,exports by vessel,NCH,China,jkm_markets,0,
2017-03-15,2026-09-30,NGM_EPG0_EVE_NUS-NCI_MMCF,exports by vessel,NCI,Chile,americas,2951,6.26
2017-03-15,2026-09-30,NGM_EPG0_EVE_NUS-NCO_MMCF,exports by vessel,NCO,Colombia,americas,0,
2017-03-15,2026-09-30,NGM_EPG0_EVE_NUS-NDR_MMCF,exports by vessel,NDR,Dominican Republic,americas,2934,5.59
2017-03-15,2026-09-30,NGM_EPG0_EVE_NUS-NEG_MMCF,exports by vessel,NEG,Egypt,middle_east_africa,0,
2017-03-15,2026-09-30,NGM_EPG0_EVE_NUS-NES_MMCF,exports by vessel,NES,El Salvador,americas,,
2017-03-15,2026-09-30,NGM_EPG0_EVE_NUS-NFI_MMCF,exports by vessel,NFI,Finland,europe,,
2017-03-15,2026-09-30,NGM_EPG0_EVE_NUS-NFR_MMCF,exports by vessel,NFR,France,europe,,
2017-03-15,2026-09-30,NGM_EPG0_EVE_NUS-NGM_MMCF,exports by vessel,NGM,Germany,europe,,
2017-03-15,2026-09-30,NGM_EPG0_EVE_NUS-NGR_MMCF,exports by vessel,NGR,Greece,europe,,
2017-03-15,2026-09-30,NGM_EPG0_EVE_NUS-NHA_MMCF,exports by vessel,NHA,Haiti,americas,,
2017-03-15,2026-09-30,NGM_EPG0_EVE_NUS-NHR_MMCF,exports by vessel,NHR,Croatia,europe,,
2017-03-15,2026-09-30,NGM_EPG0_EVE_NUS-NID_MMCF,exports by vessel,NID,Indonesia,other_asia,,
2017-03-15,2026-09-30,NGM_EPG0_EVE_NUS-NIN_MMCF,exports by vessel,NIN,India,other_asia,0,
2017-03-15,2026-09-30,NGM_EPG0_EVE_NUS-NIS_MMCF,exports by vessel,NIS,Israel,middle_east_africa,0,
2017-03-15,2026-09-30,NGM_EPG0_EVE_NUS-NIT_MMCF,exports by vessel,NIT,Italy,europe,,
2017-03-15,2026-09-30,NGM_EPG0_EVE_NUS-NJA_MMCF,exports by vessel,NJA,Japan,jkm_markets,0,
2017-03-15,2026-09-30,NGM_EPG0_EVE_NUS-NJM_MMCF,exports by vessel,NJM,Jamaica,americas,,
2017-03-15,2026-09-30,NGM_EPG0_EVE_NUS-NJO_MMCF,exports by vessel,NJO,Jordan,middle_east_africa,6655,4.42
2017-03-15,2026-09-30,NGM_EPG0_EVE_NUS-NKS_MMCF,exports by vessel,NKS,South Korea,jkm_markets,7042,3.81
2017-03-15,2026-09-30,NGM_EPG0_EVE_NUS-NKU_MMCF,exports by vessel,NKU,Kuwait,middle_east_africa,3360,3.14
2017-03-15,2026-09-30,NGM_EPG0_EVE_NUS-NLH_MMCF,exports by vessel,NLH,Lithuania,europe,0,
2017-03-15,2026-09-30,NGM_EPG0_EVE_NUS-NM6_MMCF,exports by vessel,NM6,Malta,europe,0,
2017-03-15,2026-09-30,NGM_EPG0_EVE_NUS-NMR_MMCF,exports by vessel,NMR,Mauritania,middle_east_africa,,
2017-03-15,2026-09-30,NGM_EPG0_EVE_NUS-NMX_MMCF,exports by vessel,NMX,Mexico,americas,10728,5.25
2017-03-15,2026-09-30,NGM_EPG0_EVE_NUS-NMY_MMCF,exports by vessel,NMY,Malaysia,other_asia,,
2017-03-15,2026-09-30,NGM_EPG0_EVE_NUS-NNL_MMCF,exports by vessel,NNL,Netherlands,europe,0,
2017-03-15,2026-09-30,NGM_EPG0_EVE_NUS-NNU_MMCF,exports by vessel,NNU,Nicaragua,americas,,
2017-03-15,2026-09-30,NGM_EPG0_EVE_NUS-NPK_MMCF,exports by vessel,NPK,Pakistan,other_asia,3166,3.14
2017-03-15,2026-09-30,NGM_EPG0_EVE_NUS-NPL_MMCF,exports by vessel,NPL,Poland,europe,0,
2017-03-15,2026-09-30,NGM_EPG0_EVE_NUS-NPM_MMCF,exports by vessel,NPM,Panama,americas,0,
2017-03-15,2026-09-30,NGM_EPG0_EVE_NUS-NPO_MMCF,exports by vessel,NPO,Portugal,europe,0,
2017-03-15,2026-09-30,NGM_EPG0_EVE_NUS-NRP_MMCF,exports by vessel,NRP,Philippines,other_asia,,
2017-03-15,2026-09-30,NGM_EPG0_EVE_NUS-NRS_MMCF,exports by vessel,NRS,Russia,europe,0,
2017-03-15,2026-09-30,NGM_EPG0_EVE_NUS-NSG_MMCF,exports by vessel,NSG,Senegal,middle_east_africa,,
2017-03-15,2026-09-30,NGM_EPG0_EVE_NUS-NSN_MMCF,exports by vessel,NSN,Singapore,other_asia,,
2017-03-15,2026-09-30,NGM_EPG0_EVE_NUS-NSP_MMCF,exports by vessel,NSP,Spain,europe,0,
2017-03-15,2026-09-30,NGM_EPG0_EVE_NUS-NTC_MMCF,exports by vessel,NTC,United Arab Emirates,middle_east_africa,0,
2017-03-15,2026-09-30,NGM_EPG0_EVE_NUS-NTH_MMCF,exports by vessel,NTH,Thailand,other_asia,3113,3.14
2017-03-15,2026-09-30,NGM_EPG0_EVE_NUS-NTU_MMCF,exports by vessel,NTU,Turkiye,europe,3521,4.6
2017-03-15,2026-09-30,NGM_EPG0_EVE_NUS-NTW_MMCF,exports by vessel,NTW,Taiwan,jkm_markets,0,
2017-03-15,2026-09-30,NGM_EPG0_EVE_NUS-NUK_MMCF,exports by vessel,NUK,United Kingdom,europe,,
2017-03-15,2026-09-30,NGM_EPG0_EVE_NUS-Z00_MMCF,exports by vessel,Z00,,,43489,4.46
2017-03-15,2026-09-30,NGM_EPG0_EVT_NUS-Z00_MMCF,exports by vessel and truck,Z00,,,43553,4.47
2017-04-15,2026-09-30,N9133US2,LNG total including re-exports,Z00,,,50669,5.16
2017-04-15,2026-09-30,NGM_EPG0_ERE_NUS-NAT_MMCF,re-exports,NAT,Argentina,americas,0,
2017-04-15,2026-09-30,NGM_EPG0_ERE_NUS-NBR_MMCF,re-exports,NBR,Brazil,americas,0,
2017-04-15,2026-09-30,NGM_EPG0_ERE_NUS-NCH_MMCF,re-exports,NCH,China,jkm_markets,0,
2017-04-15,2026-09-30,NGM_EPG0_ERE_NUS-NCI_MMCF,re-exports,NCI,Chile,americas,,
2017-04-15,2026-09-30,NGM_EPG0_ERE_NUS-NEG_MMCF,re-exports,NEG,Egypt,middle_east_africa,0,
2017-04-15,2026-09-30,NGM_EPG0_ERE_NUS-NIN_MMCF,re-exports,NIN,India,other_asia,0,
2017-04-15,2026-09-30,NGM_EPG0_ERE_NUS-NJA_MMCF,re-exports,NJA,Japan,jkm_markets,0,
2017-04-15,2026-09-30,NGM_EPG0_ERE_NUS-NKS_MMCF,re-exports,NKS,South Korea,jkm_markets,0,
2017-04-15,2026-09-30,NGM_EPG0_ERE_NUS-NMX_MMCF,re-exports,NMX,Mexico,americas,0,
2017-04-15,2026-09-30,NGM_EPG0_ERE_NUS-NPO_MMCF,re-exports,NPO,Portugal,europe,,
2017-04-15,2026-09-30,NGM_EPG0_ERE_NUS-NSP_MMCF,re-exports,NSP,Spain,europe,0,
2017-04-15,2026-09-30,NGM_EPG0_ERE_NUS-NTU_MMCF,re-exports,NTU,Turkiye,europe,0,
2017-04-15,2026-09-30,NGM_EPG0_ERE_NUS-NUK_MMCF,re-exports,NUK,United Kingdom,europe,0,
2017-04-15,2026-09-30,NGM_EPG0_ERE_NUS-Z00_MMCF,re-exports,Z00,,,0,
2017-04-15,2026-09-30,NGM_EPG0_ETR_NUS-NCA_MMCF,exports by truck,NCA,Canada,americas,0,
2017-04-15,2026-09-30,NGM_EPG0_ETR_NUS-NMX_MMCF,exports by truck,NMX,Mexico,americas,70,8.95
2017-04-15,2026-09-30,NGM_EPG0_ETR_NUS-Z00_MMCF,exports by truck,Z00,,,70,8.95
2017-04-15,2026-09-30,NGM_EPG0_EVE_NUS-NAC_MMCF,exports by vessel,NAC,Antigua and Barbuda,americas,,
2017-04-15,2026-09-30,NGM_EPG0_EVE_NUS-NAT_MMCF,exports by vessel,NAT,Argentina,americas,10135,4.82
2017-04-15,2026-09-30,NGM_EPG0_EVE_NUS-NBA_MMCF,exports by vessel,NBA,Bahrain,middle_east_africa,,
2017-04-15,2026-09-30,NGM_EPG0_EVE_NUS-NBB_MMCF,exports by vessel,NBB,Barbados,americas,15,10.4
2017-04-15,2026-09-30,NGM_EPG0_EVE_NUS-NBE_MMCF,exports by vessel,NBE,Belgium,europe,,
2017-04-15,2026-09-30,NGM_EPG0_EVE_NUS-NBF_MMCF,exports by vessel,NBF,Bahamas,americas,0,
2017-04-15,2026-09-30,NGM_EPG0_EVE_NUS-NBG_MMCF,exports by vessel,NBG,Bangladesh,other_asia,,
2017-04-15,2026-09-30,NGM_EPG0_EVE_NUS-NBR_MMCF,exports by vessel,NBR,Brazil,americas,0,
2017-04-15,2026-09-30,NGM_EPG0_EVE_NUS-NCA_MMCF,exports by vessel,NCA,Canada,americas,,
2017-04-15,2026-09-30,NGM_EPG0_EVE_NUS-NCH_MMCF,exports by vessel,NCH,China,jkm_markets,0,
2017-04-15,2026-09-30,NGM_EPG0_EVE_NUS-NCI_MMCF,exports by vessel,NCI,Chile,americas,5894,6.65
2017-04-15,2026-09-30,NGM_EPG0_EVE_NUS-NCO_MMCF,exports by vessel,NCO,Colombia,americas,0,
2017-04-15,2026-09-30,NGM_EPG0_EVE_NUS-NDR_MMCF,exports by vessel,NDR,Dominican Republic,americas,0,
2017-04-15,2026-09-30,NGM_EPG0_EVE_NUS-NEG_MMCF,exports by vessel,NEG,Egypt,middle_east_africa,0,
2017-04-15,2026-09-30,NGM_EPG0_EVE_NUS-NES_MMCF,exports by vessel,NES,El Salvador,americas,,
2017-04-15,2026-09-30,NGM_EPG0_EVE_NUS-NFI_MMCF,exports by vessel,NFI,Finland,europe,,
2017-04-15,2026-09-30,NGM_EPG0_EVE_NUS-NFR_MMCF,exports by vessel,NFR,France,europe,,
2017-04-15,2026-09-30,NGM_EPG0_EVE_NUS-NGM_MMCF,exports by vessel,NGM,Germany,europe,,
2017-04-15,2026-09-30,NGM_EPG0_EVE_NUS-NGR_MMCF,exports by vessel,NGR,Greece,europe,,
2017-04-15,2026-09-30,NGM_EPG0_EVE_NUS-NHA_MMCF,exports by vessel,NHA,Haiti,americas,,
2017-04-15,2026-09-30,NGM_EPG0_EVE_NUS-NHR_MMCF,exports by vessel,NHR,Croatia,europe,,
2017-04-15,2026-09-30,NGM_EPG0_EVE_NUS-NID_MMCF,exports by vessel,NID,Indonesia,other_asia,,
2017-04-15,2026-09-30,NGM_EPG0_EVE_NUS-NIN_MMCF,exports by vessel,NIN,India,other_asia,0,
2017-04-15,2026-09-30,NGM_EPG0_EVE_NUS-NIS_MMCF,exports by vessel,NIS,Israel,middle_east_africa,0,
2017-04-15,2026-09-30,NGM_EPG0_EVE_NUS-NIT_MMCF,exports by vessel,NIT,Italy,europe,,
2017-04-15,2026-09-30,NGM_EPG0_EVE_NUS-NJA_MMCF,exports by vessel,NJA,Japan,jkm_markets,7398,6.92
2017-04-15,2026-09-30,NGM_EPG0_EVE_NUS-NJM_MMCF,exports by vessel,NJM,Jamaica,americas,,
2017-04-15,2026-09-30,NGM_EPG0_EVE_NUS-NJO_MMCF,exports by vessel,NJO,Jordan,middle_east_africa,0,
2017-04-15,2026-09-30,NGM_EPG0_EVE_NUS-NKS_MMCF,exports by vessel,NKS,South Korea,jkm_markets,3295,6.39
2017-04-15,2026-09-30,NGM_EPG0_EVE_NUS-NKU_MMCF,exports by vessel,NKU,Kuwait,middle_east_africa,6784,4.19
2017-04-15,2026-09-30,NGM_EPG0_EVE_NUS-NLH_MMCF,exports by vessel,NLH,Lithuania,europe,0,
2017-04-15,2026-09-30,NGM_EPG0_EVE_NUS-NM6_MMCF,exports by vessel,NM6,Malta,europe,0,
2017-04-15,2026-09-30,NGM_EPG0_EVE_NUS-NMR_MMCF,exports by vessel,NMR,Mauritania,middle_east_africa,,
2017-04-15,2026-09-30,NGM_EPG0_EVE_NUS-NMX_MMCF,exports by vessel,NMX,Mexico,americas,13730,4.31
2017-04-15,2026-09-30,NGM_EPG0_EVE_NUS-NMY_MMCF,exports by vessel,NMY,Malaysia,other_asia,,
2017-04-15,2026-09-30,NGM_EPG0_EVE_NUS-NNL_MMCF,exports by vessel,NNL,Netherlands,europe,0,
2017-04-15,2026-09-30,NGM_EPG0_EVE_NUS-NNU_MMCF,exports by vessel,NNU,Nicaragua,americas,,
2017-04-15,2026-09-30,NGM_EPG0_EVE_NUS-NPK_MMCF,exports by vessel,NPK,Pakistan,other_asia,0,
2017-04-15,2026-09-30,NGM_EPG0_EVE_NUS-NPL_MMCF,exports by vessel,NPL,Poland,europe,0,
2017-04-15,2026-09-30,NGM_EPG0_EVE_NUS-NPM_MMCF,exports by vessel,NPM,Panama,americas,0,
2017-04-15,2026-09-30,NGM_EPG0_EVE_NUS-NPO_MMCF,exports by vessel,NPO,Portugal,europe,0,
2017-04-15,2026-09-30,NGM_EPG0_EVE_NUS-NRP_MMCF,exports by vessel,NRP,Philippines,other_asia,,
2017-04-15,2026-09-30,NGM_EPG0_EVE_NUS-NRS_MMCF,exports by vessel,NRS,Russia,europe,0,
2017-04-15,2026-09-30,NGM_EPG0_EVE_NUS-NSG_MMCF,exports by vessel,NSG,Senegal,middle_east_africa,,
2017-04-15,2026-09-30,NGM_EPG0_EVE_NUS-NSN_MMCF,exports by vessel,NSN,Singapore,other_asia,,
2017-04-15,2026-09-30,NGM_EPG0_EVE_NUS-NSP_MMCF,exports by vessel,NSP,Spain,europe,0,
2017-04-15,2026-09-30,NGM_EPG0_EVE_NUS-NTC_MMCF,exports by vessel,NTC,United Arab Emirates,middle_east_africa,3347,3.8
2017-04-15,2026-09-30,NGM_EPG0_EVE_NUS-NTH_MMCF,exports by vessel,NTH,Thailand,other_asia,0,
2017-04-15,2026-09-30,NGM_EPG0_EVE_NUS-NTU_MMCF,exports by vessel,NTU,Turkiye,europe,0,
2017-04-15,2026-09-30,NGM_EPG0_EVE_NUS-NTW_MMCF,exports by vessel,NTW,Taiwan,jkm_markets,0,
2017-04-15,2026-09-30,NGM_EPG0_EVE_NUS-NUK_MMCF,exports by vessel,NUK,United Kingdom,europe,,
2017-04-15,2026-09-30,NGM_EPG0_EVE_NUS-Z00_MMCF,exports by vessel,Z00,,,50599,5.15
2017-04-15,2026-09-30,NGM_EPG0_EVT_NUS-Z00_MMCF,exports by vessel and truck,Z00,,,50669,5.16
2017-05-15,2026-09-30,N9133US2,LNG total including re-exports,Z00,,,60782,4.8
2017-05-15,2026-09-30,NGM_EPG0_ERE_NUS-NAT_MMCF,re-exports,NAT,Argentina,americas,0,
2017-05-15,2026-09-30,NGM_EPG0_ERE_NUS-NBR_MMCF,re-exports,NBR,Brazil,americas,0,
2017-05-15,2026-09-30,NGM_EPG0_ERE_NUS-NCH_MMCF,re-exports,NCH,China,jkm_markets,0,
2017-05-15,2026-09-30,NGM_EPG0_ERE_NUS-NCI_MMCF,re-exports,NCI,Chile,americas,,
2017-05-15,2026-09-30,NGM_EPG0_ERE_NUS-NEG_MMCF,re-exports,NEG,Egypt,middle_east_africa,0,
2017-05-15,2026-09-30,NGM_EPG0_ERE_NUS-NIN_MMCF,re-exports,NIN,India,other_asia,0,
2017-05-15,2026-09-30,NGM_EPG0_ERE_NUS-NJA_MMCF,re-exports,NJA,Japan,jkm_markets,0,
2017-05-15,2026-09-30,NGM_EPG0_ERE_NUS-NKS_MMCF,re-exports,NKS,South Korea,jkm_markets,0,
2017-05-15,2026-09-30,NGM_EPG0_ERE_NUS-NMX_MMCF,re-exports,NMX,Mexico,americas,0,
2017-05-15,2026-09-30,NGM_EPG0_ERE_NUS-NPO_MMCF,re-exports,NPO,Portugal,europe,,
2017-05-15,2026-09-30,NGM_EPG0_ERE_NUS-NSP_MMCF,re-exports,NSP,Spain,europe,0,
2017-05-15,2026-09-30,NGM_EPG0_ERE_NUS-NTU_MMCF,re-exports,NTU,Turkiye,europe,0,
2017-05-15,2026-09-30,NGM_EPG0_ERE_NUS-NUK_MMCF,re-exports,NUK,United Kingdom,europe,0,
2017-05-15,2026-09-30,NGM_EPG0_ERE_NUS-Z00_MMCF,re-exports,Z00,,,0,
2017-05-15,2026-09-30,NGM_EPG0_ETR_NUS-NCA_MMCF,exports by truck,NCA,Canada,americas,0,
2017-05-15,2026-09-30,NGM_EPG0_ETR_NUS-NMX_MMCF,exports by truck,NMX,Mexico,americas,26,8.9
2017-05-15,2026-09-30,NGM_EPG0_ETR_NUS-Z00_MMCF,exports by truck,Z00,,,26,8.9
2017-05-15,2026-09-30,NGM_EPG0_EVE_NUS-NAC_MMCF,exports by vessel,NAC,Antigua and Barbuda,americas,,
2017-05-15,2026-09-30,NGM_EPG0_EVE_NUS-NAT_MMCF,exports by vessel,NAT,Argentina,americas,3192,4.77
2017-05-15,2026-09-30,NGM_EPG0_EVE_NUS-NBA_MMCF,exports by vessel,NBA,Bahrain,middle_east_africa,,
2017-05-15,2026-09-30,NGM_EPG0_EVE_NUS-NBB_MMCF,exports by vessel,NBB,Barbados,americas,15,10.4
2017-05-15,2026-09-30,NGM_EPG0_EVE_NUS-NBE_MMCF,exports by vessel,NBE,Belgium,europe,,
2017-05-15,2026-09-30,NGM_EPG0_EVE_NUS-NBF_MMCF,exports by vessel,NBF,Bahamas,americas,0,
2017-05-15,2026-09-30,NGM_EPG0_EVE_NUS-NBG_MMCF,exports by vessel,NBG,Bangladesh,other_asia,,
2017-05-15,2026-09-30,NGM_EPG0_EVE_NUS-NBR_MMCF,exports by vessel,NBR,Brazil,americas,3676,4.63
2017-05-15,2026-09-30,NGM_EPG0_EVE_NUS-NCA_MMCF,exports by vessel,NCA,Canada,americas,,
2017-05-15,2026-09-30,NGM_EPG0_EVE_NUS-NCH_MMCF,exports by vessel,NCH,China,jkm_markets,3514,4.62
2017-05-15,2026-09-30,NGM_EPG0_EVE_NUS-NCI_MMCF,exports by vessel,NCI,Chile,americas,0,
2017-05-15,2026-09-30,NGM_EPG0_EVE_NUS-NCO_MMCF,exports by vessel,NCO,Colombia,americas,0,
2017-05-15,2026-09-30,NGM_EPG0_EVE_NUS-NDR_MMCF,exports by vessel,NDR,Dominican Republic,americas,0,
2017-05-15,2026-09-30,NGM_EPG0_EVE_NUS-NEG_MMCF,exports by vessel,NEG,Egypt,middle_east_africa,0,
2017-05-15,2026-09-30,NGM_EPG0_EVE_NUS-NES_MMCF,exports by vessel,NES,El Salvador,americas,,
2017-05-15,2026-09-30,NGM_EPG0_EVE_NUS-NFI_MMCF,exports by vessel,NFI,Finland,europe,,
2017-05-15,2026-09-30,NGM_EPG0_EVE_NUS-NFR_MMCF,exports by vessel,NFR,France,europe,,
2017-05-15,2026-09-30,NGM_EPG0_EVE_NUS-NGM_MMCF,exports by vessel,NGM,Germany,europe,,
2017-05-15,2026-09-30,NGM_EPG0_EVE_NUS-NGR_MMCF,exports by vessel,NGR,Greece,europe,,
2017-05-15,2026-09-30,NGM_EPG0_EVE_NUS-NHA_MMCF,exports by vessel,NHA,Haiti,americas,,
2017-05-15,2026-09-30,NGM_EPG0_EVE_NUS-NHR_MMCF,exports by vessel,NHR,Croatia,europe,,
2017-05-15,2026-09-30,NGM_EPG0_EVE_NUS-NID_MMCF,exports by vessel,NID,Indonesia,other_asia,,
2017-05-15,2026-09-30,NGM_EPG0_EVE_NUS-NIN_MMCF,exports by vessel,NIN,India,other_asia,0,
2017-05-15,2026-09-30,NGM_EPG0_EVE_NUS-NIS_MMCF,exports by vessel,NIS,Israel,middle_east_africa,0,
2017-05-15,2026-09-30,NGM_EPG0_EVE_NUS-NIT_MMCF,exports by vessel,NIT,Italy,europe,,
2017-05-15,2026-09-30,NGM_EPG0_EVE_NUS-NJA_MMCF,exports by vessel,NJA,Japan,jkm_markets,3667,6.88
2017-05-15,2026-09-30,NGM_EPG0_EVE_NUS-NJM_MMCF,exports by vessel,NJM,Jamaica,americas,,
2017-05-15,2026-09-30,NGM_EPG0_EVE_NUS-NJO_MMCF,exports by vessel,NJO,Jordan,middle_east_africa,3453,3.76
2017-05-15,2026-09-30,NGM_EPG0_EVE_NUS-NKS_MMCF,exports by vessel,NKS,South Korea,jkm_markets,6818,4.88
2017-05-15,2026-09-30,NGM_EPG0_EVE_NUS-NKU_MMCF,exports by vessel,NKU,Kuwait,middle_east_africa,3281,4.77
2017-05-15,2026-09-30,NGM_EPG0_EVE_NUS-NLH_MMCF,exports by vessel,NLH,Lithuania,europe,0,
2017-05-15,2026-09-30,NGM_EPG0_EVE_NUS-NM6_MMCF,exports by vessel,NM6,Malta,europe,0,
2017-05-15,2026-09-30,NGM_EPG0_EVE_NUS-NMR_MMCF,exports by vessel,NMR,Mauritania,middle_east_africa,,
2017-05-15,2026-09-30,NGM_EPG0_EVE_NUS-NMX_MMCF,exports by vessel,NMX,Mexico,americas,10023,4.67
2017-05-15,2026-09-30,NGM_EPG0_EVE_NUS-NMY_MMCF,exports by vessel,NMY,Malaysia,other_asia,,
2017-05-15,2026-09-30,NGM_EPG0_EVE_NUS-NNL_MMCF,exports by vessel,NNL,Netherlands,europe,3042,6.35
2017-05-15,2026-09-30,NGM_EPG0_EVE_NUS-NNU_MMCF,exports by vessel,NNU,Nicaragua,americas,,
2017-05-15,2026-09-30,NGM_EPG0_EVE_NUS-NPK_MMCF,exports by vessel,NPK,Pakistan,other_asia,0,
2017-05-15,2026-09-30,NGM_EPG0_EVE_NUS-NPL_MMCF,exports by vessel,NPL,Poland,europe,3440,4.26
2017-05-15,2026-09-30,NGM_EPG0_EVE_NUS-NPM_MMCF,exports by vessel,NPM,Panama,americas,0,
2017-05-15,2026-09-30,NGM_EPG0_EVE_NUS-NPO_MMCF,exports by vessel,NPO,Portugal,europe,3625,6.35
2017-05-15,2026-09-30,NGM_EPG0_EVE_NUS-NRP_MMCF,exports by vessel,NRP,Philippines,other_asia,,
2017-05-15,2026-09-30,NGM_EPG0_EVE_NUS-NRS_MMCF,exports by vessel,NRS,Russia,europe,0,
2017-05-15,2026-09-30,NGM_EPG0_EVE_NUS-NSG_MMCF,exports by vessel,NSG,Senegal,middle_east_africa,,
2017-05-15,2026-09-30,NGM_EPG0_EVE_NUS-NSN_MMCF,exports by vessel,NSN,Singapore,other_asia,,
2017-05-15,2026-09-30,NGM_EPG0_EVE_NUS-NSP_MMCF,exports by vessel,NSP,Spain,europe,0,
2017-05-15,2026-09-30,NGM_EPG0_EVE_NUS-NTC_MMCF,exports by vessel,NTC,United Arab Emirates,middle_east_africa,10062,3.89
2017-05-15,2026-09-30,NGM_EPG0_EVE_NUS-NTH_MMCF,exports by vessel,NTH,Thailand,other_asia,0,
2017-05-15,2026-09-30,NGM_EPG0_EVE_NUS-NTU_MMCF,exports by vessel,NTU,Turkiye,europe,0,
2017-05-15,2026-09-30,NGM_EPG0_EVE_NUS-NTW_MMCF,exports by vessel,NTW,Taiwan,jkm_markets,2949,4.43
2017-05-15,2026-09-30,NGM_EPG0_EVE_NUS-NUK_MMCF,exports by vessel,NUK,United Kingdom,europe,,
2017-05-15,2026-09-30,NGM_EPG0_EVE_NUS-Z00_MMCF,exports by vessel,Z00,,,60756,4.8
2017-05-15,2026-09-30,NGM_EPG0_EVT_NUS-Z00_MMCF,exports by vessel and truck,Z00,,,60782,4.8
2017-06-15,2026-09-30,N9133US2,LNG total including re-exports,Z00,,,52462,4.61
2017-06-15,2026-09-30,NGM_EPG0_ERE_NUS-NAT_MMCF,re-exports,NAT,Argentina,americas,0,
2017-06-15,2026-09-30,NGM_EPG0_ERE_NUS-NBR_MMCF,re-exports,NBR,Brazil,americas,0,
2017-06-15,2026-09-30,NGM_EPG0_ERE_NUS-NCH_MMCF,re-exports,NCH,China,jkm_markets,0,
2017-06-15,2026-09-30,NGM_EPG0_ERE_NUS-NCI_MMCF,re-exports,NCI,Chile,americas,,
2017-06-15,2026-09-30,NGM_EPG0_ERE_NUS-NEG_MMCF,re-exports,NEG,Egypt,middle_east_africa,0,
2017-06-15,2026-09-30,NGM_EPG0_ERE_NUS-NIN_MMCF,re-exports,NIN,India,other_asia,0,
2017-06-15,2026-09-30,NGM_EPG0_ERE_NUS-NJA_MMCF,re-exports,NJA,Japan,jkm_markets,0,
2017-06-15,2026-09-30,NGM_EPG0_ERE_NUS-NKS_MMCF,re-exports,NKS,South Korea,jkm_markets,0,
2017-06-15,2026-09-30,NGM_EPG0_ERE_NUS-NMX_MMCF,re-exports,NMX,Mexico,americas,0,
2017-06-15,2026-09-30,NGM_EPG0_ERE_NUS-NPO_MMCF,re-exports,NPO,Portugal,europe,,
2017-06-15,2026-09-30,NGM_EPG0_ERE_NUS-NSP_MMCF,re-exports,NSP,Spain,europe,0,
2017-06-15,2026-09-30,NGM_EPG0_ERE_NUS-NTU_MMCF,re-exports,NTU,Turkiye,europe,0,
2017-06-15,2026-09-30,NGM_EPG0_ERE_NUS-NUK_MMCF,re-exports,NUK,United Kingdom,europe,0,
2017-06-15,2026-09-30,NGM_EPG0_ERE_NUS-Z00_MMCF,re-exports,Z00,,,0,
2017-06-15,2026-09-30,NGM_EPG0_ETR_NUS-NCA_MMCF,exports by truck,NCA,Canada,americas,0,
2017-06-15,2026-09-30,NGM_EPG0_ETR_NUS-NMX_MMCF,exports by truck,NMX,Mexico,americas,19,9.04
2017-06-15,2026-09-30,NGM_EPG0_ETR_NUS-Z00_MMCF,exports by truck,Z00,,,19,9.04
2017-06-15,2026-09-30,NGM_EPG0_EVE_NUS-NAC_MMCF,exports by vessel,NAC,Antigua and Barbuda,americas,,
2017-06-15,2026-09-30,NGM_EPG0_EVE_NUS-NAT_MMCF,exports by vessel,NAT,Argentina,americas,2949,3.87
2017-06-15,2026-09-30,NGM_EPG0_EVE_NUS-NBA_MMCF,exports by vessel,NBA,Bahrain,middle_east_africa,,
2017-06-15,2026-09-30,NGM_EPG0_EVE_NUS-NBB_MMCF,exports by vessel,NBB,Barbados,americas,16,10.4
2017-06-15,2026-09-30,NGM_EPG0_EVE_NUS-NBE_MMCF,exports by vessel,NBE,Belgium,europe,,
2017-06-15,2026-09-30,NGM_EPG0_EVE_NUS-NBF_MMCF,exports by vessel,NBF,Bahamas,americas,0,
2017-06-15,2026-09-30,NGM_EPG0_EVE_NUS-NBG_MMCF,exports by vessel,NBG,Bangladesh,other_asia,,
2017-06-15,2026-09-30,NGM_EPG0_EVE_NUS-NBR_MMCF,exports by vessel,NBR,Brazil,americas,0,
2017-06-15,2026-09-30,NGM_EPG0_EVE_NUS-NCA_MMCF,exports by vessel,NCA,Canada,americas,,
2017-06-15,2026-09-30,NGM_EPG0_EVE_NUS-NCH_MMCF,exports by vessel,NCH,China,jkm_markets,0,
2017-06-15,2026-09-30,NGM_EPG0_EVE_NUS-NCI_MMCF,exports by vessel,NCI,Chile,americas,3657,6.46
2017-06-15,2026-09-30,NGM_EPG0_EVE_NUS-NCO_MMCF,exports by vessel,NCO,Colombia,americas,0,
2017-06-15,2026-09-30,NGM_EPG0_EVE_NUS-NDR_MMCF,exports by vessel,NDR,Dominican Republic,americas,0,
2017-06-15,2026-09-30,NGM_EPG0_EVE_NUS-NEG_MMCF,exports by vessel,NEG,Egypt,middle_east_africa,0,
2017-06-15,2026-09-30,NGM_EPG0_EVE_NUS-NES_MMCF,exports by vessel,NES,El Salvador,americas,,
2017-06-15,2026-09-30,NGM_EPG0_EVE_NUS-NFI_MMCF,exports by vessel,NFI,Finland,europe,,
2017-06-15,2026-09-30,NGM_EPG0_EVE_NUS-NFR_MMCF,exports by vessel,NFR,France,europe,,
2017-06-15,2026-09-30,NGM_EPG0_EVE_NUS-NGM_MMCF,exports by vessel,NGM,Germany,europe,,
2017-06-15,2026-09-30,NGM_EPG0_EVE_NUS-NGR_MMCF,exports by vessel,NGR,Greece,europe,,
2017-06-15,2026-09-30,NGM_EPG0_EVE_NUS-NHA_MMCF,exports by vessel,NHA,Haiti,americas,,
2017-06-15,2026-09-30,NGM_EPG0_EVE_NUS-NHR_MMCF,exports by vessel,NHR,Croatia,europe,,
2017-06-15,2026-09-30,NGM_EPG0_EVE_NUS-NID_MMCF,exports by vessel,NID,Indonesia,other_asia,,
2017-06-15,2026-09-30,NGM_EPG0_EVE_NUS-NIN_MMCF,exports by vessel,NIN,India,other_asia,3413,4.67
2017-06-15,2026-09-30,NGM_EPG0_EVE_NUS-NIS_MMCF,exports by vessel,NIS,Israel,middle_east_africa,0,
2017-06-15,2026-09-30,NGM_EPG0_EVE_NUS-NIT_MMCF,exports by vessel,NIT,Italy,europe,3120,4.38
2017-06-15,2026-09-30,NGM_EPG0_EVE_NUS-NJA_MMCF,exports by vessel,NJA,Japan,jkm_markets,3683,6.99
2017-06-15,2026-09-30,NGM_EPG0_EVE_NUS-NJM_MMCF,exports by vessel,NJM,Jamaica,americas,,
2017-06-15,2026-09-30,NGM_EPG0_EVE_NUS-NJO_MMCF,exports by vessel,NJO,Jordan,middle_east_africa,0,
2017-06-15,2026-09-30,NGM_EPG0_EVE_NUS-NKS_MMCF,exports by vessel,NKS,South Korea,jkm_markets,7431,3.87
2017-06-15,2026-09-30,NGM_EPG0_EVE_NUS-NKU_MMCF,exports by vessel,NKU,Kuwait,middle_east_africa,0,
2017-06-15,2026-09-30,NGM_EPG0_EVE_NUS-NLH_MMCF,exports by vessel,NLH,Lithuania,europe,0,
2017-06-15,2026-09-30,NGM_EPG0_EVE_NUS-NM6_MMCF,exports by vessel,NM6,Malta,europe,0,
2017-06-15,2026-09-30,NGM_EPG0_EVE_NUS-NMR_MMCF,exports by vessel,NMR,Mauritania,middle_east_africa,,
2017-06-15,2026-09-30,NGM_EPG0_EVE_NUS-NMX_MMCF,exports by vessel,NMX,Mexico,americas,24763,4.4
2017-06-15,2026-09-30,NGM_EPG0_EVE_NUS-NMY_MMCF,exports by vessel,NMY,Malaysia,other_asia,,
2017-06-15,2026-09-30,NGM_EPG0_EVE_NUS-NNL_MMCF,exports by vessel,NNL,Netherlands,europe,0,
2017-06-15,2026-09-30,NGM_EPG0_EVE_NUS-NNU_MMCF,exports by vessel,NNU,Nicaragua,americas,,
2017-06-15,2026-09-30,NGM_EPG0_EVE_NUS-NPK_MMCF,exports by vessel,NPK,Pakistan,other_asia,0,
2017-06-15,2026-09-30,NGM_EPG0_EVE_NUS-NPL_MMCF,exports by vessel,NPL,Poland,europe,0,
2017-06-15,2026-09-30,NGM_EPG0_EVE_NUS-NPM_MMCF,exports by vessel,NPM,Panama,americas,0,
2017-06-15,2026-09-30,NGM_EPG0_EVE_NUS-NPO_MMCF,exports by vessel,NPO,Portugal,europe,0,
2017-06-15,2026-09-30,NGM_EPG0_EVE_NUS-NRP_MMCF,exports by vessel,NRP,Philippines,other_asia,,
2017-06-15,2026-09-30,NGM_EPG0_EVE_NUS-NRS_MMCF,exports by vessel,NRS,Russia,europe,0,
2017-06-15,2026-09-30,NGM_EPG0_EVE_NUS-NSG_MMCF,exports by vessel,NSG,Senegal,middle_east_africa,,
2017-06-15,2026-09-30,NGM_EPG0_EVE_NUS-NSN_MMCF,exports by vessel,NSN,Singapore,other_asia,,
2017-06-15,2026-09-30,NGM_EPG0_EVE_NUS-NSP_MMCF,exports by vessel,NSP,Spain,europe,0,
2017-06-15,2026-09-30,NGM_EPG0_EVE_NUS-NTC_MMCF,exports by vessel,NTC,United Arab Emirates,middle_east_africa,0,
2017-06-15,2026-09-30,NGM_EPG0_EVE_NUS-NTH_MMCF,exports by vessel,NTH,Thailand,other_asia,0,
2017-06-15,2026-09-30,NGM_EPG0_EVE_NUS-NTU_MMCF,exports by vessel,NTU,Turkiye,europe,0,
2017-06-15,2026-09-30,NGM_EPG0_EVE_NUS-NTW_MMCF,exports by vessel,NTW,Taiwan,jkm_markets,0,
2017-06-15,2026-09-30,NGM_EPG0_EVE_NUS-NUK_MMCF,exports by vessel,NUK,United Kingdom,europe,3410,3.87
2017-06-15,2026-09-30,NGM_EPG0_EVE_NUS-Z00_MMCF,exports by vessel,Z00,,,52443,4.6
2017-06-15,2026-09-30,NGM_EPG0_EVT_NUS-Z00_MMCF,exports by vessel and truck,Z00,,,52462,4.61
2017-07-15,2026-09-30,N9133US2,LNG total including re-exports,Z00,,,53592,4.26
2017-07-15,2026-09-30,NGM_EPG0_ERE_NUS-NAT_MMCF,re-exports,NAT,Argentina,americas,0,
2017-07-15,2026-09-30,NGM_EPG0_ERE_NUS-NBR_MMCF,re-exports,NBR,Brazil,americas,0,
2017-07-15,2026-09-30,NGM_EPG0_ERE_NUS-NCH_MMCF,re-exports,NCH,China,jkm_markets,0,
2017-07-15,2026-09-30,NGM_EPG0_ERE_NUS-NCI_MMCF,re-exports,NCI,Chile,americas,,
2017-07-15,2026-09-30,NGM_EPG0_ERE_NUS-NEG_MMCF,re-exports,NEG,Egypt,middle_east_africa,0,
2017-07-15,2026-09-30,NGM_EPG0_ERE_NUS-NIN_MMCF,re-exports,NIN,India,other_asia,0,
2017-07-15,2026-09-30,NGM_EPG0_ERE_NUS-NJA_MMCF,re-exports,NJA,Japan,jkm_markets,0,
2017-07-15,2026-09-30,NGM_EPG0_ERE_NUS-NKS_MMCF,re-exports,NKS,South Korea,jkm_markets,0,
2017-07-15,2026-09-30,NGM_EPG0_ERE_NUS-NMX_MMCF,re-exports,NMX,Mexico,americas,0,
2017-07-15,2026-09-30,NGM_EPG0_ERE_NUS-NPO_MMCF,re-exports,NPO,Portugal,europe,,
2017-07-15,2026-09-30,NGM_EPG0_ERE_NUS-NSP_MMCF,re-exports,NSP,Spain,europe,0,
2017-07-15,2026-09-30,NGM_EPG0_ERE_NUS-NTU_MMCF,re-exports,NTU,Turkiye,europe,0,
2017-07-15,2026-09-30,NGM_EPG0_ERE_NUS-NUK_MMCF,re-exports,NUK,United Kingdom,europe,0,
2017-07-15,2026-09-30,NGM_EPG0_ERE_NUS-Z00_MMCF,re-exports,Z00,,,0,
2017-07-15,2026-09-30,NGM_EPG0_ETR_NUS-NCA_MMCF,exports by truck,NCA,Canada,americas,0,
2017-07-15,2026-09-30,NGM_EPG0_ETR_NUS-NMX_MMCF,exports by truck,NMX,Mexico,americas,44,8.79
2017-07-15,2026-09-30,NGM_EPG0_ETR_NUS-Z00_MMCF,exports by truck,Z00,,,44,8.79
2017-07-15,2026-09-30,NGM_EPG0_EVE_NUS-NAC_MMCF,exports by vessel,NAC,Antigua and Barbuda,americas,,
2017-07-15,2026-09-30,NGM_EPG0_EVE_NUS-NAT_MMCF,exports by vessel,NAT,Argentina,americas,0,
2017-07-15,2026-09-30,NGM_EPG0_EVE_NUS-NBA_MMCF,exports by vessel,NBA,Bahrain,middle_east_africa,,
2017-07-15,2026-09-30,NGM_EPG0_EVE_NUS-NBB_MMCF,exports by vessel,NBB,Barbados,americas,10,10.4
2017-07-15,2026-09-30,NGM_EPG0_EVE_NUS-NBE_MMCF,exports by vessel,NBE,Belgium,europe,,
2017-07-15,2026-09-30,NGM_EPG0_EVE_NUS-NBF_MMCF,exports by vessel,NBF,Bahamas,americas,0,
2017-07-15,2026-09-30,NGM_EPG0_EVE_NUS-NBG_MMCF,exports by vessel,NBG,Bangladesh,other_asia,,
2017-07-15,2026-09-30,NGM_EPG0_EVE_NUS-NBR_MMCF,exports by vessel,NBR,Brazil,americas,3642,4.23
2017-07-15,2026-09-30,NGM_EPG0_EVE_NUS-NCA_MMCF,exports by vessel,NCA,Canada,americas,,
2017-07-15,2026-09-30,NGM_EPG0_EVE_NUS-NCH_MMCF,exports by vessel,NCH,China,jkm_markets,7218,3.67
2017-07-15,2026-09-30,NGM_EPG0_EVE_NUS-NCI_MMCF,exports by vessel,NCI,Chile,americas,3256,3.67
2017-07-15,2026-09-30,NGM_EPG0_EVE_NUS-NCO_MMCF,exports by vessel,NCO,Colombia,americas,0,
2017-07-15,2026-09-30,NGM_EPG0_EVE_NUS-NDR_MMCF,exports by vessel,NDR,Dominican Republic,americas,0,
2017-07-15,2026-09-30,NGM_EPG0_EVE_NUS-NEG_MMCF,exports by vessel,NEG,Egypt,middle_east_africa,3464,6.26
2017-07-15,2026-09-30,NGM_EPG0_EVE_NUS-NES_MMCF,exports by vessel,NES,El Salvador,americas,,
2017-07-15,2026-09-30,NGM_EPG0_EVE_NUS-NFI_MMCF,exports by vessel,NFI,Finland,europe,,
2017-07-15,2026-09-30,NGM_EPG0_EVE_NUS-NFR_MMCF,exports by vessel,NFR,France,europe,,
2017-07-15,2026-09-30,NGM_EPG0_EVE_NUS-NGM_MMCF,exports by vessel,NGM,Germany,europe,,
2017-07-15,2026-09-30,NGM_EPG0_EVE_NUS-NGR_MMCF,exports by vessel,NGR,Greece,europe,,
2017-07-15,2026-09-30,NGM_EPG0_EVE_NUS-NHA_MMCF,exports by vessel,NHA,Haiti,americas,,
2017-07-15,2026-09-30,NGM_EPG0_EVE_NUS-NHR_MMCF,exports by vessel,NHR,Croatia,europe,,
2017-07-15,2026-09-30,NGM_EPG0_EVE_NUS-NID_MMCF,exports by vessel,NID,Indonesia,other_asia,,
2017-07-15,2026-09-30,NGM_EPG0_EVE_NUS-NIN_MMCF,exports by vessel,NIN,India,other_asia,0,
2017-07-15,2026-09-30,NGM_EPG0_EVE_NUS-NIS_MMCF,exports by vessel,NIS,Israel,middle_east_africa,0,
2017-07-15,2026-09-30,NGM_EPG0_EVE_NUS-NIT_MMCF,exports by vessel,NIT,Italy,europe,,
2017-07-15,2026-09-30,NGM_EPG0_EVE_NUS-NJA_MMCF,exports by vessel,NJA,Japan,jkm_markets,0,
2017-07-15,2026-09-30,NGM_EPG0_EVE_NUS-NJM_MMCF,exports by vessel,NJM,Jamaica,americas,,
2017-07-15,2026-09-30,NGM_EPG0_EVE_NUS-NJO_MMCF,exports by vessel,NJO,Jordan,middle_east_africa,0,
2017-07-15,2026-09-30,NGM_EPG0_EVE_NUS-NKS_MMCF,exports by vessel,NKS,South Korea,jkm_markets,14238,3.67
2017-07-15,2026-09-30,NGM_EPG0_EVE_NUS-NKU_MMCF,exports by vessel,NKU,Kuwait,middle_east_africa,3410,4.51
2017-07-15,2026-09-30,NGM_EPG0_EVE_NUS-NLH_MMCF,exports by vessel,NLH,Lithuania,europe,0,
2017-07-15,2026-09-30,NGM_EPG0_EVE_NUS-NM6_MMCF,exports by vessel,NM6,Malta,europe,0,
2017-07-15,2026-09-30,NGM_EPG0_EVE_NUS-NMR_MMCF,exports by vessel,NMR,Mauritania,middle_east_africa,,
2017-07-15,2026-09-30,NGM_EPG0_EVE_NUS-NMX_MMCF,exports by vessel,NMX,Mexico,americas,14432,4.17
2017-07-15,2026-09-30,NGM_EPG0_EVE_NUS-NMY_MMCF,exports by vessel,NMY,Malaysia,other_asia,,
2017-07-15,2026-09-30,NGM_EPG0_EVE_NUS-NNL_MMCF,exports by vessel,NNL,Netherlands,europe,0,
2017-07-15,2026-09-30,NGM_EPG0_EVE_NUS-NNU_MMCF,exports by vessel,NNU,Nicaragua,americas,,
2017-07-15,2026-09-30,NGM_EPG0_EVE_NUS-NPK_MMCF,exports by vessel,NPK,Pakistan,other_asia,0,
2017-07-15,2026-09-30,NGM_EPG0_EVE_NUS-NPL_MMCF,exports by vessel,NPL,Poland,europe,0,
2017-07-15,2026-09-30,NGM_EPG0_EVE_NUS-NPM_MMCF,exports by vessel,NPM,Panama,americas,0,
2017-07-15,2026-09-30,NGM_EPG0_EVE_NUS-NPO_MMCF,exports by vessel,NPO,Portugal,europe,3662,6.26
2017-07-15,2026-09-30,NGM_EPG0_EVE_NUS-NRP_MMCF,exports by vessel,NRP,Philippines,other_asia,,
2017-07-15,2026-09-30,NGM_EPG0_EVE_NUS-NRS_MMCF,exports by vessel,NRS,Russia,europe,0,
2017-07-15,2026-09-30,NGM_EPG0_EVE_NUS-NSG_MMCF,exports by vessel,NSG,Senegal,middle_east_africa,,
2017-07-15,2026-09-30,NGM_EPG0_EVE_NUS-NSN_MMCF,exports by vessel,NSN,Singapore,other_asia,,
2017-07-15,2026-09-30,NGM_EPG0_EVE_NUS-NSP_MMCF,exports by vessel,NSP,Spain,europe,217,6.26
2017-07-15,2026-09-30,NGM_EPG0_EVE_NUS-NTC_MMCF,exports by vessel,NTC,United Arab Emirates,middle_east_africa,0,
2017-07-15,2026-09-30,NGM_EPG0_EVE_NUS-NTH_MMCF,exports by vessel,NTH,Thailand,other_asia,0,
2017-07-15,2026-09-30,NGM_EPG0_EVE_NUS-NTU_MMCF,exports by vessel,NTU,Turkiye,europe,0,
2017-07-15,2026-09-30,NGM_EPG0_EVE_NUS-NTW_MMCF,exports by vessel,NTW,Taiwan,jkm_markets,0,
2017-07-15,2026-09-30,NGM_EPG0_EVE_NUS-NUK_MMCF,exports by vessel,NUK,United Kingdom,europe,,
2017-07-15,2026-09-30,NGM_EPG0_EVE_NUS-Z00_MMCF,exports by vessel,Z00,,,53548,4.25
2017-07-15,2026-09-30,NGM_EPG0_EVT_NUS-Z00_MMCF,exports by vessel and truck,Z00,,,53592,4.26
2017-08-15,2026-09-30,N9133US2,LNG total including re-exports,Z00,,,45468,3.88
2017-08-15,2026-09-30,NGM_EPG0_ERE_NUS-NAT_MMCF,re-exports,NAT,Argentina,americas,0,
2017-08-15,2026-09-30,NGM_EPG0_ERE_NUS-NBR_MMCF,re-exports,NBR,Brazil,americas,0,
2017-08-15,2026-09-30,NGM_EPG0_ERE_NUS-NCH_MMCF,re-exports,NCH,China,jkm_markets,0,
2017-08-15,2026-09-30,NGM_EPG0_ERE_NUS-NCI_MMCF,re-exports,NCI,Chile,americas,,
2017-08-15,2026-09-30,NGM_EPG0_ERE_NUS-NEG_MMCF,re-exports,NEG,Egypt,middle_east_africa,0,
2017-08-15,2026-09-30,NGM_EPG0_ERE_NUS-NIN_MMCF,re-exports,NIN,India,other_asia,0,
2017-08-15,2026-09-30,NGM_EPG0_ERE_NUS-NJA_MMCF,re-exports,NJA,Japan,jkm_markets,0,
2017-08-15,2026-09-30,NGM_EPG0_ERE_NUS-NKS_MMCF,re-exports,NKS,South Korea,jkm_markets,0,
2017-08-15,2026-09-30,NGM_EPG0_ERE_NUS-NMX_MMCF,re-exports,NMX,Mexico,americas,0,
2017-08-15,2026-09-30,NGM_EPG0_ERE_NUS-NPO_MMCF,re-exports,NPO,Portugal,europe,,
2017-08-15,2026-09-30,NGM_EPG0_ERE_NUS-NSP_MMCF,re-exports,NSP,Spain,europe,0,
2017-08-15,2026-09-30,NGM_EPG0_ERE_NUS-NTU_MMCF,re-exports,NTU,Turkiye,europe,0,
2017-08-15,2026-09-30,NGM_EPG0_ERE_NUS-NUK_MMCF,re-exports,NUK,United Kingdom,europe,0,
2017-08-15,2026-09-30,NGM_EPG0_ERE_NUS-Z00_MMCF,re-exports,Z00,,,0,
2017-08-15,2026-09-30,NGM_EPG0_ETR_NUS-NCA_MMCF,exports by truck,NCA,Canada,americas,0,
2017-08-15,2026-09-30,NGM_EPG0_ETR_NUS-NMX_MMCF,exports by truck,NMX,Mexico,americas,33,8.94
2017-08-15,2026-09-30,NGM_EPG0_ETR_NUS-Z00_MMCF,exports by truck,Z00,,,33,8.94
2017-08-15,2026-09-30,NGM_EPG0_EVE_NUS-NAC_MMCF,exports by vessel,NAC,Antigua and Barbuda,americas,,
2017-08-15,2026-09-30,NGM_EPG0_EVE_NUS-NAT_MMCF,exports by vessel,NAT,Argentina,americas,0,
2017-08-15,2026-09-30,NGM_EPG0_EVE_NUS-NBA_MMCF,exports by vessel,NBA,Bahrain,middle_east_africa,,
2017-08-15,2026-09-30,NGM_EPG0_EVE_NUS-NBB_MMCF,exports by vessel,NBB,Barbados,americas,16,10.4
2017-08-15,2026-09-30,NGM_EPG0_EVE_NUS-NBE_MMCF,exports by vessel,NBE,Belgium,europe,,
2017-08-15,2026-09-30,NGM_EPG0_EVE_NUS-NBF_MMCF,exports by vessel,NBF,Bahamas,americas,0,
2017-08-15,2026-09-30,NGM_EPG0_EVE_NUS-NBG_MMCF,exports by vessel,NBG,Bangladesh,other_asia,,
2017-08-15,2026-09-30,NGM_EPG0_EVE_NUS-NBR_MMCF,exports by vessel,NBR,Brazil,americas,0,
2017-08-15,2026-09-30,NGM_EPG0_EVE_NUS-NCA_MMCF,exports by vessel,NCA,Canada,americas,,
2017-08-15,2026-09-30,NGM_EPG0_EVE_NUS-NCH_MMCF,exports by vessel,NCH,China,jkm_markets,0,
2017-08-15,2026-09-30,NGM_EPG0_EVE_NUS-NCI_MMCF,exports by vessel,NCI,Chile,americas,0,
2017-08-15,2026-09-30,NGM_EPG0_EVE_NUS-NCO_MMCF,exports by vessel,NCO,Colombia,americas,0,
2017-08-15,2026-09-30,NGM_EPG0_EVE_NUS-NDR_MMCF,exports by vessel,NDR,Dominican Republic,americas,0,
2017-08-15,2026-09-30,NGM_EPG0_EVE_NUS-NEG_MMCF,exports by vessel,NEG,Egypt,middle_east_africa,3317,3.55
2017-08-15,2026-09-30,NGM_EPG0_EVE_NUS-NES_MMCF,exports by vessel,NES,El Salvador,americas,,
2017-08-15,2026-09-30,NGM_EPG0_EVE_NUS-NFI_MMCF,exports by vessel,NFI,Finland,europe,,
2017-08-15,2026-09-30,NGM_EPG0_EVE_NUS-NFR_MMCF,exports by vessel,NFR,France,europe,,
2017-08-15,2026-09-30,NGM_EPG0_EVE_NUS-NGM_MMCF,exports by vessel,NGM,Germany,europe,,
2017-08-15,2026-09-30,NGM_EPG0_EVE_NUS-NGR_MMCF,exports by vessel,NGR,Greece,europe,,
2017-08-15,2026-09-30,NGM_EPG0_EVE_NUS-NHA_MMCF,exports by vessel,NHA,Haiti,americas,,
2017-08-15,2026-09-30,NGM_EPG0_EVE_NUS-NHR_MMCF,exports by vessel,NHR,Croatia,europe,,
2017-08-15,2026-09-30,NGM_EPG0_EVE_NUS-NID_MMCF,exports by vessel,NID,Indonesia,other_asia,,
2017-08-15,2026-09-30,NGM_EPG0_EVE_NUS-NIN_MMCF,exports by vessel,NIN,India,other_asia,0,
2017-08-15,2026-09-30,NGM_EPG0_EVE_NUS-NIS_MMCF,exports by vessel,NIS,Israel,middle_east_africa,0,
2017-08-15,2026-09-30,NGM_EPG0_EVE_NUS-NIT_MMCF,exports by vessel,NIT,Italy,europe,3372,3.55
2017-08-15,2026-09-30,NGM_EPG0_EVE_NUS-NJA_MMCF,exports by vessel,NJA,Japan,jkm_markets,3614,6.14
2017-08-15,2026-09-30,NGM_EPG0_EVE_NUS-NJM_MMCF,exports by vessel,NJM,Jamaica,americas,,
2017-08-15,2026-09-30,NGM_EPG0_EVE_NUS-NJO_MMCF,exports by vessel,NJO,Jordan,middle_east_africa,7393,3.55
2017-08-15,2026-09-30,NGM_EPG0_EVE_NUS-NKS_MMCF,exports by vessel,NKS,South Korea,jkm_markets,10320,3.59
2017-08-15,2026-09-30,NGM_EPG0_EVE_NUS-NKU_MMCF,exports by vessel,NKU,Kuwait,middle_east_africa,0,
2017-08-15,2026-09-30,NGM_EPG0_EVE_NUS-NLH_MMCF,exports by vessel,NLH,Lithuania,europe,3431,4.13
2017-08-15,2026-09-30,NGM_EPG0_EVE_NUS-NM6_MMCF,exports by vessel,NM6,Malta,europe,0,
2017-08-15,2026-09-30,NGM_EPG0_EVE_NUS-NMR_MMCF,exports by vessel,NMR,Mauritania,middle_east_africa,,
2017-08-15,2026-09-30,NGM_EPG0_EVE_NUS-NMX_MMCF,exports by vessel,NMX,Mexico,americas,6860,3.55
2017-08-15,2026-09-30,NGM_EPG0_EVE_NUS-NMY_MMCF,exports by vessel,NMY,Malaysia,other_asia,,
2017-08-15,2026-09-30,NGM_EPG0_EVE_NUS-NNL_MMCF,exports by vessel,NNL,Netherlands,europe,0,
2017-08-15,2026-09-30,NGM_EPG0_EVE_NUS-NNU_MMCF,exports by vessel,NNU,Nicaragua,americas,,
2017-08-15,2026-09-30,NGM_EPG0_EVE_NUS-NPK_MMCF,exports by vessel,NPK,Pakistan,other_asia,0,
2017-08-15,2026-09-30,NGM_EPG0_EVE_NUS-NPL_MMCF,exports by vessel,NPL,Poland,europe,0,
2017-08-15,2026-09-30,NGM_EPG0_EVE_NUS-NPM_MMCF,exports by vessel,NPM,Panama,americas,0,
2017-08-15,2026-09-30,NGM_EPG0_EVE_NUS-NPO_MMCF,exports by vessel,NPO,Portugal,europe,3399,4.38
2017-08-15,2026-09-30,NGM_EPG0_EVE_NUS-NRP_MMCF,exports by vessel,NRP,Philippines,other_asia,,
2017-08-15,2026-09-30,NGM_EPG0_EVE_NUS-NRS_MMCF,exports by vessel,NRS,Russia,europe,0,
2017-08-15,2026-09-30,NGM_EPG0_EVE_NUS-NSG_MMCF,exports by vessel,NSG,Senegal,middle_east_africa,,
2017-08-15,2026-09-30,NGM_EPG0_EVE_NUS-NSN_MMCF,exports by vessel,NSN,Singapore,other_asia,,
2017-08-15,2026-09-30,NGM_EPG0_EVE_NUS-NSP_MMCF,exports by vessel,NSP,Spain,europe,3712,3.55
2017-08-15,2026-09-30,NGM_EPG0_EVE_NUS-NTC_MMCF,exports by vessel,NTC,United Arab Emirates,middle_east_africa,0,
2017-08-15,2026-09-30,NGM_EPG0_EVE_NUS-NTH_MMCF,exports by vessel,NTH,Thailand,other_asia,0,
2017-08-15,2026-09-30,NGM_EPG0_EVE_NUS-NTU_MMCF,exports by vessel,NTU,Turkiye,europe,0,
2017-08-15,2026-09-30,NGM_EPG0_EVE_NUS-NTW_MMCF,exports by vessel,NTW,Taiwan,jkm_markets,0,
2017-08-15,2026-09-30,NGM_EPG0_EVE_NUS-NUK_MMCF,exports by vessel,NUK,United Kingdom,europe,,
2017-08-15,2026-09-30,NGM_EPG0_EVE_NUS-Z00_MMCF,exports by vessel,Z00,,,45435,3.87
2017-08-15,2026-09-30,NGM_EPG0_EVT_NUS-Z00_MMCF,exports by vessel and truck,Z00,,,45468,3.88
2017-09-15,2026-09-30,N9133US2,LNG total including re-exports,Z00,,,54733,3.88
2017-09-15,2026-09-30,NGM_EPG0_ERE_NUS-NAT_MMCF,re-exports,NAT,Argentina,americas,0,
2017-09-15,2026-09-30,NGM_EPG0_ERE_NUS-NBR_MMCF,re-exports,NBR,Brazil,americas,0,
2017-09-15,2026-09-30,NGM_EPG0_ERE_NUS-NCH_MMCF,re-exports,NCH,China,jkm_markets,0,
2017-09-15,2026-09-30,NGM_EPG0_ERE_NUS-NCI_MMCF,re-exports,NCI,Chile,americas,,
2017-09-15,2026-09-30,NGM_EPG0_ERE_NUS-NEG_MMCF,re-exports,NEG,Egypt,middle_east_africa,0,
2017-09-15,2026-09-30,NGM_EPG0_ERE_NUS-NIN_MMCF,re-exports,NIN,India,other_asia,0,
2017-09-15,2026-09-30,NGM_EPG0_ERE_NUS-NJA_MMCF,re-exports,NJA,Japan,jkm_markets,0,
2017-09-15,2026-09-30,NGM_EPG0_ERE_NUS-NKS_MMCF,re-exports,NKS,South Korea,jkm_markets,0,
2017-09-15,2026-09-30,NGM_EPG0_ERE_NUS-NMX_MMCF,re-exports,NMX,Mexico,americas,0,
2017-09-15,2026-09-30,NGM_EPG0_ERE_NUS-NPO_MMCF,re-exports,NPO,Portugal,europe,,
2017-09-15,2026-09-30,NGM_EPG0_ERE_NUS-NSP_MMCF,re-exports,NSP,Spain,europe,0,
2017-09-15,2026-09-30,NGM_EPG0_ERE_NUS-NTU_MMCF,re-exports,NTU,Turkiye,europe,0,
2017-09-15,2026-09-30,NGM_EPG0_ERE_NUS-NUK_MMCF,re-exports,NUK,United Kingdom,europe,0,
2017-09-15,2026-09-30,NGM_EPG0_ERE_NUS-Z00_MMCF,re-exports,Z00,,,0,
2017-09-15,2026-09-30,NGM_EPG0_ETR_NUS-NCA_MMCF,exports by truck,NCA,Canada,americas,0,
2017-09-15,2026-09-30,NGM_EPG0_ETR_NUS-NMX_MMCF,exports by truck,NMX,Mexico,americas,53,8.67
2017-09-15,2026-09-30,NGM_EPG0_ETR_NUS-Z00_MMCF,exports by truck,Z00,,,53,8.67
2017-09-15,2026-09-30,NGM_EPG0_EVE_NUS-NAC_MMCF,exports by vessel,NAC,Antigua and Barbuda,americas,,
2017-09-15,2026-09-30,NGM_EPG0_EVE_NUS-NAT_MMCF,exports by vessel,NAT,Argentina,americas,0,
2017-09-15,2026-09-30,NGM_EPG0_EVE_NUS-NBA_MMCF,exports by vessel,NBA,Bahrain,middle_east_africa,,
2017-09-15,2026-09-30,NGM_EPG0_EVE_NUS-NBB_MMCF,exports by vessel,NBB,Barbados,americas,14,10.4
2017-09-15,2026-09-30,NGM_EPG0_EVE_NUS-NBE_MMCF,exports by vessel,NBE,Belgium,europe,,
2017-09-15,2026-09-30,NGM_EPG0_EVE_NUS-NBF_MMCF,exports by vessel,NBF,Bahamas,americas,0,
2017-09-15,2026-09-30,NGM_EPG0_EVE_NUS-NBG_MMCF,exports by vessel,NBG,Bangladesh,other_asia,,
2017-09-15,2026-09-30,NGM_EPG0_EVE_NUS-NBR_MMCF,exports by vessel,NBR,Brazil,americas,3364,3.55
2017-09-15,2026-09-30,NGM_EPG0_EVE_NUS-NCA_MMCF,exports by vessel,NCA,Canada,americas,,
2017-09-15,2026-09-30,NGM_EPG0_EVE_NUS-NCH_MMCF,exports by vessel,NCH,China,jkm_markets,10056,3.99
2017-09-15,2026-09-30,NGM_EPG0_EVE_NUS-NCI_MMCF,exports by vessel,NCI,Chile,americas,0,
2017-09-15,2026-09-30,NGM_EPG0_EVE_NUS-NCO_MMCF,exports by vessel,NCO,Colombia,americas,0,
2017-09-15,2026-09-30,NGM_EPG0_EVE_NUS-NDR_MMCF,exports by vessel,NDR,Dominican Republic,americas,2922,3.55
2017-09-15,2026-09-30,NGM_EPG0_EVE_NUS-NEG_MMCF,exports by vessel,NEG,Egypt,middle_east_africa,0,
2017-09-15,2026-09-30,NGM_EPG0_EVE_NUS-NES_MMCF,exports by vessel,NES,El Salvador,americas,,
2017-09-15,2026-09-30,NGM_EPG0_EVE_NUS-NFI_MMCF,exports by vessel,NFI,Finland,europe,,
2017-09-15,2026-09-30,NGM_EPG0_EVE_NUS-NFR_MMCF,exports by vessel,NFR,France,europe,,
2017-09-15,2026-09-30,NGM_EPG0_EVE_NUS-NGM_MMCF,exports by vessel,NGM,Germany,europe,,
2017-09-15,2026-09-30,NGM_EPG0_EVE_NUS-NGR_MMCF,exports by vessel,NGR,Greece,europe,,
2017-09-15,2026-09-30,NGM_EPG0_EVE_NUS-NHA_MMCF,exports by vessel,NHA,Haiti,americas,,
2017-09-15,2026-09-30,NGM_EPG0_EVE_NUS-NHR_MMCF,exports by vessel,NHR,Croatia,europe,,
2017-09-15,2026-09-30,NGM_EPG0_EVE_NUS-NID_MMCF,exports by vessel,NID,Indonesia,other_asia,,
2017-09-15,2026-09-30,NGM_EPG0_EVE_NUS-NIN_MMCF,exports by vessel,NIN,India,other_asia,0,
2017-09-15,2026-09-30,NGM_EPG0_EVE_NUS-NIS_MMCF,exports by vessel,NIS,Israel,middle_east_africa,0,
2017-09-15,2026-09-30,NGM_EPG0_EVE_NUS-NIT_MMCF,exports by vessel,NIT,Italy,europe,,
2017-09-15,2026-09-30,NGM_EPG0_EVE_NUS-NJA_MMCF,exports by vessel,NJA,Japan,jkm_markets,0,
2017-09-15,2026-09-30,NGM_EPG0_EVE_NUS-NJM_MMCF,exports by vessel,NJM,Jamaica,americas,,
2017-09-15,2026-09-30,NGM_EPG0_EVE_NUS-NJO_MMCF,exports by vessel,NJO,Jordan,middle_east_africa,0,
2017-09-15,2026-09-30,NGM_EPG0_EVE_NUS-NKS_MMCF,exports by vessel,NKS,South Korea,jkm_markets,17514,4.05
2017-09-15,2026-09-30,NGM_EPG0_EVE_NUS-NKU_MMCF,exports by vessel,NKU,Kuwait,middle_east_africa,0,
2017-09-15,2026-09-30,NGM_EPG0_EVE_NUS-NLH_MMCF,exports by vessel,NLH,Lithuania,europe,3414,3.55
2017-09-15,2026-09-30,NGM_EPG0_EVE_NUS-NM6_MMCF,exports by vessel,NM6,Malta,europe,0,
2017-09-15,2026-09-30,NGM_EPG0_EVE_NUS-NMR_MMCF,exports by vessel,NMR,Mauritania,middle_east_africa,,
2017-09-15,2026-09-30,NGM_EPG0_EVE_NUS-NMX_MMCF,exports by vessel,NMX,Mexico,americas,10286,3.98
2017-09-15,2026-09-30,NGM_EPG0_EVE_NUS-NMY_MMCF,exports by vessel,NMY,Malaysia,other_asia,,
2017-09-15,2026-09-30,NGM_EPG0_EVE_NUS-NNL_MMCF,exports by vessel,NNL,Netherlands,europe,0,
2017-09-15,2026-09-30,NGM_EPG0_EVE_NUS-NNU_MMCF,exports by vessel,NNU,Nicaragua,americas,,
2017-09-15,2026-09-30,NGM_EPG0_EVE_NUS-NPK_MMCF,exports by vessel,NPK,Pakistan,other_asia,0,
2017-09-15,2026-09-30,NGM_EPG0_EVE_NUS-NPL_MMCF,exports by vessel,NPL,Poland,europe,0,
2017-09-15,2026-09-30,NGM_EPG0_EVE_NUS-NPM_MMCF,exports by vessel,NPM,Panama,americas,0,
2017-09-15,2026-09-30,NGM_EPG0_EVE_NUS-NPO_MMCF,exports by vessel,NPO,Portugal,europe,0,
2017-09-15,2026-09-30,NGM_EPG0_EVE_NUS-NRP_MMCF,exports by vessel,NRP,Philippines,other_asia,,
2017-09-15,2026-09-30,NGM_EPG0_EVE_NUS-NRS_MMCF,exports by vessel,NRS,Russia,europe,0,
2017-09-15,2026-09-30,NGM_EPG0_EVE_NUS-NSG_MMCF,exports by vessel,NSG,Senegal,middle_east_africa,,
2017-09-15,2026-09-30,NGM_EPG0_EVE_NUS-NSN_MMCF,exports by vessel,NSN,Singapore,other_asia,,
2017-09-15,2026-09-30,NGM_EPG0_EVE_NUS-NSP_MMCF,exports by vessel,NSP,Spain,europe,3666,3.55
2017-09-15,2026-09-30,NGM_EPG0_EVE_NUS-NTC_MMCF,exports by vessel,NTC,United Arab Emirates,middle_east_africa,0,
2017-09-15,2026-09-30,NGM_EPG0_EVE_NUS-NTH_MMCF,exports by vessel,NTH,Thailand,other_asia,0,
2017-09-15,2026-09-30,NGM_EPG0_EVE_NUS-NTU_MMCF,exports by vessel,NTU,Turkiye,europe,3443,3.55
2017-09-15,2026-09-30,NGM_EPG0_EVE_NUS-NTW_MMCF,exports by vessel,NTW,Taiwan,jkm_markets,0,
2017-09-15,2026-09-30,NGM_EPG0_EVE_NUS-NUK_MMCF,exports by vessel,NUK,United Kingdom,europe,,
2017-09-15,2026-09-30,NGM_EPG0_EVE_NUS-Z00_MMCF,exports by vessel,Z00,,,54679,3.87
2017-09-15,2026-09-30,NGM_EPG0_EVT_NUS-Z00_MMCF,exports by vessel and truck,Z00,,,54733,3.88
2017-10-15,2026-09-30,N9133US2,LNG total including re-exports,Z00,,,80195,4.02
2017-10-15,2026-09-30,NGM_EPG0_ERE_NUS-NAT_MMCF,re-exports,NAT,Argentina,americas,0,
2017-10-15,2026-09-30,NGM_EPG0_ERE_NUS-NBR_MMCF,re-exports,NBR,Brazil,americas,0,
2017-10-15,2026-09-30,NGM_EPG0_ERE_NUS-NCH_MMCF,re-exports,NCH,China,jkm_markets,0,
2017-10-15,2026-09-30,NGM_EPG0_ERE_NUS-NCI_MMCF,re-exports,NCI,Chile,americas,,
2017-10-15,2026-09-30,NGM_EPG0_ERE_NUS-NEG_MMCF,re-exports,NEG,Egypt,middle_east_africa,0,
2017-10-15,2026-09-30,NGM_EPG0_ERE_NUS-NIN_MMCF,re-exports,NIN,India,other_asia,0,
2017-10-15,2026-09-30,NGM_EPG0_ERE_NUS-NJA_MMCF,re-exports,NJA,Japan,jkm_markets,0,
2017-10-15,2026-09-30,NGM_EPG0_ERE_NUS-NKS_MMCF,re-exports,NKS,South Korea,jkm_markets,0,
2017-10-15,2026-09-30,NGM_EPG0_ERE_NUS-NMX_MMCF,re-exports,NMX,Mexico,americas,422,5
2017-10-15,2026-09-30,NGM_EPG0_ERE_NUS-NPO_MMCF,re-exports,NPO,Portugal,europe,,
2017-10-15,2026-09-30,NGM_EPG0_ERE_NUS-NSP_MMCF,re-exports,NSP,Spain,europe,0,
2017-10-15,2026-09-30,NGM_EPG0_ERE_NUS-NTU_MMCF,re-exports,NTU,Turkiye,europe,0,
2017-10-15,2026-09-30,NGM_EPG0_ERE_NUS-NUK_MMCF,re-exports,NUK,United Kingdom,europe,0,
2017-10-15,2026-09-30,NGM_EPG0_ERE_NUS-Z00_MMCF,re-exports,Z00,,,422,5
2017-10-15,2026-09-30,NGM_EPG0_ETR_NUS-NCA_MMCF,exports by truck,NCA,Canada,americas,0,
2017-10-15,2026-09-30,NGM_EPG0_ETR_NUS-NMX_MMCF,exports by truck,NMX,Mexico,americas,65,8.43
2017-10-15,2026-09-30,NGM_EPG0_ETR_NUS-Z00_MMCF,exports by truck,Z00,,,65,8.43
2017-10-15,2026-09-30,NGM_EPG0_EVE_NUS-NAC_MMCF,exports by vessel,NAC,Antigua and Barbuda,americas,,
2017-10-15,2026-09-30,NGM_EPG0_EVE_NUS-NAT_MMCF,exports by vessel,NAT,Argentina,americas,0,
2017-10-15,2026-09-30,NGM_EPG0_EVE_NUS-NBA_MMCF,exports by vessel,NBA,Bahrain,middle_east_africa,,
2017-10-15,2026-09-30,NGM_EPG0_EVE_NUS-NBB_MMCF,exports by vessel,NBB,Barbados,americas,17,10.4
2017-10-15,2026-09-30,NGM_EPG0_EVE_NUS-NBE_MMCF,exports by vessel,NBE,Belgium,europe,,
2017-10-15,2026-09-30,NGM_EPG0_EVE_NUS-NBF_MMCF,exports by vessel,NBF,Bahamas,americas,0,
2017-10-15,2026-09-30,NGM_EPG0_EVE_NUS-NBG_MMCF,exports by vessel,NBG,Bangladesh,other_asia,,
2017-10-15,2026-09-30,NGM_EPG0_EVE_NUS-NBR_MMCF,exports by vessel,NBR,Brazil,americas,6967,4.14
2017-10-15,2026-09-30,NGM_EPG0_EVE_NUS-NCA_MMCF,exports by vessel,NCA,Canada,americas,,
2017-10-15,2026-09-30,NGM_EPG0_EVE_NUS-NCH_MMCF,exports by vessel,NCH,China,jkm_markets,24588,3.56
2017-10-15,2026-09-30,NGM_EPG0_EVE_NUS-NCI_MMCF,exports by vessel,NCI,Chile,americas,3675,3.56
2017-10-15,2026-09-30,NGM_EPG0_EVE_NUS-NCO_MMCF,exports by vessel,NCO,Colombia,americas,0,
2017-10-15,2026-09-30,NGM_EPG0_EVE_NUS-NDR_MMCF,exports by vessel,NDR,Dominican Republic,americas,0,
2017-10-15,2026-09-30,NGM_EPG0_EVE_NUS-NEG_MMCF,exports by vessel,NEG,Egypt,middle_east_africa,0,
2017-10-15,2026-09-30,NGM_EPG0_EVE_NUS-NES_MMCF,exports by vessel,NES,El Salvador,americas,,
2017-10-15,2026-09-30,NGM_EPG0_EVE_NUS-NFI_MMCF,exports by vessel,NFI,Finland,europe,,
2017-10-15,2026-09-30,NGM_EPG0_EVE_NUS-NFR_MMCF,exports by vessel,NFR,France,europe,,
2017-10-15,2026-09-30,NGM_EPG0_EVE_NUS-NGM_MMCF,exports by vessel,NGM,Germany,europe,,
2017-10-15,2026-09-30,NGM_EPG0_EVE_NUS-NGR_MMCF,exports by vessel,NGR,Greece,europe,,
2017-10-15,2026-09-30,NGM_EPG0_EVE_NUS-NHA_MMCF,exports by vessel,NHA,Haiti,americas,,
2017-10-15,2026-09-30,NGM_EPG0_EVE_NUS-NHR_MMCF,exports by vessel,NHR,Croatia,europe,,
2017-10-15,2026-09-30,NGM_EPG0_EVE_NUS-NID_MMCF,exports by vessel,NID,Indonesia,other_asia,,
2017-10-15,2026-09-30,NGM_EPG0_EVE_NUS-NIN_MMCF,exports by vessel,NIN,India,other_asia,0,
2017-10-15,2026-09-30,NGM_EPG0_EVE_NUS-NIS_MMCF,exports by vessel,NIS,Israel,middle_east_africa,0,
2017-10-15,2026-09-30,NGM_EPG0_EVE_NUS-NIT_MMCF,exports by vessel,NIT,Italy,europe,,
2017-10-15,2026-09-30,NGM_EPG0_EVE_NUS-NJA_MMCF,exports by vessel,NJA,Japan,jkm_markets,6725,3.56
2017-10-15,2026-09-30,NGM_EPG0_EVE_NUS-NJM_MMCF,exports by vessel,NJM,Jamaica,americas,,
2017-10-15,2026-09-30,NGM_EPG0_EVE_NUS-NJO_MMCF,exports by vessel,NJO,Jordan,middle_east_africa,3373,5.45
2017-10-15,2026-09-30,NGM_EPG0_EVE_NUS-NKS_MMCF,exports by vessel,NKS,South Korea,jkm_markets,21577,4.15
2017-10-15,2026-09-30,NGM_EPG0_EVE_NUS-NKU_MMCF,exports by vessel,NKU,Kuwait,middle_east_africa,0,
2017-10-15,2026-09-30,NGM_EPG0_EVE_NUS-NLH_MMCF,exports by vessel,NLH,Lithuania,europe,0,
2017-10-15,2026-09-30,NGM_EPG0_EVE_NUS-NM6_MMCF,exports by vessel,NM6,Malta,europe,0,
2017-10-15,2026-09-30,NGM_EPG0_EVE_NUS-NMR_MMCF,exports by vessel,NMR,Mauritania,middle_east_africa,,
2017-10-15,2026-09-30,NGM_EPG0_EVE_NUS-NMX_MMCF,exports by vessel,NMX,Mexico,americas,6686,5.54
2017-10-15,2026-09-30,NGM_EPG0_EVE_NUS-NMY_MMCF,exports by vessel,NMY,Malaysia,other_asia,,
2017-10-15,2026-09-30,NGM_EPG0_EVE_NUS-NNL_MMCF,exports by vessel,NNL,Netherlands,europe,0,
2017-10-15,2026-09-30,NGM_EPG0_EVE_NUS-NNU_MMCF,exports by vessel,NNU,Nicaragua,americas,,
2017-10-15,2026-09-30,NGM_EPG0_EVE_NUS-NPK_MMCF,exports by vessel,NPK,Pakistan,other_asia,0,
2017-10-15,2026-09-30,NGM_EPG0_EVE_NUS-NPL_MMCF,exports by vessel,NPL,Poland,europe,0,
2017-10-15,2026-09-30,NGM_EPG0_EVE_NUS-NPM_MMCF,exports by vessel,NPM,Panama,americas,0,
2017-10-15,2026-09-30,NGM_EPG0_EVE_NUS-NPO_MMCF,exports by vessel,NPO,Portugal,europe,0,
2017-10-15,2026-09-30,NGM_EPG0_EVE_NUS-NRP_MMCF,exports by vessel,NRP,Philippines,other_asia,,
2017-10-15,2026-09-30,NGM_EPG0_EVE_NUS-NRS_MMCF,exports by vessel,NRS,Russia,europe,0,
2017-10-15,2026-09-30,NGM_EPG0_EVE_NUS-NSG_MMCF,exports by vessel,NSG,Senegal,middle_east_africa,,
2017-10-15,2026-09-30,NGM_EPG0_EVE_NUS-NSN_MMCF,exports by vessel,NSN,Singapore,other_asia,,
2017-10-15,2026-09-30,NGM_EPG0_EVE_NUS-NSP_MMCF,exports by vessel,NSP,Spain,europe,2980,3.56
2017-10-15,2026-09-30,NGM_EPG0_EVE_NUS-NTC_MMCF,exports by vessel,NTC,United Arab Emirates,middle_east_africa,0,
2017-10-15,2026-09-30,NGM_EPG0_EVE_NUS-NTH_MMCF,exports by vessel,NTH,Thailand,other_asia,0,
2017-10-15,2026-09-30,NGM_EPG0_EVE_NUS-NTU_MMCF,exports by vessel,NTU,Turkiye,europe,0,
2017-10-15,2026-09-30,NGM_EPG0_EVE_NUS-NTW_MMCF,exports by vessel,NTW,Taiwan,jkm_markets,3121,3.56
2017-10-15,2026-09-30,NGM_EPG0_EVE_NUS-NUK_MMCF,exports by vessel,NUK,United Kingdom,europe,,
2017-10-15,2026-09-30,NGM_EPG0_EVE_NUS-Z00_MMCF,exports by vessel,Z00,,,79708,4.01
2017-10-15,2026-09-30,NGM_EPG0_EVT_NUS-Z00_MMCF,exports by vessel and truck,Z00,,,79773,4.02
2017-11-15,2026-09-30,N9133US2,LNG total including re-exports,Z00,,,80100,4.47
2017-11-15,2026-09-30,NGM_EPG0_ERE_NUS-NAT_MMCF,re-exports,NAT,Argentina,americas,0,
2017-11-15,2026-09-30,NGM_EPG0_ERE_NUS-NBR_MMCF,re-exports,NBR,Brazil,americas,0,
2017-11-15,2026-09-30,NGM_EPG0_ERE_NUS-NCH_MMCF,re-exports,NCH,China,jkm_markets,0,
2017-11-15,2026-09-30,NGM_EPG0_ERE_NUS-NCI_MMCF,re-exports,NCI,Chile,americas,,
2017-11-15,2026-09-30,NGM_EPG0_ERE_NUS-NEG_MMCF,re-exports,NEG,Egypt,middle_east_africa,0,
2017-11-15,2026-09-30,NGM_EPG0_ERE_NUS-NIN_MMCF,re-exports,NIN,India,other_asia,0,
2017-11-15,2026-09-30,NGM_EPG0_ERE_NUS-NJA_MMCF,re-exports,NJA,Japan,jkm_markets,0,
2017-11-15,2026-09-30,NGM_EPG0_ERE_NUS-NKS_MMCF,re-exports,NKS,South Korea,jkm_markets,0,
2017-11-15,2026-09-30,NGM_EPG0_ERE_NUS-NMX_MMCF,re-exports,NMX,Mexico,americas,0,
2017-11-15,2026-09-30,NGM_EPG0_ERE_NUS-NPO_MMCF,re-exports,NPO,Portugal,europe,,
2017-11-15,2026-09-30,NGM_EPG0_ERE_NUS-NSP_MMCF,re-exports,NSP,Spain,europe,0,
2017-11-15,2026-09-30,NGM_EPG0_ERE_NUS-NTU_MMCF,re-exports,NTU,Turkiye,europe,0,
2017-11-15,2026-09-30,NGM_EPG0_ERE_NUS-NUK_MMCF,re-exports,NUK,United Kingdom,europe,0,
2017-11-15,2026-09-30,NGM_EPG0_ERE_NUS-Z00_MMCF,re-exports,Z00,,,0,
2017-11-15,2026-09-30,NGM_EPG0_ETR_NUS-NCA_MMCF,exports by truck,NCA,Canada,americas,2,7.35
2017-11-15,2026-09-30,NGM_EPG0_ETR_NUS-NMX_MMCF,exports by truck,NMX,Mexico,americas,86,7.94
2017-11-15,2026-09-30,NGM_EPG0_ETR_NUS-Z00_MMCF,exports by truck,Z00,,,87,7.93
2017-11-15,2026-09-30,NGM_EPG0_EVE_NUS-NAC_MMCF,exports by vessel,NAC,Antigua and Barbuda,americas,,
2017-11-15,2026-09-30,NGM_EPG0_EVE_NUS-NAT_MMCF,exports by vessel,NAT,Argentina,americas,0,
2017-11-15,2026-09-30,NGM_EPG0_EVE_NUS-NBA_MMCF,exports by vessel,NBA,Bahrain,middle_east_africa,,
2017-11-15,2026-09-30,NGM_EPG0_EVE_NUS-NBB_MMCF,exports by vessel,NBB,Barbados,americas,20,10.4
2017-11-15,2026-09-30,NGM_EPG0_EVE_NUS-NBE_MMCF,exports by vessel,NBE,Belgium,europe,,
2017-11-15,2026-09-30,NGM_EPG0_EVE_NUS-NBF_MMCF,exports by vessel,NBF,Bahamas,americas,0,
2017-11-15,2026-09-30,NGM_EPG0_EVE_NUS-NBG_MMCF,exports by vessel,NBG,Bangladesh,other_asia,,
2017-11-15,2026-09-30,NGM_EPG0_EVE_NUS-NBR_MMCF,exports by vessel,NBR,Brazil,americas,0,
2017-11-15,2026-09-30,NGM_EPG0_EVE_NUS-NCA_MMCF,exports by vessel,NCA,Canada,americas,,
2017-11-15,2026-09-30,NGM_EPG0_EVE_NUS-NCH_MMCF,exports by vessel,NCH,China,jkm_markets,20871,4.6
2017-11-15,2026-09-30,NGM_EPG0_EVE_NUS-NCI_MMCF,exports by vessel,NCI,Chile,americas,0,
2017-11-15,2026-09-30,NGM_EPG0_EVE_NUS-NCO_MMCF,exports by vessel,NCO,Colombia,americas,0,
2017-11-15,2026-09-30,NGM_EPG0_EVE_NUS-NDR_MMCF,exports by vessel,NDR,Dominican Republic,americas,2835,3.3
2017-11-15,2026-09-30,NGM_EPG0_EVE_NUS-NEG_MMCF,exports by vessel,NEG,Egypt,middle_east_africa,0,
2017-11-15,2026-09-30,NGM_EPG0_EVE_NUS-NES_MMCF,exports by vessel,NES,El Salvador,americas,,
2017-11-15,2026-09-30,NGM_EPG0_EVE_NUS-NFI_MMCF,exports by vessel,NFI,Finland,europe,,
2017-11-15,2026-09-30,NGM_EPG0_EVE_NUS-NFR_MMCF,exports by vessel,NFR,France,europe,,
2017-11-15,2026-09-30,NGM_EPG0_EVE_NUS-NGM_MMCF,exports by vessel,NGM,Germany,europe,,
2017-11-15,2026-09-30,NGM_EPG0_EVE_NUS-NGR_MMCF,exports by vessel,NGR,Greece,europe,,
2017-11-15,2026-09-30,NGM_EPG0_EVE_NUS-NHA_MMCF,exports by vessel,NHA,Haiti,americas,,
2017-11-15,2026-09-30,NGM_EPG0_EVE_NUS-NHR_MMCF,exports by vessel,NHR,Croatia,europe,,
2017-11-15,2026-09-30,NGM_EPG0_EVE_NUS-NID_MMCF,exports by vessel,NID,Indonesia,other_asia,,
2017-11-15,2026-09-30,NGM_EPG0_EVE_NUS-NIN_MMCF,exports by vessel,NIN,India,other_asia,7057,4.41
2017-11-15,2026-09-30,NGM_EPG0_EVE_NUS-NIS_MMCF,exports by vessel,NIS,Israel,middle_east_africa,0,
2017-11-15,2026-09-30,NGM_EPG0_EVE_NUS-NIT_MMCF,exports by vessel,NIT,Italy,europe,,
2017-11-15,2026-09-30,NGM_EPG0_EVE_NUS-NJA_MMCF,exports by vessel,NJA,Japan,jkm_markets,0,
2017-11-15,2026-09-30,NGM_EPG0_EVE_NUS-NJM_MMCF,exports by vessel,NJM,Jamaica,americas,,
2017-11-15,2026-09-30,NGM_EPG0_EVE_NUS-NJO_MMCF,exports by vessel,NJO,Jordan,middle_east_africa,0,
2017-11-15,2026-09-30,NGM_EPG0_EVE_NUS-NKS_MMCF,exports by vessel,NKS,South Korea,jkm_markets,21141,4.6
2017-11-15,2026-09-30,NGM_EPG0_EVE_NUS-NKU_MMCF,exports by vessel,NKU,Kuwait,middle_east_africa,0,
2017-11-15,2026-09-30,NGM_EPG0_EVE_NUS-NLH_MMCF,exports by vessel,NLH,Lithuania,europe,0,
2017-11-15,2026-09-30,NGM_EPG0_EVE_NUS-NM6_MMCF,exports by vessel,NM6,Malta,europe,0,
2017-11-15,2026-09-30,NGM_EPG0_EVE_NUS-NMR_MMCF,exports by vessel,NMR,Mauritania,middle_east_africa,,
2017-11-15,2026-09-30,NGM_EPG0_EVE_NUS-NMX_MMCF,exports by vessel,NMX,Mexico,americas,10760,4.85
2017-11-15,2026-09-30,NGM_EPG0_EVE_NUS-NMY_MMCF,exports by vessel,NMY,Malaysia,other_asia,,
2017-11-15,2026-09-30,NGM_EPG0_EVE_NUS-NNL_MMCF,exports by vessel,NNL,Netherlands,europe,0,
2017-11-15,2026-09-30,NGM_EPG0_EVE_NUS-NNU_MMCF,exports by vessel,NNU,Nicaragua,americas,,
2017-11-15,2026-09-30,NGM_EPG0_EVE_NUS-NPK_MMCF,exports by vessel,NPK,Pakistan,other_asia,0,
2017-11-15,2026-09-30,NGM_EPG0_EVE_NUS-NPL_MMCF,exports by vessel,NPL,Poland,europe,0,
2017-11-15,2026-09-30,NGM_EPG0_EVE_NUS-NPM_MMCF,exports by vessel,NPM,Panama,americas,0,
2017-11-15,2026-09-30,NGM_EPG0_EVE_NUS-NPO_MMCF,exports by vessel,NPO,Portugal,europe,3702,3.29
2017-11-15,2026-09-30,NGM_EPG0_EVE_NUS-NRP_MMCF,exports by vessel,NRP,Philippines,other_asia,,
2017-11-15,2026-09-30,NGM_EPG0_EVE_NUS-NRS_MMCF,exports by vessel,NRS,Russia,europe,0,
2017-11-15,2026-09-30,NGM_EPG0_EVE_NUS-NSG_MMCF,exports by vessel,NSG,Senegal,middle_east_africa,,
2017-11-15,2026-09-30,NGM_EPG0_EVE_NUS-NSN_MMCF,exports by vessel,NSN,Singapore,other_asia,,
2017-11-15,2026-09-30,NGM_EPG0_EVE_NUS-NSP_MMCF,exports by vessel,NSP,Spain,europe,3617,3.29
2017-11-15,2026-09-30,NGM_EPG0_EVE_NUS-NTC_MMCF,exports by vessel,NTC,United Arab Emirates,middle_east_africa,0,
2017-11-15,2026-09-30,NGM_EPG0_EVE_NUS-NTH_MMCF,exports by vessel,NTH,Thailand,other_asia,0,
2017-11-15,2026-09-30,NGM_EPG0_EVE_NUS-NTU_MMCF,exports by vessel,NTU,Turkiye,europe,7076,3.98
2017-11-15,2026-09-30,NGM_EPG0_EVE_NUS-NTW_MMCF,exports by vessel,NTW,Taiwan,jkm_markets,2934,6.41
2017-11-15,2026-09-30,NGM_EPG0_EVE_NUS-NUK_MMCF,exports by vessel,NUK,United Kingdom,europe,,
2017-11-15,2026-09-30,NGM_EPG0_EVE_NUS-Z00_MMCF,exports by vessel,Z00,,,80013,4.46
2017-11-15,2026-09-30,NGM_EPG0_EVT_NUS-Z00_MMCF,exports by vessel and truck,Z00,,,80100,4.47
2017-12-15,2026-09-30,N9133US2,LNG total including re-exports,Z00,,,82604,4.74
2017-12-15,2026-09-30,NGM_EPG0_ERE_NUS-NAT_MMCF,re-exports,NAT,Argentina,americas,0,
2017-12-15,2026-09-30,NGM_EPG0_ERE_NUS-NBR_MMCF,re-exports,NBR,Brazil,americas,0,
2017-12-15,2026-09-30,NGM_EPG0_ERE_NUS-NCH_MMCF,re-exports,NCH,China,jkm_markets,0,
2017-12-15,2026-09-30,NGM_EPG0_ERE_NUS-NCI_MMCF,re-exports,NCI,Chile,americas,,
2017-12-15,2026-09-30,NGM_EPG0_ERE_NUS-NEG_MMCF,re-exports,NEG,Egypt,middle_east_africa,0,
2017-12-15,2026-09-30,NGM_EPG0_ERE_NUS-NIN_MMCF,re-exports,NIN,India,other_asia,0,
2017-12-15,2026-09-30,NGM_EPG0_ERE_NUS-NJA_MMCF,re-exports,NJA,Japan,jkm_markets,0,
2017-12-15,2026-09-30,NGM_EPG0_ERE_NUS-NKS_MMCF,re-exports,NKS,South Korea,jkm_markets,0,
2017-12-15,2026-09-30,NGM_EPG0_ERE_NUS-NMX_MMCF,re-exports,NMX,Mexico,americas,0,
2017-12-15,2026-09-30,NGM_EPG0_ERE_NUS-NPO_MMCF,re-exports,NPO,Portugal,europe,,
2017-12-15,2026-09-30,NGM_EPG0_ERE_NUS-NSP_MMCF,re-exports,NSP,Spain,europe,0,
2017-12-15,2026-09-30,NGM_EPG0_ERE_NUS-NTU_MMCF,re-exports,NTU,Turkiye,europe,0,
2017-12-15,2026-09-30,NGM_EPG0_ERE_NUS-NUK_MMCF,re-exports,NUK,United Kingdom,europe,0,
2017-12-15,2026-09-30,NGM_EPG0_ERE_NUS-Z00_MMCF,re-exports,Z00,,,0,
2017-12-15,2026-09-30,NGM_EPG0_ETR_NUS-NCA_MMCF,exports by truck,NCA,Canada,americas,0,
2017-12-15,2026-09-30,NGM_EPG0_ETR_NUS-NMX_MMCF,exports by truck,NMX,Mexico,americas,105,8.11
2017-12-15,2026-09-30,NGM_EPG0_ETR_NUS-Z00_MMCF,exports by truck,Z00,,,105,8.11
2017-12-15,2026-09-30,NGM_EPG0_EVE_NUS-NAC_MMCF,exports by vessel,NAC,Antigua and Barbuda,americas,,
2017-12-15,2026-09-30,NGM_EPG0_EVE_NUS-NAT_MMCF,exports by vessel,NAT,Argentina,americas,0,
2017-12-15,2026-09-30,NGM_EPG0_EVE_NUS-NBA_MMCF,exports by vessel,NBA,Bahrain,middle_east_africa,,
2017-12-15,2026-09-30,NGM_EPG0_EVE_NUS-NBB_MMCF,exports by vessel,NBB,Barbados,americas,19,10.4
2017-12-15,2026-09-30,NGM_EPG0_EVE_NUS-NBE_MMCF,exports by vessel,NBE,Belgium,europe,,
2017-12-15,2026-09-30,NGM_EPG0_EVE_NUS-NBF_MMCF,exports by vessel,NBF,Bahamas,americas,2,10.4
2017-12-15,2026-09-30,NGM_EPG0_EVE_NUS-NBG_MMCF,exports by vessel,NBG,Bangladesh,other_asia,,
2017-12-15,2026-09-30,NGM_EPG0_EVE_NUS-NBR_MMCF,exports by vessel,NBR,Brazil,americas,0,
2017-12-15,2026-09-30,NGM_EPG0_EVE_NUS-NCA_MMCF,exports by vessel,NCA,Canada,americas,,
2017-12-15,2026-09-30,NGM_EPG0_EVE_NUS-NCH_MMCF,exports by vessel,NCH,China,jkm_markets,23433,4.87
2017-12-15,2026-09-30,NGM_EPG0_EVE_NUS-NCI_MMCF,exports by vessel,NCI,Chile,americas,3362,3.68
2017-12-15,2026-09-30,NGM_EPG0_EVE_NUS-NCO_MMCF,exports by vessel,NCO,Colombia,americas,0,
2017-12-15,2026-09-30,NGM_EPG0_EVE_NUS-NDR_MMCF,exports by vessel,NDR,Dominican Republic,americas,0,
2017-12-15,2026-09-30,NGM_EPG0_EVE_NUS-NEG_MMCF,exports by vessel,NEG,Egypt,middle_east_africa,0,
2017-12-15,2026-09-30,NGM_EPG0_EVE_NUS-NES_MMCF,exports by vessel,NES,El Salvador,americas,,
2017-12-15,2026-09-30,NGM_EPG0_EVE_NUS-NFI_MMCF,exports by vessel,NFI,Finland,europe,,
2017-12-15,2026-09-30,NGM_EPG0_EVE_NUS-NFR_MMCF,exports by vessel,NFR,France,europe,,
2017-12-15,2026-09-30,NGM_EPG0_EVE_NUS-NGM_MMCF,exports by vessel,NGM,Germany,europe,,
2017-12-15,2026-09-30,NGM_EPG0_EVE_NUS-NGR_MMCF,exports by vessel,NGR,Greece,europe,,
2017-12-15,2026-09-30,NGM_EPG0_EVE_NUS-NHA_MMCF,exports by vessel,NHA,Haiti,americas,,
2017-12-15,2026-09-30,NGM_EPG0_EVE_NUS-NHR_MMCF,exports by vessel,NHR,Croatia,europe,,
2017-12-15,2026-09-30,NGM_EPG0_EVE_NUS-NID_MMCF,exports by vessel,NID,Indonesia,other_asia,,
2017-12-15,2026-09-30,NGM_EPG0_EVE_NUS-NIN_MMCF,exports by vessel,NIN,India,other_asia,3427,6.8
2017-12-15,2026-09-30,NGM_EPG0_EVE_NUS-NIS_MMCF,exports by vessel,NIS,Israel,middle_east_africa,0,
2017-12-15,2026-09-30,NGM_EPG0_EVE_NUS-NIT_MMCF,exports by vessel,NIT,Italy,europe,,
2017-12-15,2026-09-30,NGM_EPG0_EVE_NUS-NJA_MMCF,exports by vessel,NJA,Japan,jkm_markets,13893,5.87
2017-12-15,2026-09-30,NGM_EPG0_EVE_NUS-NJM_MMCF,exports by vessel,NJM,Jamaica,americas,,
2017-12-15,2026-09-30,NGM_EPG0_EVE_NUS-NJO_MMCF,exports by vessel,NJO,Jordan,middle_east_africa,7135,3.68
2017-12-15,2026-09-30,NGM_EPG0_EVE_NUS-NKS_MMCF,exports by vessel,NKS,South Korea,jkm_markets,20810,4.2
2017-12-15,2026-09-30,NGM_EPG0_EVE_NUS-NKU_MMCF,exports by vessel,NKU,Kuwait,middle_east_africa,0,
2017-12-15,2026-09-30,NGM_EPG0_EVE_NUS-NLH_MMCF,exports by vessel,NLH,Lithuania,europe,0,
2017-12-15,2026-09-30,NGM_EPG0_EVE_NUS-NM6_MMCF,exports by vessel,NM6,Malta,europe,0,
2017-12-15,2026-09-30,NGM_EPG0_EVE_NUS-NMR_MMCF,exports by vessel,NMR,Mauritania,middle_east_africa,,
2017-12-15,2026-09-30,NGM_EPG0_EVE_NUS-NMX_MMCF,exports by vessel,NMX,Mexico,americas,3635,3.68
2017-12-15,2026-09-30,NGM_EPG0_EVE_NUS-NMY_MMCF,exports by vessel,NMY,Malaysia,other_asia,,
2017-12-15,2026-09-30,NGM_EPG0_EVE_NUS-NNL_MMCF,exports by vessel,NNL,Netherlands,europe,0,
2017-12-15,2026-09-30,NGM_EPG0_EVE_NUS-NNU_MMCF,exports by vessel,NNU,Nicaragua,americas,,
2017-12-15,2026-09-30,NGM_EPG0_EVE_NUS-NPK_MMCF,exports by vessel,NPK,Pakistan,other_asia,0,
2017-12-15,2026-09-30,NGM_EPG0_EVE_NUS-NPL_MMCF,exports by vessel,NPL,Poland,europe,0,
2017-12-15,2026-09-30,NGM_EPG0_EVE_NUS-NPM_MMCF,exports by vessel,NPM,Panama,americas,0,
2017-12-15,2026-09-30,NGM_EPG0_EVE_NUS-NPO_MMCF,exports by vessel,NPO,Portugal,europe,0,
2017-12-15,2026-09-30,NGM_EPG0_EVE_NUS-NRP_MMCF,exports by vessel,NRP,Philippines,other_asia,,
2017-12-15,2026-09-30,NGM_EPG0_EVE_NUS-NRS_MMCF,exports by vessel,NRS,Russia,europe,0,
2017-12-15,2026-09-30,NGM_EPG0_EVE_NUS-NSG_MMCF,exports by vessel,NSG,Senegal,middle_east_africa,,
2017-12-15,2026-09-30,NGM_EPG0_EVE_NUS-NSN_MMCF,exports by vessel,NSN,Singapore,other_asia,,
2017-12-15,2026-09-30,NGM_EPG0_EVE_NUS-NSP_MMCF,exports by vessel,NSP,Spain,europe,3370,5.73
2017-12-15,2026-09-30,NGM_EPG0_EVE_NUS-NTC_MMCF,exports by vessel,NTC,United Arab Emirates,middle_east_africa,0,
2017-12-15,2026-09-30,NGM_EPG0_EVE_NUS-NTH_MMCF,exports by vessel,NTH,Thailand,other_asia,0,
2017-12-15,2026-09-30,NGM_EPG0_EVE_NUS-NTU_MMCF,exports by vessel,NTU,Turkiye,europe,3413,3.68
2017-12-15,2026-09-30,NGM_EPG0_EVE_NUS-NTW_MMCF,exports by vessel,NTW,Taiwan,jkm_markets,0,
2017-12-15,2026-09-30,NGM_EPG0_EVE_NUS-NUK_MMCF,exports by vessel,NUK,United Kingdom,europe,,
2017-12-15,2026-09-30,NGM_EPG0_EVE_NUS-Z00_MMCF,exports by vessel,Z00,,,82499,4.73
2017-12-15,2026-09-30,NGM_EPG0_EVT_NUS-Z00_MMCF,exports by vessel and truck,Z00,,,82604,4.74
2018-01-15,2026-09-30,N9133US2,LNG total including re-exports,Z00,,,72463,4.34
2018-01-15,2026-09-30,NGM_EPG0_ERE_NUS-NAT_MMCF,re-exports,NAT,Argentina,americas,0,
2018-01-15,2026-09-30,NGM_EPG0_ERE_NUS-NBR_MMCF,re-exports,NBR,Brazil,americas,0,
2018-01-15,2026-09-30,NGM_EPG0_ERE_NUS-NCH_MMCF,re-exports,NCH,China,jkm_markets,0,
2018-01-15,2026-09-30,NGM_EPG0_ERE_NUS-NCI_MMCF,re-exports,NCI,Chile,americas,,
2018-01-15,2026-09-30,NGM_EPG0_ERE_NUS-NEG_MMCF,re-exports,NEG,Egypt,middle_east_africa,0,
2018-01-15,2026-09-30,NGM_EPG0_ERE_NUS-NIN_MMCF,re-exports,NIN,India,other_asia,0,
2018-01-15,2026-09-30,NGM_EPG0_ERE_NUS-NJA_MMCF,re-exports,NJA,Japan,jkm_markets,0,
2018-01-15,2026-09-30,NGM_EPG0_ERE_NUS-NKS_MMCF,re-exports,NKS,South Korea,jkm_markets,0,
2018-01-15,2026-09-30,NGM_EPG0_ERE_NUS-NMX_MMCF,re-exports,NMX,Mexico,americas,0,
2018-01-15,2026-09-30,NGM_EPG0_ERE_NUS-NPO_MMCF,re-exports,NPO,Portugal,europe,,
2018-01-15,2026-09-30,NGM_EPG0_ERE_NUS-NSP_MMCF,re-exports,NSP,Spain,europe,0,
2018-01-15,2026-09-30,NGM_EPG0_ERE_NUS-NTU_MMCF,re-exports,NTU,Turkiye,europe,0,
2018-01-15,2026-09-30,NGM_EPG0_ERE_NUS-NUK_MMCF,re-exports,NUK,United Kingdom,europe,0,
2018-01-15,2026-09-30,NGM_EPG0_ERE_NUS-Z00_MMCF,re-exports,Z00,,,0,
2018-01-15,2026-09-30,NGM_EPG0_ETR_NUS-NCA_MMCF,exports by truck,NCA,Canada,americas,0,19.21
2018-01-15,2026-09-30,NGM_EPG0_ETR_NUS-NMX_MMCF,exports by truck,NMX,Mexico,americas,105,7.49
2018-01-15,2026-09-30,NGM_EPG0_ETR_NUS-Z00_MMCF,exports by truck,Z00,,,105,7.51
2018-01-15,2026-09-30,NGM_EPG0_EVE_NUS-NAC_MMCF,exports by vessel,NAC,Antigua and Barbuda,americas,,
2018-01-15,2026-09-30,NGM_EPG0_EVE_NUS-NAT_MMCF,exports by vessel,NAT,Argentina,americas,0,
2018-01-15,2026-09-30,NGM_EPG0_EVE_NUS-NBA_MMCF,exports by vessel,NBA,Bahrain,middle_east_africa,,
2018-01-15,2026-09-30,NGM_EPG0_EVE_NUS-NBB_MMCF,exports by vessel,NBB,Barbados,americas,20,10.39
2018-01-15,2026-09-30,NGM_EPG0_EVE_NUS-NBE_MMCF,exports by vessel,NBE,Belgium,europe,0,
2018-01-15,2026-09-30,NGM_EPG0_EVE_NUS-NBF_MMCF,exports by vessel,NBF,Bahamas,americas,4,10.39
2018-01-15,2026-09-30,NGM_EPG0_EVE_NUS-NBG_MMCF,exports by vessel,NBG,Bangladesh,other_asia,,
2018-01-15,2026-09-30,NGM_EPG0_EVE_NUS-NBR_MMCF,exports by vessel,NBR,Brazil,americas,0,
2018-01-15,2026-09-30,NGM_EPG0_EVE_NUS-NCA_MMCF,exports by vessel,NCA,Canada,americas,,
2018-01-15,2026-09-30,NGM_EPG0_EVE_NUS-NCH_MMCF,exports by vessel,NCH,China,jkm_markets,13584,4.84
2018-01-15,2026-09-30,NGM_EPG0_EVE_NUS-NCI_MMCF,exports by vessel,NCI,Chile,americas,2938,3.27
2018-01-15,2026-09-30,NGM_EPG0_EVE_NUS-NCO_MMCF,exports by vessel,NCO,Colombia,americas,0,
2018-01-15,2026-09-30,NGM_EPG0_EVE_NUS-NDR_MMCF,exports by vessel,NDR,Dominican Republic,americas,0,
2018-01-15,2026-09-30,NGM_EPG0_EVE_NUS-NEG_MMCF,exports by vessel,NEG,Egypt,middle_east_africa,6554,3.27
2018-01-15,2026-09-30,NGM_EPG0_EVE_NUS-NES_MMCF,exports by vessel,NES,El Salvador,americas,,
2018-01-15,2026-09-30,NGM_EPG0_EVE_NUS-NFI_MMCF,exports by vessel,NFI,Finland,europe,,
2018-01-15,2026-09-30,NGM_EPG0_EVE_NUS-NFR_MMCF,exports by vessel,NFR,France,europe,,
2018-01-15,2026-09-30,NGM_EPG0_EVE_NUS-NGM_MMCF,exports by vessel,NGM,Germany,europe,,
2018-01-15,2026-09-30,NGM_EPG0_EVE_NUS-NGR_MMCF,exports by vessel,NGR,Greece,europe,0,
2018-01-15,2026-09-30,NGM_EPG0_EVE_NUS-NHA_MMCF,exports by vessel,NHA,Haiti,americas,0,
2018-01-15,2026-09-30,NGM_EPG0_EVE_NUS-NHR_MMCF,exports by vessel,NHR,Croatia,europe,,
2018-01-15,2026-09-30,NGM_EPG0_EVE_NUS-NID_MMCF,exports by vessel,NID,Indonesia,other_asia,,
2018-01-15,2026-09-30,NGM_EPG0_EVE_NUS-NIN_MMCF,exports by vessel,NIN,India,other_asia,3596,3.27
2018-01-15,2026-09-30,NGM_EPG0_EVE_NUS-NIS_MMCF,exports by vessel,NIS,Israel,middle_east_africa,0,
2018-01-15,2026-09-30,NGM_EPG0_EVE_NUS-NIT_MMCF,exports by vessel,NIT,Italy,europe,0,
2018-01-15,2026-09-30,NGM_EPG0_EVE_NUS-NJA_MMCF,exports by vessel,NJA,Japan,jkm_markets,3615,3.27
2018-01-15,2026-09-30,NGM_EPG0_EVE_NUS-NJM_MMCF,exports by vessel,NJM,Jamaica,americas,0,
2018-01-15,2026-09-30,NGM_EPG0_EVE_NUS-NJO_MMCF,exports by vessel,NJO,Jordan,middle_east_africa,0,
2018-01-15,2026-09-30,NGM_EPG0_EVE_NUS-NKS_MMCF,exports by vessel,NKS,South Korea,jkm_markets,21286,5.31
2018-01-15,2026-09-30,NGM_EPG0_EVE_NUS-NKU_MMCF,exports by vessel,NKU,Kuwait,middle_east_africa,0,
2018-01-15,2026-09-30,NGM_EPG0_EVE_NUS-NLH_MMCF,exports by vessel,NLH,Lithuania,europe,0,
2018-01-15,2026-09-30,NGM_EPG0_EVE_NUS-NM6_MMCF,exports by vessel,NM6,Malta,europe,0,
2018-01-15,2026-09-30,NGM_EPG0_EVE_NUS-NMR_MMCF,exports by vessel,NMR,Mauritania,middle_east_africa,,
2018-01-15,2026-09-30,NGM_EPG0_EVE_NUS-NMX_MMCF,exports by vessel,NMX,Mexico,americas,10431,4.43
2018-01-15,2026-09-30,NGM_EPG0_EVE_NUS-NMY_MMCF,exports by vessel,NMY,Malaysia,other_asia,,
2018-01-15,2026-09-30,NGM_EPG0_EVE_NUS-NNL_MMCF,exports by vessel,NNL,Netherlands,europe,0,
2018-01-15,2026-09-30,NGM_EPG0_EVE_NUS-NNU_MMCF,exports by vessel,NNU,Nicaragua,americas,,
2018-01-15,2026-09-30,NGM_EPG0_EVE_NUS-NPK_MMCF,exports by vessel,NPK,Pakistan,other_asia,3368,3.27
2018-01-15,2026-09-30,NGM_EPG0_EVE_NUS-NPL_MMCF,exports by vessel,NPL,Poland,europe,0,
2018-01-15,2026-09-30,NGM_EPG0_EVE_NUS-NPM_MMCF,exports by vessel,NPM,Panama,americas,0,
2018-01-15,2026-09-30,NGM_EPG0_EVE_NUS-NPO_MMCF,exports by vessel,NPO,Portugal,europe,3247,3.27
2018-01-15,2026-09-30,NGM_EPG0_EVE_NUS-NRP_MMCF,exports by vessel,NRP,Philippines,other_asia,,
2018-01-15,2026-09-30,NGM_EPG0_EVE_NUS-NRS_MMCF,exports by vessel,NRS,Russia,europe,0,
2018-01-15,2026-09-30,NGM_EPG0_EVE_NUS-NSG_MMCF,exports by vessel,NSG,Senegal,middle_east_africa,,
2018-01-15,2026-09-30,NGM_EPG0_EVE_NUS-NSN_MMCF,exports by vessel,NSN,Singapore,other_asia,0,
2018-01-15,2026-09-30,NGM_EPG0_EVE_NUS-NSP_MMCF,exports by vessel,NSP,Spain,europe,0,
2018-01-15,2026-09-30,NGM_EPG0_EVE_NUS-NTC_MMCF,exports by vessel,NTC,United Arab Emirates,middle_east_africa,0,
2018-01-15,2026-09-30,NGM_EPG0_EVE_NUS-NTH_MMCF,exports by vessel,NTH,Thailand,other_asia,0,
2018-01-15,2026-09-30,NGM_EPG0_EVE_NUS-NTU_MMCF,exports by vessel,NTU,Turkiye,europe,3714,3.27
2018-01-15,2026-09-30,NGM_EPG0_EVE_NUS-NTW_MMCF,exports by vessel,NTW,Taiwan,jkm_markets,0,
2018-01-15,2026-09-30,NGM_EPG0_EVE_NUS-NUK_MMCF,exports by vessel,NUK,United Kingdom,europe,,
2018-01-15,2026-09-30,NGM_EPG0_EVE_NUS-Z00_MMCF,exports by vessel,Z00,,,72358,4.33
2018-01-15,2026-09-30,NGM_EPG0_EVT_NUS-Z00_MMCF,exports by vessel and truck,Z00,,,72463,4.34
2018-02-15,2026-09-30,N9133US2,LNG total including re-exports,Z00,,,73684,5.62
2018-02-15,2026-09-30,NGM_EPG0_ERE_NUS-NAT_MMCF,re-exports,NAT,Argentina,americas,0,
2018-02-15,2026-09-30,NGM_EPG0_ERE_NUS-NBR_MMCF,re-exports,NBR,Brazil,americas,0,
2018-02-15,2026-09-30,NGM_EPG0_ERE_NUS-NCH_MMCF,re-exports,NCH,China,jkm_markets,0,
2018-02-15,2026-09-30,NGM_EPG0_ERE_NUS-NCI_MMCF,re-exports,NCI,Chile,americas,,
2018-02-15,2026-09-30,NGM_EPG0_ERE_NUS-NEG_MMCF,re-exports,NEG,Egypt,middle_east_africa,0,
2018-02-15,2026-09-30,NGM_EPG0_ERE_NUS-NIN_MMCF,re-exports,NIN,India,other_asia,0,
2018-02-15,2026-09-30,NGM_EPG0_ERE_NUS-NJA_MMCF,re-exports,NJA,Japan,jkm_markets,0,
2018-02-15,2026-09-30,NGM_EPG0_ERE_NUS-NKS_MMCF,re-exports,NKS,South Korea,jkm_markets,0,
2018-02-15,2026-09-30,NGM_EPG0_ERE_NUS-NMX_MMCF,re-exports,NMX,Mexico,americas,0,
2018-02-15,2026-09-30,NGM_EPG0_ERE_NUS-NPO_MMCF,re-exports,NPO,Portugal,europe,,
2018-02-15,2026-09-30,NGM_EPG0_ERE_NUS-NSP_MMCF,re-exports,NSP,Spain,europe,0,
2018-02-15,2026-09-30,NGM_EPG0_ERE_NUS-NTU_MMCF,re-exports,NTU,Turkiye,europe,0,
2018-02-15,2026-09-30,NGM_EPG0_ERE_NUS-NUK_MMCF,re-exports,NUK,United Kingdom,europe,0,
2018-02-15,2026-09-30,NGM_EPG0_ERE_NUS-Z00_MMCF,re-exports,Z00,,,0,
2018-02-15,2026-09-30,NGM_EPG0_ETR_NUS-NCA_MMCF,exports by truck,NCA,Canada,americas,15,13.63
2018-02-15,2026-09-30,NGM_EPG0_ETR_NUS-NMX_MMCF,exports by truck,NMX,Mexico,americas,56,8.43
2018-02-15,2026-09-30,NGM_EPG0_ETR_NUS-Z00_MMCF,exports by truck,Z00,,,71,9.55
2018-02-15,2026-09-30,NGM_EPG0_EVE_NUS-NAC_MMCF,exports by vessel,NAC,Antigua and Barbuda,americas,,
2018-02-15,2026-09-30,NGM_EPG0_EVE_NUS-NAT_MMCF,exports by vessel,NAT,Argentina,americas,0,
2018-02-15,2026-09-30,NGM_EPG0_EVE_NUS-NBA_MMCF,exports by vessel,NBA,Bahrain,middle_east_africa,,
2018-02-15,2026-09-30,NGM_EPG0_EVE_NUS-NBB_MMCF,exports by vessel,NBB,Barbados,americas,20,10.39
2018-02-15,2026-09-30,NGM_EPG0_EVE_NUS-NBE_MMCF,exports by vessel,NBE,Belgium,europe,0,
2018-02-15,2026-09-30,NGM_EPG0_EVE_NUS-NBF_MMCF,exports by vessel,NBF,Bahamas,americas,12,10.39
2018-02-15,2026-09-30,NGM_EPG0_EVE_NUS-NBG_MMCF,exports by vessel,NBG,Bangladesh,other_asia,,
2018-02-15,2026-09-30,NGM_EPG0_EVE_NUS-NBR_MMCF,exports by vessel,NBR,Brazil,americas,0,
2018-02-15,2026-09-30,NGM_EPG0_EVE_NUS-NCA_MMCF,exports by vessel,NCA,Canada,americas,,
2018-02-15,2026-09-30,NGM_EPG0_EVE_NUS-NCH_MMCF,exports by vessel,NCH,China,jkm_markets,6750,5.93
2018-02-15,2026-09-30,NGM_EPG0_EVE_NUS-NCI_MMCF,exports by vessel,NCI,Chile,americas,3249,4.34
2018-02-15,2026-09-30,NGM_EPG0_EVE_NUS-NCO_MMCF,exports by vessel,NCO,Colombia,americas,0,
2018-02-15,2026-09-30,NGM_EPG0_EVE_NUS-NDR_MMCF,exports by vessel,NDR,Dominican Republic,americas,0,
2018-02-15,2026-09-30,NGM_EPG0_EVE_NUS-NEG_MMCF,exports by vessel,NEG,Egypt,middle_east_africa,0,
2018-02-15,2026-09-30,NGM_EPG0_EVE_NUS-NES_MMCF,exports by vessel,NES,El Salvador,americas,,
2018-02-15,2026-09-30,NGM_EPG0_EVE_NUS-NFI_MMCF,exports by vessel,NFI,Finland,europe,,
2018-02-15,2026-09-30,NGM_EPG0_EVE_NUS-NFR_MMCF,exports by vessel,NFR,France,europe,,
2018-02-15,2026-09-30,NGM_EPG0_EVE_NUS-NGM_MMCF,exports by vessel,NGM,Germany,europe,,
2018-02-15,2026-09-30,NGM_EPG0_EVE_NUS-NGR_MMCF,exports by vessel,NGR,Greece,europe,0,
2018-02-15,2026-09-30,NGM_EPG0_EVE_NUS-NHA_MMCF,exports by vessel,NHA,Haiti,americas,0,
2018-02-15,2026-09-30,NGM_EPG0_EVE_NUS-NHR_MMCF,exports by vessel,NHR,Croatia,europe,,
2018-02-15,2026-09-30,NGM_EPG0_EVE_NUS-NID_MMCF,exports by vessel,NID,Indonesia,other_asia,,
2018-02-15,2026-09-30,NGM_EPG0_EVE_NUS-NIN_MMCF,exports by vessel,NIN,India,other_asia,0,
2018-02-15,2026-09-30,NGM_EPG0_EVE_NUS-NIS_MMCF,exports by vessel,NIS,Israel,middle_east_africa,0,
2018-02-15,2026-09-30,NGM_EPG0_EVE_NUS-NIT_MMCF,exports by vessel,NIT,Italy,europe,0,
2018-02-15,2026-09-30,NGM_EPG0_EVE_NUS-NJA_MMCF,exports by vessel,NJA,Japan,jkm_markets,7099,7.46
2018-02-15,2026-09-30,NGM_EPG0_EVE_NUS-NJM_MMCF,exports by vessel,NJM,Jamaica,americas,0,
2018-02-15,2026-09-30,NGM_EPG0_EVE_NUS-NJO_MMCF,exports by vessel,NJO,Jordan,middle_east_africa,3300,4.34
2018-02-15,2026-09-30,NGM_EPG0_EVE_NUS-NKS_MMCF,exports by vessel,NKS,South Korea,jkm_markets,28322,5.85
2018-02-15,2026-09-30,NGM_EPG0_EVE_NUS-NKU_MMCF,exports by vessel,NKU,Kuwait,middle_east_africa,0,
2018-02-15,2026-09-30,NGM_EPG0_EVE_NUS-NLH_MMCF,exports by vessel,NLH,Lithuania,europe,0,
2018-02-15,2026-09-30,NGM_EPG0_EVE_NUS-NM6_MMCF,exports by vessel,NM6,Malta,europe,0,
2018-02-15,2026-09-30,NGM_EPG0_EVE_NUS-NMR_MMCF,exports by vessel,NMR,Mauritania,middle_east_africa,,
2018-02-15,2026-09-30,NGM_EPG0_EVE_NUS-NMX_MMCF,exports by vessel,NMX,Mexico,americas,14777,4.85
2018-02-15,2026-09-30,NGM_EPG0_EVE_NUS-NMY_MMCF,exports by vessel,NMY,Malaysia,other_asia,,
2018-02-15,2026-09-30,NGM_EPG0_EVE_NUS-NNL_MMCF,exports by vessel,NNL,Netherlands,europe,0,
2018-02-15,2026-09-30,NGM_EPG0_EVE_NUS-NNU_MMCF,exports by vessel,NNU,Nicaragua,americas,,
2018-02-15,2026-09-30,NGM_EPG0_EVE_NUS-NPK_MMCF,exports by vessel,NPK,Pakistan,other_asia,0,
2018-02-15,2026-09-30,NGM_EPG0_EVE_NUS-NPL_MMCF,exports by vessel,NPL,Poland,europe,0,
2018-02-15,2026-09-30,NGM_EPG0_EVE_NUS-NPM_MMCF,exports by vessel,NPM,Panama,americas,0,
2018-02-15,2026-09-30,NGM_EPG0_EVE_NUS-NPO_MMCF,exports by vessel,NPO,Portugal,europe,0,
2018-02-15,2026-09-30,NGM_EPG0_EVE_NUS-NRP_MMCF,exports by vessel,NRP,Philippines,other_asia,,
2018-02-15,2026-09-30,NGM_EPG0_EVE_NUS-NRS_MMCF,exports by vessel,NRS,Russia,europe,0,
2018-02-15,2026-09-30,NGM_EPG0_EVE_NUS-NSG_MMCF,exports by vessel,NSG,Senegal,middle_east_africa,,
2018-02-15,2026-09-30,NGM_EPG0_EVE_NUS-NSN_MMCF,exports by vessel,NSN,Singapore,other_asia,0,
2018-02-15,2026-09-30,NGM_EPG0_EVE_NUS-NSP_MMCF,exports by vessel,NSP,Spain,europe,0,
2018-02-15,2026-09-30,NGM_EPG0_EVE_NUS-NTC_MMCF,exports by vessel,NTC,United Arab Emirates,middle_east_africa,0,
2018-02-15,2026-09-30,NGM_EPG0_EVE_NUS-NTH_MMCF,exports by vessel,NTH,Thailand,other_asia,0,
2018-02-15,2026-09-30,NGM_EPG0_EVE_NUS-NTU_MMCF,exports by vessel,NTU,Turkiye,europe,3279,4.34
2018-02-15,2026-09-30,NGM_EPG0_EVE_NUS-NTW_MMCF,exports by vessel,NTW,Taiwan,jkm_markets,6806,5.89
2018-02-15,2026-09-30,NGM_EPG0_EVE_NUS-NUK_MMCF,exports by vessel,NUK,United Kingdom,europe,,
2018-02-15,2026-09-30,NGM_EPG0_EVE_NUS-Z00_MMCF,exports by vessel,Z00,,,73613,5.62
2018-02-15,2026-09-30,NGM_EPG0_EVT_NUS-Z00_MMCF,exports by vessel and truck,Z00,,,73684,5.62
2018-03-15,2026-09-30,N9133US2,LNG total including re-exports,Z00,,,91542,4.45
2018-03-15,2026-09-30,NGM_EPG0_ERE_NUS-NAT_MMCF,re-exports,NAT,Argentina,americas,0,
2018-03-15,2026-09-30,NGM_EPG0_ERE_NUS-NBR_MMCF,re-exports,NBR,Brazil,americas,0,
2018-03-15,2026-09-30,NGM_EPG0_ERE_NUS-NCH_MMCF,re-exports,NCH,China,jkm_markets,0,
2018-03-15,2026-09-30,NGM_EPG0_ERE_NUS-NCI_MMCF,re-exports,NCI,Chile,americas,,
2018-03-15,2026-09-30,NGM_EPG0_ERE_NUS-NEG_MMCF,re-exports,NEG,Egypt,middle_east_africa,0,
2018-03-15,2026-09-30,NGM_EPG0_ERE_NUS-NIN_MMCF,re-exports,NIN,India,other_asia,0,
2018-03-15,2026-09-30,NGM_EPG0_ERE_NUS-NJA_MMCF,re-exports,NJA,Japan,jkm_markets,0,
2018-03-15,2026-09-30,NGM_EPG0_ERE_NUS-NKS_MMCF,re-exports,NKS,South Korea,jkm_markets,0,
2018-03-15,2026-09-30,NGM_EPG0_ERE_NUS-NMX_MMCF,re-exports,NMX,Mexico,americas,0,
2018-03-15,2026-09-30,NGM_EPG0_ERE_NUS-NPO_MMCF,re-exports,NPO,Portugal,europe,,
2018-03-15,2026-09-30,NGM_EPG0_ERE_NUS-NSP_MMCF,re-exports,NSP,Spain,europe,0,
2018-03-15,2026-09-30,NGM_EPG0_ERE_NUS-NTU_MMCF,re-exports,NTU,Turkiye,europe,0,
2018-03-15,2026-09-30,NGM_EPG0_ERE_NUS-NUK_MMCF,re-exports,NUK,United Kingdom,europe,0,
2018-03-15,2026-09-30,NGM_EPG0_ERE_NUS-Z00_MMCF,re-exports,Z00,,,0,
2018-03-15,2026-09-30,NGM_EPG0_ETR_NUS-NCA_MMCF,exports by truck,NCA,Canada,americas,0,
2018-03-15,2026-09-30,NGM_EPG0_ETR_NUS-NMX_MMCF,exports by truck,NMX,Mexico,americas,56,8.03
2018-03-15,2026-09-30,NGM_EPG0_ETR_NUS-Z00_MMCF,exports by truck,Z00,,,56,8.03
2018-03-15,2026-09-30,NGM_EPG0_EVE_NUS-NAC_MMCF,exports by vessel,NAC,Antigua and Barbuda,americas,,
2018-03-15,2026-09-30,NGM_EPG0_EVE_NUS-NAT_MMCF,exports by vessel,NAT,Argentina,americas,3333,6.28
2018-03-15,2026-09-30,NGM_EPG0_EVE_NUS-NBA_MMCF,exports by vessel,NBA,Bahrain,middle_east_africa,,
2018-03-15,2026-09-30,NGM_EPG0_EVE_NUS-NBB_MMCF,exports by vessel,NBB,Barbados,americas,13,10.39
2018-03-15,2026-09-30,NGM_EPG0_EVE_NUS-NBE_MMCF,exports by vessel,NBE,Belgium,europe,0,
2018-03-15,2026-09-30,NGM_EPG0_EVE_NUS-NBF_MMCF,exports by vessel,NBF,Bahamas,americas,16,10.39
2018-03-15,2026-09-30,NGM_EPG0_EVE_NUS-NBG_MMCF,exports by vessel,NBG,Bangladesh,other_asia,,
2018-03-15,2026-09-30,NGM_EPG0_EVE_NUS-NBR_MMCF,exports by vessel,NBR,Brazil,americas,3272,7.46
2018-03-15,2026-09-30,NGM_EPG0_EVE_NUS-NCA_MMCF,exports by vessel,NCA,Canada,americas,,
2018-03-15,2026-09-30,NGM_EPG0_EVE_NUS-NCH_MMCF,exports by vessel,NCH,China,jkm_markets,10739,4.2
2018-03-15,2026-09-30,NGM_EPG0_EVE_NUS-NCI_MMCF,exports by vessel,NCI,Chile,americas,6994,3.15
2018-03-15,2026-09-30,NGM_EPG0_EVE_NUS-NCO_MMCF,exports by vessel,NCO,Colombia,americas,0,
2018-03-15,2026-09-30,NGM_EPG0_EVE_NUS-NDR_MMCF,exports by vessel,NDR,Dominican Republic,americas,1821,3.15
2018-03-15,2026-09-30,NGM_EPG0_EVE_NUS-NEG_MMCF,exports by vessel,NEG,Egypt,middle_east_africa,0,
2018-03-15,2026-09-30,NGM_EPG0_EVE_NUS-NES_MMCF,exports by vessel,NES,El Salvador,americas,,
2018-03-15,2026-09-30,NGM_EPG0_EVE_NUS-NFI_MMCF,exports by vessel,NFI,Finland,europe,,
2018-03-15,2026-09-30,NGM_EPG0_EVE_NUS-NFR_MMCF,exports by vessel,NFR,France,europe,,
2018-03-15,2026-09-30,NGM_EPG0_EVE_NUS-NGM_MMCF,exports by vessel,NGM,Germany,europe,,
2018-03-15,2026-09-30,NGM_EPG0_EVE_NUS-NGR_MMCF,exports by vessel,NGR,Greece,europe,0,
2018-03-15,2026-09-30,NGM_EPG0_EVE_NUS-NHA_MMCF,exports by vessel,NHA,Haiti,americas,0,
2018-03-15,2026-09-30,NGM_EPG0_EVE_NUS-NHR_MMCF,exports by vessel,NHR,Croatia,europe,,
2018-03-15,2026-09-30,NGM_EPG0_EVE_NUS-NID_MMCF,exports by vessel,NID,Indonesia,other_asia,,
2018-03-15,2026-09-30,NGM_EPG0_EVE_NUS-NIN_MMCF,exports by vessel,NIN,India,other_asia,10834,5.22
2018-03-15,2026-09-30,NGM_EPG0_EVE_NUS-NIS_MMCF,exports by vessel,NIS,Israel,middle_east_africa,0,
2018-03-15,2026-09-30,NGM_EPG0_EVE_NUS-NIT_MMCF,exports by vessel,NIT,Italy,europe,0,
2018-03-15,2026-09-30,NGM_EPG0_EVE_NUS-NJA_MMCF,exports by vessel,NJA,Japan,jkm_markets,0,
2018-03-15,2026-09-30,NGM_EPG0_EVE_NUS-NJM_MMCF,exports by vessel,NJM,Jamaica,americas,0,
2018-03-15,2026-09-30,NGM_EPG0_EVE_NUS-NJO_MMCF,exports by vessel,NJO,Jordan,middle_east_africa,3694,3.15
2018-03-15,2026-09-30,NGM_EPG0_EVE_NUS-NKS_MMCF,exports by vessel,NKS,South Korea,jkm_markets,11079,3.15
2018-03-15,2026-09-30,NGM_EPG0_EVE_NUS-NKU_MMCF,exports by vessel,NKU,Kuwait,middle_east_africa,0,
2018-03-15,2026-09-30,NGM_EPG0_EVE_NUS-NLH_MMCF,exports by vessel,NLH,Lithuania,europe,0,
2018-03-15,2026-09-30,NGM_EPG0_EVE_NUS-NM6_MMCF,exports by vessel,NM6,Malta,europe,0,
2018-03-15,2026-09-30,NGM_EPG0_EVE_NUS-NMR_MMCF,exports by vessel,NMR,Mauritania,middle_east_africa,,
2018-03-15,2026-09-30,NGM_EPG0_EVE_NUS-NMX_MMCF,exports by vessel,NMX,Mexico,americas,28877,4.32
2018-03-15,2026-09-30,NGM_EPG0_EVE_NUS-NMY_MMCF,exports by vessel,NMY,Malaysia,other_asia,,
2018-03-15,2026-09-30,NGM_EPG0_EVE_NUS-NNL_MMCF,exports by vessel,NNL,Netherlands,europe,0,
2018-03-15,2026-09-30,NGM_EPG0_EVE_NUS-NNU_MMCF,exports by vessel,NNU,Nicaragua,americas,,
2018-03-15,2026-09-30,NGM_EPG0_EVE_NUS-NPK_MMCF,exports by vessel,NPK,Pakistan,other_asia,3108,6.28
2018-03-15,2026-09-30,NGM_EPG0_EVE_NUS-NPL_MMCF,exports by vessel,NPL,Poland,europe,0,
2018-03-15,2026-09-30,NGM_EPG0_EVE_NUS-NPM_MMCF,exports by vessel,NPM,Panama,americas,1442,3.15
2018-03-15,2026-09-30,NGM_EPG0_EVE_NUS-NPO_MMCF,exports by vessel,NPO,Portugal,europe,0,
2018-03-15,2026-09-30,NGM_EPG0_EVE_NUS-NRP_MMCF,exports by vessel,NRP,Philippines,other_asia,,
2018-03-15,2026-09-30,NGM_EPG0_EVE_NUS-NRS_MMCF,exports by vessel,NRS,Russia,europe,0,
2018-03-15,2026-09-30,NGM_EPG0_EVE_NUS-NSG_MMCF,exports by vessel,NSG,Senegal,middle_east_africa,,
2018-03-15,2026-09-30,NGM_EPG0_EVE_NUS-NSN_MMCF,exports by vessel,NSN,Singapore,other_asia,0,
2018-03-15,2026-09-30,NGM_EPG0_EVE_NUS-NSP_MMCF,exports by vessel,NSP,Spain,europe,0,
2018-03-15,2026-09-30,NGM_EPG0_EVE_NUS-NTC_MMCF,exports by vessel,NTC,United Arab Emirates,middle_east_africa,0,
2018-03-15,2026-09-30,NGM_EPG0_EVE_NUS-NTH_MMCF,exports by vessel,NTH,Thailand,other_asia,0,
2018-03-15,2026-09-30,NGM_EPG0_EVE_NUS-NTU_MMCF,exports by vessel,NTU,Turkiye,europe,0,
2018-03-15,2026-09-30,NGM_EPG0_EVE_NUS-NTW_MMCF,exports by vessel,NTW,Taiwan,jkm_markets,0,
2018-03-15,2026-09-30,NGM_EPG0_EVE_NUS-NUK_MMCF,exports by vessel,NUK,United Kingdom,europe,6267,5.89
2018-03-15,2026-09-30,NGM_EPG0_EVE_NUS-Z00_MMCF,exports by vessel,Z00,,,91486,4.45
2018-03-15,2026-09-30,NGM_EPG0_EVT_NUS-Z00_MMCF,exports by vessel and truck,Z00,,,91542,4.45
2018-04-15,2026-09-30,N9133US2,LNG total including re-exports,Z00,,,85684,4.56
2018-04-15,2026-09-30,NGM_EPG0_ERE_NUS-NAT_MMCF,re-exports,NAT,Argentina,americas,0,
2018-04-15,2026-09-30,NGM_EPG0_ERE_NUS-NBR_MMCF,re-exports,NBR,Brazil,americas,0,
2018-04-15,2026-09-30,NGM_EPG0_ERE_NUS-NCH_MMCF,re-exports,NCH,China,jkm_markets,0,
2018-04-15,2026-09-30,NGM_EPG0_ERE_NUS-NCI_MMCF,re-exports,NCI,Chile,americas,,
2018-04-15,2026-09-30,NGM_EPG0_ERE_NUS-NEG_MMCF,re-exports,NEG,Egypt,middle_east_africa,0,
2018-04-15,2026-09-30,NGM_EPG0_ERE_NUS-NIN_MMCF,re-exports,NIN,India,other_asia,0,
2018-04-15,2026-09-30,NGM_EPG0_ERE_NUS-NJA_MMCF,re-exports,NJA,Japan,jkm_markets,0,
2018-04-15,2026-09-30,NGM_EPG0_ERE_NUS-NKS_MMCF,re-exports,NKS,South Korea,jkm_markets,0,
2018-04-15,2026-09-30,NGM_EPG0_ERE_NUS-NMX_MMCF,re-exports,NMX,Mexico,americas,0,
2018-04-15,2026-09-30,NGM_EPG0_ERE_NUS-NPO_MMCF,re-exports,NPO,Portugal,europe,,
2018-04-15,2026-09-30,NGM_EPG0_ERE_NUS-NSP_MMCF,re-exports,NSP,Spain,europe,0,
2018-04-15,2026-09-30,NGM_EPG0_ERE_NUS-NTU_MMCF,re-exports,NTU,Turkiye,europe,0,
2018-04-15,2026-09-30,NGM_EPG0_ERE_NUS-NUK_MMCF,re-exports,NUK,United Kingdom,europe,0,
2018-04-15,2026-09-30,NGM_EPG0_ERE_NUS-Z00_MMCF,re-exports,Z00,,,0,
2018-04-15,2026-09-30,NGM_EPG0_ETR_NUS-NCA_MMCF,exports by truck,NCA,Canada,americas,1,7.79
2018-04-15,2026-09-30,NGM_EPG0_ETR_NUS-NMX_MMCF,exports by truck,NMX,Mexico,americas,4,6.4
2018-04-15,2026-09-30,NGM_EPG0_ETR_NUS-Z00_MMCF,exports by truck,Z00,,,5,6.64
2018-04-15,2026-09-30,NGM_EPG0_EVE_NUS-NAC_MMCF,exports by vessel,NAC,Antigua and Barbuda,americas,,
2018-04-15,2026-09-30,NGM_EPG0_EVE_NUS-NAT_MMCF,exports by vessel,NAT,Argentina,americas,5217,5.56
2018-04-15,2026-09-30,NGM_EPG0_EVE_NUS-NBA_MMCF,exports by vessel,NBA,Bahrain,middle_east_africa,,
2018-04-15,2026-09-30,NGM_EPG0_EVE_NUS-NBB_MMCF,exports by vessel,NBB,Barbados,americas,8,10.39
2018-04-15,2026-09-30,NGM_EPG0_EVE_NUS-NBE_MMCF,exports by vessel,NBE,Belgium,europe,0,
2018-04-15,2026-09-30,NGM_EPG0_EVE_NUS-NBF_MMCF,exports by vessel,NBF,Bahamas,americas,8,10.39
2018-04-15,2026-09-30,NGM_EPG0_EVE_NUS-NBG_MMCF,exports by vessel,NBG,Bangladesh,other_asia,,
2018-04-15,2026-09-30,NGM_EPG0_EVE_NUS-NBR_MMCF,exports by vessel,NBR,Brazil,americas,3255,6.33
2018-04-15,2026-09-30,NGM_EPG0_EVE_NUS-NCA_MMCF,exports by vessel,NCA,Canada,americas,,
2018-04-15,2026-09-30,NGM_EPG0_EVE_NUS-NCH_MMCF,exports by vessel,NCH,China,jkm_markets,17509,3.67
2018-04-15,2026-09-30,NGM_EPG0_EVE_NUS-NCI_MMCF,exports by vessel,NCI,Chile,americas,4987,4.76
2018-04-15,2026-09-30,NGM_EPG0_EVE_NUS-NCO_MMCF,exports by vessel,NCO,Colombia,americas,1599,3.21
2018-04-15,2026-09-30,NGM_EPG0_EVE_NUS-NDR_MMCF,exports by vessel,NDR,Dominican Republic,americas,0,
2018-04-15,2026-09-30,NGM_EPG0_EVE_NUS-NEG_MMCF,exports by vessel,NEG,Egypt,middle_east_africa,0,
2018-04-15,2026-09-30,NGM_EPG0_EVE_NUS-NES_MMCF,exports by vessel,NES,El Salvador,americas,,
2018-04-15,2026-09-30,NGM_EPG0_EVE_NUS-NFI_MMCF,exports by vessel,NFI,Finland,europe,,
2018-04-15,2026-09-30,NGM_EPG0_EVE_NUS-NFR_MMCF,exports by vessel,NFR,France,europe,,
2018-04-15,2026-09-30,NGM_EPG0_EVE_NUS-NGM_MMCF,exports by vessel,NGM,Germany,europe,,
2018-04-15,2026-09-30,NGM_EPG0_EVE_NUS-NGR_MMCF,exports by vessel,NGR,Greece,europe,0,
2018-04-15,2026-09-30,NGM_EPG0_EVE_NUS-NHA_MMCF,exports by vessel,NHA,Haiti,americas,0,
2018-04-15,2026-09-30,NGM_EPG0_EVE_NUS-NHR_MMCF,exports by vessel,NHR,Croatia,europe,,
2018-04-15,2026-09-30,NGM_EPG0_EVE_NUS-NID_MMCF,exports by vessel,NID,Indonesia,other_asia,,
2018-04-15,2026-09-30,NGM_EPG0_EVE_NUS-NIN_MMCF,exports by vessel,NIN,India,other_asia,3254,6.33
2018-04-15,2026-09-30,NGM_EPG0_EVE_NUS-NIS_MMCF,exports by vessel,NIS,Israel,middle_east_africa,0,
2018-04-15,2026-09-30,NGM_EPG0_EVE_NUS-NIT_MMCF,exports by vessel,NIT,Italy,europe,0,
2018-04-15,2026-09-30,NGM_EPG0_EVE_NUS-NJA_MMCF,exports by vessel,NJA,Japan,jkm_markets,10967,4.95
2018-04-15,2026-09-30,NGM_EPG0_EVE_NUS-NJM_MMCF,exports by vessel,NJM,Jamaica,americas,0,
2018-04-15,2026-09-30,NGM_EPG0_EVE_NUS-NJO_MMCF,exports by vessel,NJO,Jordan,middle_east_africa,3293,6.63
2018-04-15,2026-09-30,NGM_EPG0_EVE_NUS-NKS_MMCF,exports by vessel,NKS,South Korea,jkm_markets,17996,3.66
2018-04-15,2026-09-30,NGM_EPG0_EVE_NUS-NKU_MMCF,exports by vessel,NKU,Kuwait,middle_east_africa,0,
2018-04-15,2026-09-30,NGM_EPG0_EVE_NUS-NLH_MMCF,exports by vessel,NLH,Lithuania,europe,0,
2018-04-15,2026-09-30,NGM_EPG0_EVE_NUS-NM6_MMCF,exports by vessel,NM6,Malta,europe,0,
2018-04-15,2026-09-30,NGM_EPG0_EVE_NUS-NMR_MMCF,exports by vessel,NMR,Mauritania,middle_east_africa,,
2018-04-15,2026-09-30,NGM_EPG0_EVE_NUS-NMX_MMCF,exports by vessel,NMX,Mexico,americas,11074,3.98
2018-04-15,2026-09-30,NGM_EPG0_EVE_NUS-NMY_MMCF,exports by vessel,NMY,Malaysia,other_asia,,
2018-04-15,2026-09-30,NGM_EPG0_EVE_NUS-NNL_MMCF,exports by vessel,NNL,Netherlands,europe,3253,6.33
2018-04-15,2026-09-30,NGM_EPG0_EVE_NUS-NNU_MMCF,exports by vessel,NNU,Nicaragua,americas,,
2018-04-15,2026-09-30,NGM_EPG0_EVE_NUS-NPK_MMCF,exports by vessel,NPK,Pakistan,other_asia,3258,6.33
2018-04-15,2026-09-30,NGM_EPG0_EVE_NUS-NPL_MMCF,exports by vessel,NPL,Poland,europe,0,
2018-04-15,2026-09-30,NGM_EPG0_EVE_NUS-NPM_MMCF,exports by vessel,NPM,Panama,americas,0,
2018-04-15,2026-09-30,NGM_EPG0_EVE_NUS-NPO_MMCF,exports by vessel,NPO,Portugal,europe,0,
2018-04-15,2026-09-30,NGM_EPG0_EVE_NUS-NRP_MMCF,exports by vessel,NRP,Philippines,other_asia,,
2018-04-15,2026-09-30,NGM_EPG0_EVE_NUS-NRS_MMCF,exports by vessel,NRS,Russia,europe,0,
2018-04-15,2026-09-30,NGM_EPG0_EVE_NUS-NSG_MMCF,exports by vessel,NSG,Senegal,middle_east_africa,,
2018-04-15,2026-09-30,NGM_EPG0_EVE_NUS-NSN_MMCF,exports by vessel,NSN,Singapore,other_asia,0,
2018-04-15,2026-09-30,NGM_EPG0_EVE_NUS-NSP_MMCF,exports by vessel,NSP,Spain,europe,0,
2018-04-15,2026-09-30,NGM_EPG0_EVE_NUS-NTC_MMCF,exports by vessel,NTC,United Arab Emirates,middle_east_africa,0,
2018-04-15,2026-09-30,NGM_EPG0_EVE_NUS-NTH_MMCF,exports by vessel,NTH,Thailand,other_asia,0,
2018-04-15,2026-09-30,NGM_EPG0_EVE_NUS-NTU_MMCF,exports by vessel,NTU,Turkiye,europe,0,
2018-04-15,2026-09-30,NGM_EPG0_EVE_NUS-NTW_MMCF,exports by vessel,NTW,Taiwan,jkm_markets,0,
2018-04-15,2026-09-30,NGM_EPG0_EVE_NUS-NUK_MMCF,exports by vessel,NUK,United Kingdom,europe,,
2018-04-15,2026-09-30,NGM_EPG0_EVE_NUS-Z00_MMCF,exports by vessel,Z00,,,85680,4.56
2018-04-15,2026-09-30,NGM_EPG0_EVT_NUS-Z00_MMCF,exports by vessel and truck,Z00,,,85684,4.56
2018-05-15,2026-09-30,N9133US2,LNG total including re-exports,Z00,,,94797,5.03
2018-05-15,2026-09-30,NGM_EPG0_ERE_NUS-NAT_MMCF,re-exports,NAT,Argentina,americas,0,
2018-05-15,2026-09-30,NGM_EPG0_ERE_NUS-NBR_MMCF,re-exports,NBR,Brazil,americas,0,
2018-05-15,2026-09-30,NGM_EPG0_ERE_NUS-NCH_MMCF,re-exports,NCH,China,jkm_markets,0,
2018-05-15,2026-09-30,NGM_EPG0_ERE_NUS-NCI_MMCF,re-exports,NCI,Chile,americas,,
2018-05-15,2026-09-30,NGM_EPG0_ERE_NUS-NEG_MMCF,re-exports,NEG,Egypt,middle_east_africa,0,
2018-05-15,2026-09-30,NGM_EPG0_ERE_NUS-NIN_MMCF,re-exports,NIN,India,other_asia,0,
2018-05-15,2026-09-30,NGM_EPG0_ERE_NUS-NJA_MMCF,re-exports,NJA,Japan,jkm_markets,0,
2018-05-15,2026-09-30,NGM_EPG0_ERE_NUS-NKS_MMCF,re-exports,NKS,South Korea,jkm_markets,0,
2018-05-15,2026-09-30,NGM_EPG0_ERE_NUS-NMX_MMCF,re-exports,NMX,Mexico,americas,0,
2018-05-15,2026-09-30,NGM_EPG0_ERE_NUS-NPO_MMCF,re-exports,NPO,Portugal,europe,,
2018-05-15,2026-09-30,NGM_EPG0_ERE_NUS-NSP_MMCF,re-exports,NSP,Spain,europe,0,
2018-05-15,2026-09-30,NGM_EPG0_ERE_NUS-NTU_MMCF,re-exports,NTU,Turkiye,europe,0,
2018-05-15,2026-09-30,NGM_EPG0_ERE_NUS-NUK_MMCF,re-exports,NUK,United Kingdom,europe,0,
2018-05-15,2026-09-30,NGM_EPG0_ERE_NUS-Z00_MMCF,re-exports,Z00,,,0,
2018-05-15,2026-09-30,NGM_EPG0_ETR_NUS-NCA_MMCF,exports by truck,NCA,Canada,americas,0,
2018-05-15,2026-09-30,NGM_EPG0_ETR_NUS-NMX_MMCF,exports by truck,NMX,Mexico,americas,6,7.18
2018-05-15,2026-09-30,NGM_EPG0_ETR_NUS-Z00_MMCF,exports by truck,Z00,,,6,7.18
2018-05-15,2026-09-30,NGM_EPG0_EVE_NUS-NAC_MMCF,exports by vessel,NAC,Antigua and Barbuda,americas,,
2018-05-15,2026-09-30,NGM_EPG0_EVE_NUS-NAT_MMCF,exports by vessel,NAT,Argentina,americas,5392,4.59
2018-05-15,2026-09-30,NGM_EPG0_EVE_NUS-NBA_MMCF,exports by vessel,NBA,Bahrain,middle_east_africa,,
2018-05-15,2026-09-30,NGM_EPG0_EVE_NUS-NBB_MMCF,exports by vessel,NBB,Barbados,americas,13,10.39
2018-05-15,2026-09-30,NGM_EPG0_EVE_NUS-NBE_MMCF,exports by vessel,NBE,Belgium,europe,0,
2018-05-15,2026-09-30,NGM_EPG0_EVE_NUS-NBF_MMCF,exports by vessel,NBF,Bahamas,americas,11,10.39
2018-05-15,2026-09-30,NGM_EPG0_EVE_NUS-NBG_MMCF,exports by vessel,NBG,Bangladesh,other_asia,,
2018-05-15,2026-09-30,NGM_EPG0_EVE_NUS-NBR_MMCF,exports by vessel,NBR,Brazil,americas,1153,6.48
2018-05-15,2026-09-30,NGM_EPG0_EVE_NUS-NCA_MMCF,exports by vessel,NCA,Canada,americas,,
2018-05-15,2026-09-30,NGM_EPG0_EVE_NUS-NCH_MMCF,exports by vessel,NCH,China,jkm_markets,10416,4.31
2018-05-15,2026-09-30,NGM_EPG0_EVE_NUS-NCI_MMCF,exports by vessel,NCI,Chile,americas,0,
2018-05-15,2026-09-30,NGM_EPG0_EVE_NUS-NCO_MMCF,exports by vessel,NCO,Colombia,americas,0,
2018-05-15,2026-09-30,NGM_EPG0_EVE_NUS-NDR_MMCF,exports by vessel,NDR,Dominican Republic,americas,1023,6.8
2018-05-15,2026-09-30,NGM_EPG0_EVE_NUS-NEG_MMCF,exports by vessel,NEG,Egypt,middle_east_africa,0,
2018-05-15,2026-09-30,NGM_EPG0_EVE_NUS-NES_MMCF,exports by vessel,NES,El Salvador,americas,,
2018-05-15,2026-09-30,NGM_EPG0_EVE_NUS-NFI_MMCF,exports by vessel,NFI,Finland,europe,,
2018-05-15,2026-09-30,NGM_EPG0_EVE_NUS-NFR_MMCF,exports by vessel,NFR,France,europe,,
2018-05-15,2026-09-30,NGM_EPG0_EVE_NUS-NGM_MMCF,exports by vessel,NGM,Germany,europe,,
2018-05-15,2026-09-30,NGM_EPG0_EVE_NUS-NGR_MMCF,exports by vessel,NGR,Greece,europe,0,
2018-05-15,2026-09-30,NGM_EPG0_EVE_NUS-NHA_MMCF,exports by vessel,NHA,Haiti,americas,0,
2018-05-15,2026-09-30,NGM_EPG0_EVE_NUS-NHR_MMCF,exports by vessel,NHR,Croatia,europe,,
2018-05-15,2026-09-30,NGM_EPG0_EVE_NUS-NID_MMCF,exports by vessel,NID,Indonesia,other_asia,,
2018-05-15,2026-09-30,NGM_EPG0_EVE_NUS-NIN_MMCF,exports by vessel,NIN,India,other_asia,7118,3.37
2018-05-15,2026-09-30,NGM_EPG0_EVE_NUS-NIS_MMCF,exports by vessel,NIS,Israel,middle_east_africa,3270,6.48
2018-05-15,2026-09-30,NGM_EPG0_EVE_NUS-NIT_MMCF,exports by vessel,NIT,Italy,europe,0,
2018-05-15,2026-09-30,NGM_EPG0_EVE_NUS-NJA_MMCF,exports by vessel,NJA,Japan,jkm_markets,12782,7.11
2018-05-15,2026-09-30,NGM_EPG0_EVE_NUS-NJM_MMCF,exports by vessel,NJM,Jamaica,americas,0,
2018-05-15,2026-09-30,NGM_EPG0_EVE_NUS-NJO_MMCF,exports by vessel,NJO,Jordan,middle_east_africa,10572,3.37
2018-05-15,2026-09-30,NGM_EPG0_EVE_NUS-NKS_MMCF,exports by vessel,NKS,South Korea,jkm_markets,17735,3.84
2018-05-15,2026-09-30,NGM_EPG0_EVE_NUS-NKU_MMCF,exports by vessel,NKU,Kuwait,middle_east_africa,6496,6.76
2018-05-15,2026-09-30,NGM_EPG0_EVE_NUS-NLH_MMCF,exports by vessel,NLH,Lithuania,europe,0,
2018-05-15,2026-09-30,NGM_EPG0_EVE_NUS-NM6_MMCF,exports by vessel,NM6,Malta,europe,0,
2018-05-15,2026-09-30,NGM_EPG0_EVE_NUS-NMR_MMCF,exports by vessel,NMR,Mauritania,middle_east_africa,,
2018-05-15,2026-09-30,NGM_EPG0_EVE_NUS-NMX_MMCF,exports by vessel,NMX,Mexico,americas,13512,5.47
2018-05-15,2026-09-30,NGM_EPG0_EVE_NUS-NMY_MMCF,exports by vessel,NMY,Malaysia,other_asia,,
2018-05-15,2026-09-30,NGM_EPG0_EVE_NUS-NNL_MMCF,exports by vessel,NNL,Netherlands,europe,0,
2018-05-15,2026-09-30,NGM_EPG0_EVE_NUS-NNU_MMCF,exports by vessel,NNU,Nicaragua,americas,,
2018-05-15,2026-09-30,NGM_EPG0_EVE_NUS-NPK_MMCF,exports by vessel,NPK,Pakistan,other_asia,3222,6.63
2018-05-15,2026-09-30,NGM_EPG0_EVE_NUS-NPL_MMCF,exports by vessel,NPL,Poland,europe,0,
2018-05-15,2026-09-30,NGM_EPG0_EVE_NUS-NPM_MMCF,exports by vessel,NPM,Panama,americas,2077,6.8
2018-05-15,2026-09-30,NGM_EPG0_EVE_NUS-NPO_MMCF,exports by vessel,NPO,Portugal,europe,0,
2018-05-15,2026-09-30,NGM_EPG0_EVE_NUS-NRP_MMCF,exports by vessel,NRP,Philippines,other_asia,,
2018-05-15,2026-09-30,NGM_EPG0_EVE_NUS-NRS_MMCF,exports by vessel,NRS,Russia,europe,0,
2018-05-15,2026-09-30,NGM_EPG0_EVE_NUS-NSG_MMCF,exports by vessel,NSG,Senegal,middle_east_africa,,
2018-05-15,2026-09-30,NGM_EPG0_EVE_NUS-NSN_MMCF,exports by vessel,NSN,Singapore,other_asia,0,
2018-05-15,2026-09-30,NGM_EPG0_EVE_NUS-NSP_MMCF,exports by vessel,NSP,Spain,europe,0,
2018-05-15,2026-09-30,NGM_EPG0_EVE_NUS-NTC_MMCF,exports by vessel,NTC,United Arab Emirates,middle_east_africa,0,
2018-05-15,2026-09-30,NGM_EPG0_EVE_NUS-NTH_MMCF,exports by vessel,NTH,Thailand,other_asia,0,
2018-05-15,2026-09-30,NGM_EPG0_EVE_NUS-NTU_MMCF,exports by vessel,NTU,Turkiye,europe,0,
2018-05-15,2026-09-30,NGM_EPG0_EVE_NUS-NTW_MMCF,exports by vessel,NTW,Taiwan,jkm_markets,0,
2018-05-15,2026-09-30,NGM_EPG0_EVE_NUS-NUK_MMCF,exports by vessel,NUK,United Kingdom,europe,,
2018-05-15,2026-09-30,NGM_EPG0_EVE_NUS-Z00_MMCF,exports by vessel,Z00,,,94791,5.03
2018-05-15,2026-09-30,NGM_EPG0_EVT_NUS-Z00_MMCF,exports by vessel and truck,Z00,,,94797,5.03
2018-06-15,2026-09-30,N9133US2,LNG total including re-exports,Z00,,,73535,4.65
2018-06-15,2026-09-30,NGM_EPG0_ERE_NUS-NAT_MMCF,re-exports,NAT,Argentina,americas,0,
2018-06-15,2026-09-30,NGM_EPG0_ERE_NUS-NBR_MMCF,re-exports,NBR,Brazil,americas,0,
2018-06-15,2026-09-30,NGM_EPG0_ERE_NUS-NCH_MMCF,re-exports,NCH,China,jkm_markets,0,
2018-06-15,2026-09-30,NGM_EPG0_ERE_NUS-NCI_MMCF,re-exports,NCI,Chile,americas,,
2018-06-15,2026-09-30,NGM_EPG0_ERE_NUS-NEG_MMCF,re-exports,NEG,Egypt,middle_east_africa,0,
2018-06-15,2026-09-30,NGM_EPG0_ERE_NUS-NIN_MMCF,re-exports,NIN,India,other_asia,0,
2018-06-15,2026-09-30,NGM_EPG0_ERE_NUS-NJA_MMCF,re-exports,NJA,Japan,jkm_markets,0,
2018-06-15,2026-09-30,NGM_EPG0_ERE_NUS-NKS_MMCF,re-exports,NKS,South Korea,jkm_markets,0,
2018-06-15,2026-09-30,NGM_EPG0_ERE_NUS-NMX_MMCF,re-exports,NMX,Mexico,americas,0,
2018-06-15,2026-09-30,NGM_EPG0_ERE_NUS-NPO_MMCF,re-exports,NPO,Portugal,europe,,
2018-06-15,2026-09-30,NGM_EPG0_ERE_NUS-NSP_MMCF,re-exports,NSP,Spain,europe,0,
2018-06-15,2026-09-30,NGM_EPG0_ERE_NUS-NTU_MMCF,re-exports,NTU,Turkiye,europe,0,
2018-06-15,2026-09-30,NGM_EPG0_ERE_NUS-NUK_MMCF,re-exports,NUK,United Kingdom,europe,0,
2018-06-15,2026-09-30,NGM_EPG0_ERE_NUS-Z00_MMCF,re-exports,Z00,,,0,
2018-06-15,2026-09-30,NGM_EPG0_ETR_NUS-NCA_MMCF,exports by truck,NCA,Canada,americas,0,
2018-06-15,2026-09-30,NGM_EPG0_ETR_NUS-NMX_MMCF,exports by truck,NMX,Mexico,americas,17,7.04
2018-06-15,2026-09-30,NGM_EPG0_ETR_NUS-Z00_MMCF,exports by truck,Z00,,,17,7.04
2018-06-15,2026-09-30,NGM_EPG0_EVE_NUS-NAC_MMCF,exports by vessel,NAC,Antigua and Barbuda,americas,,
2018-06-15,2026-09-30,NGM_EPG0_EVE_NUS-NAT_MMCF,exports by vessel,NAT,Argentina,americas,0,
2018-06-15,2026-09-30,NGM_EPG0_EVE_NUS-NBA_MMCF,exports by vessel,NBA,Bahrain,middle_east_africa,,
2018-06-15,2026-09-30,NGM_EPG0_EVE_NUS-NBB_MMCF,exports by vessel,NBB,Barbados,americas,10,10.39
2018-06-15,2026-09-30,NGM_EPG0_EVE_NUS-NBE_MMCF,exports by vessel,NBE,Belgium,europe,0,
2018-06-15,2026-09-30,NGM_EPG0_EVE_NUS-NBF_MMCF,exports by vessel,NBF,Bahamas,americas,14,10.39
2018-06-15,2026-09-30,NGM_EPG0_EVE_NUS-NBG_MMCF,exports by vessel,NBG,Bangladesh,other_asia,,
2018-06-15,2026-09-30,NGM_EPG0_EVE_NUS-NBR_MMCF,exports by vessel,NBR,Brazil,americas,0,
2018-06-15,2026-09-30,NGM_EPG0_EVE_NUS-NCA_MMCF,exports by vessel,NCA,Canada,americas,,
2018-06-15,2026-09-30,NGM_EPG0_EVE_NUS-NCH_MMCF,exports by vessel,NCH,China,jkm_markets,2926,6.56
2018-06-15,2026-09-30,NGM_EPG0_EVE_NUS-NCI_MMCF,exports by vessel,NCI,Chile,americas,5865,3.44
2018-06-15,2026-09-30,NGM_EPG0_EVE_NUS-NCO_MMCF,exports by vessel,NCO,Colombia,americas,1113,3.44
2018-06-15,2026-09-30,NGM_EPG0_EVE_NUS-NDR_MMCF,exports by vessel,NDR,Dominican Republic,americas,0,
2018-06-15,2026-09-30,NGM_EPG0_EVE_NUS-NEG_MMCF,exports by vessel,NEG,Egypt,middle_east_africa,0,
2018-06-15,2026-09-30,NGM_EPG0_EVE_NUS-NES_MMCF,exports by vessel,NES,El Salvador,americas,,
2018-06-15,2026-09-30,NGM_EPG0_EVE_NUS-NFI_MMCF,exports by vessel,NFI,Finland,europe,,
2018-06-15,2026-09-30,NGM_EPG0_EVE_NUS-NFR_MMCF,exports by vessel,NFR,France,europe,,
2018-06-15,2026-09-30,NGM_EPG0_EVE_NUS-NGM_MMCF,exports by vessel,NGM,Germany,europe,,
2018-06-15,2026-09-30,NGM_EPG0_EVE_NUS-NGR_MMCF,exports by vessel,NGR,Greece,europe,0,
2018-06-15,2026-09-30,NGM_EPG0_EVE_NUS-NHA_MMCF,exports by vessel,NHA,Haiti,americas,0,
2018-06-15,2026-09-30,NGM_EPG0_EVE_NUS-NHR_MMCF,exports by vessel,NHR,Croatia,europe,,
2018-06-15,2026-09-30,NGM_EPG0_EVE_NUS-NID_MMCF,exports by vessel,NID,Indonesia,other_asia,,
2018-06-15,2026-09-30,NGM_EPG0_EVE_NUS-NIN_MMCF,exports by vessel,NIN,India,other_asia,6717,3.44
2018-06-15,2026-09-30,NGM_EPG0_EVE_NUS-NIS_MMCF,exports by vessel,NIS,Israel,middle_east_africa,0,
2018-06-15,2026-09-30,NGM_EPG0_EVE_NUS-NIT_MMCF,exports by vessel,NIT,Italy,europe,0,
2018-06-15,2026-09-30,NGM_EPG0_EVE_NUS-NJA_MMCF,exports by vessel,NJA,Japan,jkm_markets,9820,6.34
2018-06-15,2026-09-30,NGM_EPG0_EVE_NUS-NJM_MMCF,exports by vessel,NJM,Jamaica,americas,0,
2018-06-15,2026-09-30,NGM_EPG0_EVE_NUS-NJO_MMCF,exports by vessel,NJO,Jordan,middle_east_africa,3201,6.85
2018-06-15,2026-09-30,NGM_EPG0_EVE_NUS-NKS_MMCF,exports by vessel,NKS,South Korea,jkm_markets,13994,3.44
2018-06-15,2026-09-30,NGM_EPG0_EVE_NUS-NKU_MMCF,exports by vessel,NKU,Kuwait,middle_east_africa,0,
2018-06-15,2026-09-30,NGM_EPG0_EVE_NUS-NLH_MMCF,exports by vessel,NLH,Lithuania,europe,0,
2018-06-15,2026-09-30,NGM_EPG0_EVE_NUS-NM6_MMCF,exports by vessel,NM6,Malta,europe,0,
2018-06-15,2026-09-30,NGM_EPG0_EVE_NUS-NMR_MMCF,exports by vessel,NMR,Mauritania,middle_east_africa,,
2018-06-15,2026-09-30,NGM_EPG0_EVE_NUS-NMX_MMCF,exports by vessel,NMX,Mexico,americas,26591,4.58
2018-06-15,2026-09-30,NGM_EPG0_EVE_NUS-NMY_MMCF,exports by vessel,NMY,Malaysia,other_asia,,
2018-06-15,2026-09-30,NGM_EPG0_EVE_NUS-NNL_MMCF,exports by vessel,NNL,Netherlands,europe,0,
2018-06-15,2026-09-30,NGM_EPG0_EVE_NUS-NNU_MMCF,exports by vessel,NNU,Nicaragua,americas,,
2018-06-15,2026-09-30,NGM_EPG0_EVE_NUS-NPK_MMCF,exports by vessel,NPK,Pakistan,other_asia,0,
2018-06-15,2026-09-30,NGM_EPG0_EVE_NUS-NPL_MMCF,exports by vessel,NPL,Poland,europe,0,
2018-06-15,2026-09-30,NGM_EPG0_EVE_NUS-NPM_MMCF,exports by vessel,NPM,Panama,americas,0,
2018-06-15,2026-09-30,NGM_EPG0_EVE_NUS-NPO_MMCF,exports by vessel,NPO,Portugal,europe,0,
2018-06-15,2026-09-30,NGM_EPG0_EVE_NUS-NRP_MMCF,exports by vessel,NRP,Philippines,other_asia,,
2018-06-15,2026-09-30,NGM_EPG0_EVE_NUS-NRS_MMCF,exports by vessel,NRS,Russia,europe,0,
2018-06-15,2026-09-30,NGM_EPG0_EVE_NUS-NSG_MMCF,exports by vessel,NSG,Senegal,middle_east_africa,,
2018-06-15,2026-09-30,NGM_EPG0_EVE_NUS-NSN_MMCF,exports by vessel,NSN,Singapore,other_asia,0,
2018-06-15,2026-09-30,NGM_EPG0_EVE_NUS-NSP_MMCF,exports by vessel,NSP,Spain,europe,0,
2018-06-15,2026-09-30,NGM_EPG0_EVE_NUS-NTC_MMCF,exports by vessel,NTC,United Arab Emirates,middle_east_africa,0,
2018-06-15,2026-09-30,NGM_EPG0_EVE_NUS-NTH_MMCF,exports by vessel,NTH,Thailand,other_asia,0,
2018-06-15,2026-09-30,NGM_EPG0_EVE_NUS-NTU_MMCF,exports by vessel,NTU,Turkiye,europe,0,
2018-06-15,2026-09-30,NGM_EPG0_EVE_NUS-NTW_MMCF,exports by vessel,NTW,Taiwan,jkm_markets,3268,6.56
2018-06-15,2026-09-30,NGM_EPG0_EVE_NUS-NUK_MMCF,exports by vessel,NUK,United Kingdom,europe,,
2018-06-15,2026-09-30,NGM_EPG0_EVE_NUS-Z00_MMCF,exports by vessel,Z00,,,73518,4.65
2018-06-15,2026-09-30,NGM_EPG0_EVT_NUS-Z00_MMCF,exports by vessel and truck,Z00,,,73535,4.65
2018-07-15,2026-09-30,N9133US2,LNG total including re-exports,Z00,,,98240,5.28
2018-07-15,2026-09-30,NGM_EPG0_ERE_NUS-NAT_MMCF,re-exports,NAT,Argentina,americas,0,
2018-07-15,2026-09-30,NGM_EPG0_ERE_NUS-NBR_MMCF,re-exports,NBR,Brazil,americas,0,
2018-07-15,2026-09-30,NGM_EPG0_ERE_NUS-NCH_MMCF,re-exports,NCH,China,jkm_markets,0,
2018-07-15,2026-09-30,NGM_EPG0_ERE_NUS-NCI_MMCF,re-exports,NCI,Chile,americas,,
2018-07-15,2026-09-30,NGM_EPG0_ERE_NUS-NEG_MMCF,re-exports,NEG,Egypt,middle_east_africa,0,
2018-07-15,2026-09-30,NGM_EPG0_ERE_NUS-NIN_MMCF,re-exports,NIN,India,other_asia,0,
2018-07-15,2026-09-30,NGM_EPG0_ERE_NUS-NJA_MMCF,re-exports,NJA,Japan,jkm_markets,0,
2018-07-15,2026-09-30,NGM_EPG0_ERE_NUS-NKS_MMCF,re-exports,NKS,South Korea,jkm_markets,0,
2018-07-15,2026-09-30,NGM_EPG0_ERE_NUS-NMX_MMCF,re-exports,NMX,Mexico,americas,0,
2018-07-15,2026-09-30,NGM_EPG0_ERE_NUS-NPO_MMCF,re-exports,NPO,Portugal,europe,,
2018-07-15,2026-09-30,NGM_EPG0_ERE_NUS-NSP_MMCF,re-exports,NSP,Spain,europe,0,
2018-07-15,2026-09-30,NGM_EPG0_ERE_NUS-NTU_MMCF,re-exports,NTU,Turkiye,europe,0,
2018-07-15,2026-09-30,NGM_EPG0_ERE_NUS-NUK_MMCF,re-exports,NUK,United Kingdom,europe,0,
2018-07-15,2026-09-30,NGM_EPG0_ERE_NUS-Z00_MMCF,re-exports,Z00,,,0,
2018-07-15,2026-09-30,NGM_EPG0_ETR_NUS-NCA_MMCF,exports by truck,NCA,Canada,americas,0,
2018-07-15,2026-09-30,NGM_EPG0_ETR_NUS-NMX_MMCF,exports by truck,NMX,Mexico,americas,26,8.8
2018-07-15,2026-09-30,NGM_EPG0_ETR_NUS-Z00_MMCF,exports by truck,Z00,,,26,8.8
2018-07-15,2026-09-30,NGM_EPG0_EVE_NUS-NAC_MMCF,exports by vessel,NAC,Antigua and Barbuda,americas,,
2018-07-15,2026-09-30,NGM_EPG0_EVE_NUS-NAT_MMCF,exports by vessel,NAT,Argentina,americas,2939,6.91
2018-07-15,2026-09-30,NGM_EPG0_EVE_NUS-NBA_MMCF,exports by vessel,NBA,Bahrain,middle_east_africa,,
2018-07-15,2026-09-30,NGM_EPG0_EVE_NUS-NBB_MMCF,exports by vessel,NBB,Barbados,americas,10,10.39
2018-07-15,2026-09-30,NGM_EPG0_EVE_NUS-NBE_MMCF,exports by vessel,NBE,Belgium,europe,0,
2018-07-15,2026-09-30,NGM_EPG0_EVE_NUS-NBF_MMCF,exports by vessel,NBF,Bahamas,americas,11,10.39
2018-07-15,2026-09-30,NGM_EPG0_EVE_NUS-NBG_MMCF,exports by vessel,NBG,Bangladesh,other_asia,,
2018-07-15,2026-09-30,NGM_EPG0_EVE_NUS-NBR_MMCF,exports by vessel,NBR,Brazil,americas,12540,5.9
2018-07-15,2026-09-30,NGM_EPG0_EVE_NUS-NCA_MMCF,exports by vessel,NCA,Canada,americas,,
2018-07-15,2026-09-30,NGM_EPG0_EVE_NUS-NCH_MMCF,exports by vessel,NCH,China,jkm_markets,10644,3.53
2018-07-15,2026-09-30,NGM_EPG0_EVE_NUS-NCI_MMCF,exports by vessel,NCI,Chile,americas,6525,6.77
2018-07-15,2026-09-30,NGM_EPG0_EVE_NUS-NCO_MMCF,exports by vessel,NCO,Colombia,americas,1521,6.7
2018-07-15,2026-09-30,NGM_EPG0_EVE_NUS-NDR_MMCF,exports by vessel,NDR,Dominican Republic,americas,0,
2018-07-15,2026-09-30,NGM_EPG0_EVE_NUS-NEG_MMCF,exports by vessel,NEG,Egypt,middle_east_africa,0,
2018-07-15,2026-09-30,NGM_EPG0_EVE_NUS-NES_MMCF,exports by vessel,NES,El Salvador,americas,,
2018-07-15,2026-09-30,NGM_EPG0_EVE_NUS-NFI_MMCF,exports by vessel,NFI,Finland,europe,,
2018-07-15,2026-09-30,NGM_EPG0_EVE_NUS-NFR_MMCF,exports by vessel,NFR,France,europe,,
2018-07-15,2026-09-30,NGM_EPG0_EVE_NUS-NGM_MMCF,exports by vessel,NGM,Germany,europe,,
2018-07-15,2026-09-30,NGM_EPG0_EVE_NUS-NGR_MMCF,exports by vessel,NGR,Greece,europe,0,
2018-07-15,2026-09-30,NGM_EPG0_EVE_NUS-NHA_MMCF,exports by vessel,NHA,Haiti,americas,0,
2018-07-15,2026-09-30,NGM_EPG0_EVE_NUS-NHR_MMCF,exports by vessel,NHR,Croatia,europe,,
2018-07-15,2026-09-30,NGM_EPG0_EVE_NUS-NID_MMCF,exports by vessel,NID,Indonesia,other_asia,,
2018-07-15,2026-09-30,NGM_EPG0_EVE_NUS-NIN_MMCF,exports by vessel,NIN,India,other_asia,5918,6.83
2018-07-15,2026-09-30,NGM_EPG0_EVE_NUS-NIS_MMCF,exports by vessel,NIS,Israel,middle_east_africa,0,
2018-07-15,2026-09-30,NGM_EPG0_EVE_NUS-NIT_MMCF,exports by vessel,NIT,Italy,europe,0,
2018-07-15,2026-09-30,NGM_EPG0_EVE_NUS-NJA_MMCF,exports by vessel,NJA,Japan,jkm_markets,13438,6.86
2018-07-15,2026-09-30,NGM_EPG0_EVE_NUS-NJM_MMCF,exports by vessel,NJM,Jamaica,americas,0,
2018-07-15,2026-09-30,NGM_EPG0_EVE_NUS-NJO_MMCF,exports by vessel,NJO,Jordan,middle_east_africa,0,
2018-07-15,2026-09-30,NGM_EPG0_EVE_NUS-NKS_MMCF,exports by vessel,NKS,South Korea,jkm_markets,14040,3.58
2018-07-15,2026-09-30,NGM_EPG0_EVE_NUS-NKU_MMCF,exports by vessel,NKU,Kuwait,middle_east_africa,0,
2018-07-15,2026-09-30,NGM_EPG0_EVE_NUS-NLH_MMCF,exports by vessel,NLH,Lithuania,europe,0,
2018-07-15,2026-09-30,NGM_EPG0_EVE_NUS-NM6_MMCF,exports by vessel,NM6,Malta,europe,2927,6.7
2018-07-15,2026-09-30,NGM_EPG0_EVE_NUS-NMR_MMCF,exports by vessel,NMR,Mauritania,middle_east_africa,,
2018-07-15,2026-09-30,NGM_EPG0_EVE_NUS-NMX_MMCF,exports by vessel,NMX,Mexico,americas,21237,4.06
2018-07-15,2026-09-30,NGM_EPG0_EVE_NUS-NMY_MMCF,exports by vessel,NMY,Malaysia,other_asia,,
2018-07-15,2026-09-30,NGM_EPG0_EVE_NUS-NNL_MMCF,exports by vessel,NNL,Netherlands,europe,0,
2018-07-15,2026-09-30,NGM_EPG0_EVE_NUS-NNU_MMCF,exports by vessel,NNU,Nicaragua,americas,,
2018-07-15,2026-09-30,NGM_EPG0_EVE_NUS-NPK_MMCF,exports by vessel,NPK,Pakistan,other_asia,0,
2018-07-15,2026-09-30,NGM_EPG0_EVE_NUS-NPL_MMCF,exports by vessel,NPL,Poland,europe,0,
2018-07-15,2026-09-30,NGM_EPG0_EVE_NUS-NPM_MMCF,exports by vessel,NPM,Panama,americas,0,
2018-07-15,2026-09-30,NGM_EPG0_EVE_NUS-NPO_MMCF,exports by vessel,NPO,Portugal,europe,0,
2018-07-15,2026-09-30,NGM_EPG0_EVE_NUS-NRP_MMCF,exports by vessel,NRP,Philippines,other_asia,,
2018-07-15,2026-09-30,NGM_EPG0_EVE_NUS-NRS_MMCF,exports by vessel,NRS,Russia,europe,0,
2018-07-15,2026-09-30,NGM_EPG0_EVE_NUS-NSG_MMCF,exports by vessel,NSG,Senegal,middle_east_africa,,
2018-07-15,2026-09-30,NGM_EPG0_EVE_NUS-NSN_MMCF,exports by vessel,NSN,Singapore,other_asia,0,
2018-07-15,2026-09-30,NGM_EPG0_EVE_NUS-NSP_MMCF,exports by vessel,NSP,Spain,europe,3230,6.7
2018-07-15,2026-09-30,NGM_EPG0_EVE_NUS-NTC_MMCF,exports by vessel,NTC,United Arab Emirates,middle_east_africa,0,
2018-07-15,2026-09-30,NGM_EPG0_EVE_NUS-NTH_MMCF,exports by vessel,NTH,Thailand,other_asia,0,
2018-07-15,2026-09-30,NGM_EPG0_EVE_NUS-NTU_MMCF,exports by vessel,NTU,Turkiye,europe,0,
2018-07-15,2026-09-30,NGM_EPG0_EVE_NUS-NTW_MMCF,exports by vessel,NTW,Taiwan,jkm_markets,3234,6.7
2018-07-15,2026-09-30,NGM_EPG0_EVE_NUS-NUK_MMCF,exports by vessel,NUK,United Kingdom,europe,,
2018-07-15,2026-09-30,NGM_EPG0_EVE_NUS-Z00_MMCF,exports by vessel,Z00,,,98213,5.28
2018-07-15,2026-09-30,NGM_EPG0_EVT_NUS-Z00_MMCF,exports by vessel and truck,Z00,,,98240,5.28
2018-08-15,2026-09-30,N9133US2,LNG total including re-exports,Z00,,,91526,5.33
2018-08-15,2026-09-30,NGM_EPG0_ERE_NUS-NAT_MMCF,re-exports,NAT,Argentina,americas,0,
2018-08-15,2026-09-30,NGM_EPG0_ERE_NUS-NBR_MMCF,re-exports,NBR,Brazil,americas,0,
2018-08-15,2026-09-30,NGM_EPG0_ERE_NUS-NCH_MMCF,re-exports,NCH,China,jkm_markets,0,
2018-08-15,2026-09-30,NGM_EPG0_ERE_NUS-NCI_MMCF,re-exports,NCI,Chile,americas,,
2018-08-15,2026-09-30,NGM_EPG0_ERE_NUS-NEG_MMCF,re-exports,NEG,Egypt,middle_east_africa,0,
2018-08-15,2026-09-30,NGM_EPG0_ERE_NUS-NIN_MMCF,re-exports,NIN,India,other_asia,0,
2018-08-15,2026-09-30,NGM_EPG0_ERE_NUS-NJA_MMCF,re-exports,NJA,Japan,jkm_markets,0,
2018-08-15,2026-09-30,NGM_EPG0_ERE_NUS-NKS_MMCF,re-exports,NKS,South Korea,jkm_markets,0,
2018-08-15,2026-09-30,NGM_EPG0_ERE_NUS-NMX_MMCF,re-exports,NMX,Mexico,americas,0,
2018-08-15,2026-09-30,NGM_EPG0_ERE_NUS-NPO_MMCF,re-exports,NPO,Portugal,europe,,
2018-08-15,2026-09-30,NGM_EPG0_ERE_NUS-NSP_MMCF,re-exports,NSP,Spain,europe,0,
2018-08-15,2026-09-30,NGM_EPG0_ERE_NUS-NTU_MMCF,re-exports,NTU,Turkiye,europe,0,
2018-08-15,2026-09-30,NGM_EPG0_ERE_NUS-NUK_MMCF,re-exports,NUK,United Kingdom,europe,0,
2018-08-15,2026-09-30,NGM_EPG0_ERE_NUS-Z00_MMCF,re-exports,Z00,,,0,
2018-08-15,2026-09-30,NGM_EPG0_ETR_NUS-NCA_MMCF,exports by truck,NCA,Canada,americas,0,
2018-08-15,2026-09-30,NGM_EPG0_ETR_NUS-NMX_MMCF,exports by truck,NMX,Mexico,americas,33,9.81
2018-08-15,2026-09-30,NGM_EPG0_ETR_NUS-Z00_MMCF,exports by truck,Z00,,,33,9.81
2018-08-15,2026-09-30,NGM_EPG0_EVE_NUS-NAC_MMCF,exports by vessel,NAC,Antigua and Barbuda,americas,,
2018-08-15,2026-09-30,NGM_EPG0_EVE_NUS-NAT_MMCF,exports by vessel,NAT,Argentina,americas,10679,6.61
2018-08-15,2026-09-30,NGM_EPG0_EVE_NUS-NBA_MMCF,exports by vessel,NBA,Bahrain,middle_east_africa,,
2018-08-15,2026-09-30,NGM_EPG0_EVE_NUS-NBB_MMCF,exports by vessel,NBB,Barbados,americas,13,10.39
2018-08-15,2026-09-30,NGM_EPG0_EVE_NUS-NBE_MMCF,exports by vessel,NBE,Belgium,europe,0,
2018-08-15,2026-09-30,NGM_EPG0_EVE_NUS-NBF_MMCF,exports by vessel,NBF,Bahamas,americas,10,10.39
2018-08-15,2026-09-30,NGM_EPG0_EVE_NUS-NBG_MMCF,exports by vessel,NBG,Bangladesh,other_asia,,
2018-08-15,2026-09-30,NGM_EPG0_EVE_NUS-NBR_MMCF,exports by vessel,NBR,Brazil,americas,15425,5.79
2018-08-15,2026-09-30,NGM_EPG0_EVE_NUS-NCA_MMCF,exports by vessel,NCA,Canada,americas,,
2018-08-15,2026-09-30,NGM_EPG0_EVE_NUS-NCH_MMCF,exports by vessel,NCH,China,jkm_markets,3588,3.38
2018-08-15,2026-09-30,NGM_EPG0_EVE_NUS-NCI_MMCF,exports by vessel,NCI,Chile,americas,0,
2018-08-15,2026-09-30,NGM_EPG0_EVE_NUS-NCO_MMCF,exports by vessel,NCO,Colombia,americas,867,6.49
2018-08-15,2026-09-30,NGM_EPG0_EVE_NUS-NDR_MMCF,exports by vessel,NDR,Dominican Republic,americas,2992,3.38
2018-08-15,2026-09-30,NGM_EPG0_EVE_NUS-NEG_MMCF,exports by vessel,NEG,Egypt,middle_east_africa,0,
2018-08-15,2026-09-30,NGM_EPG0_EVE_NUS-NES_MMCF,exports by vessel,NES,El Salvador,americas,,
2018-08-15,2026-09-30,NGM_EPG0_EVE_NUS-NFI_MMCF,exports by vessel,NFI,Finland,europe,,
2018-08-15,2026-09-30,NGM_EPG0_EVE_NUS-NFR_MMCF,exports by vessel,NFR,France,europe,,
2018-08-15,2026-09-30,NGM_EPG0_EVE_NUS-NGM_MMCF,exports by vessel,NGM,Germany,europe,,
2018-08-15,2026-09-30,NGM_EPG0_EVE_NUS-NGR_MMCF,exports by vessel,NGR,Greece,europe,0,
2018-08-15,2026-09-30,NGM_EPG0_EVE_NUS-NHA_MMCF,exports by vessel,NHA,Haiti,americas,0,
2018-08-15,2026-09-30,NGM_EPG0_EVE_NUS-NHR_MMCF,exports by vessel,NHR,Croatia,europe,,
2018-08-15,2026-09-30,NGM_EPG0_EVE_NUS-NID_MMCF,exports by vessel,NID,Indonesia,other_asia,,
2018-08-15,2026-09-30,NGM_EPG0_EVE_NUS-NIN_MMCF,exports by vessel,NIN,India,other_asia,0,
2018-08-15,2026-09-30,NGM_EPG0_EVE_NUS-NIS_MMCF,exports by vessel,NIS,Israel,middle_east_africa,0,
2018-08-15,2026-09-30,NGM_EPG0_EVE_NUS-NIT_MMCF,exports by vessel,NIT,Italy,europe,0,
2018-08-15,2026-09-30,NGM_EPG0_EVE_NUS-NJA_MMCF,exports by vessel,NJA,Japan,jkm_markets,10286,8.25
2018-08-15,2026-09-30,NGM_EPG0_EVE_NUS-NJM_MMCF,exports by vessel,NJM,Jamaica,americas,0,
2018-08-15,2026-09-30,NGM_EPG0_EVE_NUS-NJO_MMCF,exports by vessel,NJO,Jordan,middle_east_africa,3677,3.38
2018-08-15,2026-09-30,NGM_EPG0_EVE_NUS-NKS_MMCF,exports by vessel,NKS,South Korea,jkm_markets,17467,3.38
2018-08-15,2026-09-30,NGM_EPG0_EVE_NUS-NKU_MMCF,exports by vessel,NKU,Kuwait,middle_east_africa,3485,6.49
2018-08-15,2026-09-30,NGM_EPG0_EVE_NUS-NLH_MMCF,exports by vessel,NLH,Lithuania,europe,0,
2018-08-15,2026-09-30,NGM_EPG0_EVE_NUS-NM6_MMCF,exports by vessel,NM6,Malta,europe,0,
2018-08-15,2026-09-30,NGM_EPG0_EVE_NUS-NMR_MMCF,exports by vessel,NMR,Mauritania,middle_east_africa,,
2018-08-15,2026-09-30,NGM_EPG0_EVE_NUS-NMX_MMCF,exports by vessel,NMX,Mexico,americas,20708,5.04
2018-08-15,2026-09-30,NGM_EPG0_EVE_NUS-NMY_MMCF,exports by vessel,NMY,Malaysia,other_asia,,
2018-08-15,2026-09-30,NGM_EPG0_EVE_NUS-NNL_MMCF,exports by vessel,NNL,Netherlands,europe,0,
2018-08-15,2026-09-30,NGM_EPG0_EVE_NUS-NNU_MMCF,exports by vessel,NNU,Nicaragua,americas,,
2018-08-15,2026-09-30,NGM_EPG0_EVE_NUS-NPK_MMCF,exports by vessel,NPK,Pakistan,other_asia,0,
2018-08-15,2026-09-30,NGM_EPG0_EVE_NUS-NPL_MMCF,exports by vessel,NPL,Poland,europe,0,
2018-08-15,2026-09-30,NGM_EPG0_EVE_NUS-NPM_MMCF,exports by vessel,NPM,Panama,americas,0,
2018-08-15,2026-09-30,NGM_EPG0_EVE_NUS-NPO_MMCF,exports by vessel,NPO,Portugal,europe,2296,6.94
2018-08-15,2026-09-30,NGM_EPG0_EVE_NUS-NRP_MMCF,exports by vessel,NRP,Philippines,other_asia,,
2018-08-15,2026-09-30,NGM_EPG0_EVE_NUS-NRS_MMCF,exports by vessel,NRS,Russia,europe,0,
2018-08-15,2026-09-30,NGM_EPG0_EVE_NUS-NSG_MMCF,exports by vessel,NSG,Senegal,middle_east_africa,,
2018-08-15,2026-09-30,NGM_EPG0_EVE_NUS-NSN_MMCF,exports by vessel,NSN,Singapore,other_asia,0,
2018-08-15,2026-09-30,NGM_EPG0_EVE_NUS-NSP_MMCF,exports by vessel,NSP,Spain,europe,0,
2018-08-15,2026-09-30,NGM_EPG0_EVE_NUS-NTC_MMCF,exports by vessel,NTC,United Arab Emirates,middle_east_africa,0,
2018-08-15,2026-09-30,NGM_EPG0_EVE_NUS-NTH_MMCF,exports by vessel,NTH,Thailand,other_asia,0,
2018-08-15,2026-09-30,NGM_EPG0_EVE_NUS-NTU_MMCF,exports by vessel,NTU,Turkiye,europe,0,
2018-08-15,2026-09-30,NGM_EPG0_EVE_NUS-NTW_MMCF,exports by vessel,NTW,Taiwan,jkm_markets,0,
2018-08-15,2026-09-30,NGM_EPG0_EVE_NUS-NUK_MMCF,exports by vessel,NUK,United Kingdom,europe,,
2018-08-15,2026-09-30,NGM_EPG0_EVE_NUS-Z00_MMCF,exports by vessel,Z00,,,91493,5.33
2018-08-15,2026-09-30,NGM_EPG0_EVT_NUS-Z00_MMCF,exports by vessel and truck,Z00,,,91526,5.33
2018-09-15,2026-09-30,N9133US2,LNG total including re-exports,Z00,,,81381,4.78
2018-09-15,2026-09-30,NGM_EPG0_ERE_NUS-NAT_MMCF,re-exports,NAT,Argentina,americas,0,
2018-09-15,2026-09-30,NGM_EPG0_ERE_NUS-NBR_MMCF,re-exports,NBR,Brazil,americas,0,
2018-09-15,2026-09-30,NGM_EPG0_ERE_NUS-NCH_MMCF,re-exports,NCH,China,jkm_markets,0,
2018-09-15,2026-09-30,NGM_EPG0_ERE_NUS-NCI_MMCF,re-exports,NCI,Chile,americas,,
2018-09-15,2026-09-30,NGM_EPG0_ERE_NUS-NEG_MMCF,re-exports,NEG,Egypt,middle_east_africa,0,
2018-09-15,2026-09-30,NGM_EPG0_ERE_NUS-NIN_MMCF,re-exports,NIN,India,other_asia,0,
2018-09-15,2026-09-30,NGM_EPG0_ERE_NUS-NJA_MMCF,re-exports,NJA,Japan,jkm_markets,0,
2018-09-15,2026-09-30,NGM_EPG0_ERE_NUS-NKS_MMCF,re-exports,NKS,South Korea,jkm_markets,0,
2018-09-15,2026-09-30,NGM_EPG0_ERE_NUS-NMX_MMCF,re-exports,NMX,Mexico,americas,0,
2018-09-15,2026-09-30,NGM_EPG0_ERE_NUS-NPO_MMCF,re-exports,NPO,Portugal,europe,,
2018-09-15,2026-09-30,NGM_EPG0_ERE_NUS-NSP_MMCF,re-exports,NSP,Spain,europe,0,
2018-09-15,2026-09-30,NGM_EPG0_ERE_NUS-NTU_MMCF,re-exports,NTU,Turkiye,europe,0,
2018-09-15,2026-09-30,NGM_EPG0_ERE_NUS-NUK_MMCF,re-exports,NUK,United Kingdom,europe,0,
2018-09-15,2026-09-30,NGM_EPG0_ERE_NUS-Z00_MMCF,re-exports,Z00,,,0,
2018-09-15,2026-09-30,NGM_EPG0_ETR_NUS-NCA_MMCF,exports by truck,NCA,Canada,americas,2,8.23
2018-09-15,2026-09-30,NGM_EPG0_ETR_NUS-NMX_MMCF,exports by truck,NMX,Mexico,americas,17,7.62
2018-09-15,2026-09-30,NGM_EPG0_ETR_NUS-Z00_MMCF,exports by truck,Z00,,,19,7.69
2018-09-15,2026-09-30,NGM_EPG0_EVE_NUS-NAC_MMCF,exports by vessel,NAC,Antigua and Barbuda,americas,,
2018-09-15,2026-09-30,NGM_EPG0_EVE_NUS-NAT_MMCF,exports by vessel,NAT,Argentina,americas,0,
2018-09-15,2026-09-30,NGM_EPG0_EVE_NUS-NBA_MMCF,exports by vessel,NBA,Bahrain,middle_east_africa,,
2018-09-15,2026-09-30,NGM_EPG0_EVE_NUS-NBB_MMCF,exports by vessel,NBB,Barbados,americas,14,10.39
2018-09-15,2026-09-30,NGM_EPG0_EVE_NUS-NBE_MMCF,exports by vessel,NBE,Belgium,europe,0,
2018-09-15,2026-09-30,NGM_EPG0_EVE_NUS-NBF_MMCF,exports by vessel,NBF,Bahamas,americas,12,10.39
2018-09-15,2026-09-30,NGM_EPG0_EVE_NUS-NBG_MMCF,exports by vessel,NBG,Bangladesh,other_asia,,
2018-09-15,2026-09-30,NGM_EPG0_EVE_NUS-NBR_MMCF,exports by vessel,NBR,Brazil,americas,0,
2018-09-15,2026-09-30,NGM_EPG0_EVE_NUS-NCA_MMCF,exports by vessel,NCA,Canada,americas,,
2018-09-15,2026-09-30,NGM_EPG0_EVE_NUS-NCH_MMCF,exports by vessel,NCH,China,jkm_markets,0,
2018-09-15,2026-09-30,NGM_EPG0_EVE_NUS-NCI_MMCF,exports by vessel,NCI,Chile,americas,3675,3.46
2018-09-15,2026-09-30,NGM_EPG0_EVE_NUS-NCO_MMCF,exports by vessel,NCO,Colombia,americas,0,
2018-09-15,2026-09-30,NGM_EPG0_EVE_NUS-NDR_MMCF,exports by vessel,NDR,Dominican Republic,americas,0,
2018-09-15,2026-09-30,NGM_EPG0_EVE_NUS-NEG_MMCF,exports by vessel,NEG,Egypt,middle_east_africa,0,
2018-09-15,2026-09-30,NGM_EPG0_EVE_NUS-NES_MMCF,exports by vessel,NES,El Salvador,americas,,
2018-09-15,2026-09-30,NGM_EPG0_EVE_NUS-NFI_MMCF,exports by vessel,NFI,Finland,europe,,
2018-09-15,2026-09-30,NGM_EPG0_EVE_NUS-NFR_MMCF,exports by vessel,NFR,France,europe,,
2018-09-15,2026-09-30,NGM_EPG0_EVE_NUS-NGM_MMCF,exports by vessel,NGM,Germany,europe,,
2018-09-15,2026-09-30,NGM_EPG0_EVE_NUS-NGR_MMCF,exports by vessel,NGR,Greece,europe,0,
2018-09-15,2026-09-30,NGM_EPG0_EVE_NUS-NHA_MMCF,exports by vessel,NHA,Haiti,americas,0,
2018-09-15,2026-09-30,NGM_EPG0_EVE_NUS-NHR_MMCF,exports by vessel,NHR,Croatia,europe,,
2018-09-15,2026-09-30,NGM_EPG0_EVE_NUS-NID_MMCF,exports by vessel,NID,Indonesia,other_asia,,
2018-09-15,2026-09-30,NGM_EPG0_EVE_NUS-NIN_MMCF,exports by vessel,NIN,India,other_asia,5910,4.76
2018-09-15,2026-09-30,NGM_EPG0_EVE_NUS-NIS_MMCF,exports by vessel,NIS,Israel,middle_east_africa,0,
2018-09-15,2026-09-30,NGM_EPG0_EVE_NUS-NIT_MMCF,exports by vessel,NIT,Italy,europe,6468,4.99
2018-09-15,2026-09-30,NGM_EPG0_EVE_NUS-NJA_MMCF,exports by vessel,NJA,Japan,jkm_markets,16698,7.13
2018-09-15,2026-09-30,NGM_EPG0_EVE_NUS-NJM_MMCF,exports by vessel,NJM,Jamaica,americas,0,
2018-09-15,2026-09-30,NGM_EPG0_EVE_NUS-NJO_MMCF,exports by vessel,NJO,Jordan,middle_east_africa,0,
2018-09-15,2026-09-30,NGM_EPG0_EVE_NUS-NKS_MMCF,exports by vessel,NKS,South Korea,jkm_markets,24179,3.86
2018-09-15,2026-09-30,NGM_EPG0_EVE_NUS-NKU_MMCF,exports by vessel,NKU,Kuwait,middle_east_africa,0,
2018-09-15,2026-09-30,NGM_EPG0_EVE_NUS-NLH_MMCF,exports by vessel,NLH,Lithuania,europe,0,
2018-09-15,2026-09-30,NGM_EPG0_EVE_NUS-NM6_MMCF,exports by vessel,NM6,Malta,europe,0,
2018-09-15,2026-09-30,NGM_EPG0_EVE_NUS-NMR_MMCF,exports by vessel,NMR,Mauritania,middle_east_africa,,
2018-09-15,2026-09-30,NGM_EPG0_EVE_NUS-NMX_MMCF,exports by vessel,NMX,Mexico,americas,10559,4.4
2018-09-15,2026-09-30,NGM_EPG0_EVE_NUS-NMY_MMCF,exports by vessel,NMY,Malaysia,other_asia,,
2018-09-15,2026-09-30,NGM_EPG0_EVE_NUS-NNL_MMCF,exports by vessel,NNL,Netherlands,europe,2915,6.58
2018-09-15,2026-09-30,NGM_EPG0_EVE_NUS-NNU_MMCF,exports by vessel,NNU,Nicaragua,americas,,
2018-09-15,2026-09-30,NGM_EPG0_EVE_NUS-NPK_MMCF,exports by vessel,NPK,Pakistan,other_asia,0,
2018-09-15,2026-09-30,NGM_EPG0_EVE_NUS-NPL_MMCF,exports by vessel,NPL,Poland,europe,0,
2018-09-15,2026-09-30,NGM_EPG0_EVE_NUS-NPM_MMCF,exports by vessel,NPM,Panama,americas,0,
2018-09-15,2026-09-30,NGM_EPG0_EVE_NUS-NPO_MMCF,exports by vessel,NPO,Portugal,europe,3670,3.46
2018-09-15,2026-09-30,NGM_EPG0_EVE_NUS-NRP_MMCF,exports by vessel,NRP,Philippines,other_asia,,
2018-09-15,2026-09-30,NGM_EPG0_EVE_NUS-NRS_MMCF,exports by vessel,NRS,Russia,europe,0,
2018-09-15,2026-09-30,NGM_EPG0_EVE_NUS-NSG_MMCF,exports by vessel,NSG,Senegal,middle_east_africa,,
2018-09-15,2026-09-30,NGM_EPG0_EVE_NUS-NSN_MMCF,exports by vessel,NSN,Singapore,other_asia,0,
2018-09-15,2026-09-30,NGM_EPG0_EVE_NUS-NSP_MMCF,exports by vessel,NSP,Spain,europe,0,
2018-09-15,2026-09-30,NGM_EPG0_EVE_NUS-NTC_MMCF,exports by vessel,NTC,United Arab Emirates,middle_east_africa,3638,3.46
2018-09-15,2026-09-30,NGM_EPG0_EVE_NUS-NTH_MMCF,exports by vessel,NTH,Thailand,other_asia,0,
2018-09-15,2026-09-30,NGM_EPG0_EVE_NUS-NTU_MMCF,exports by vessel,NTU,Turkiye,europe,0,
2018-09-15,2026-09-30,NGM_EPG0_EVE_NUS-NTW_MMCF,exports by vessel,NTW,Taiwan,jkm_markets,0,
2018-09-15,2026-09-30,NGM_EPG0_EVE_NUS-NUK_MMCF,exports by vessel,NUK,United Kingdom,europe,3624,3.46
2018-09-15,2026-09-30,NGM_EPG0_EVE_NUS-Z00_MMCF,exports by vessel,Z00,,,81361,4.78
2018-09-15,2026-09-30,NGM_EPG0_EVT_NUS-Z00_MMCF,exports by vessel and truck,Z00,,,81381,4.78
2018-10-15,2026-09-30,N9133US2,LNG total including re-exports,Z00,,,89886,4.92
2018-10-15,2026-09-30,NGM_EPG0_ERE_NUS-NAT_MMCF,re-exports,NAT,Argentina,americas,0,
2018-10-15,2026-09-30,NGM_EPG0_ERE_NUS-NBR_MMCF,re-exports,NBR,Brazil,americas,0,
2018-10-15,2026-09-30,NGM_EPG0_ERE_NUS-NCH_MMCF,re-exports,NCH,China,jkm_markets,0,
2018-10-15,2026-09-30,NGM_EPG0_ERE_NUS-NCI_MMCF,re-exports,NCI,Chile,americas,,
2018-10-15,2026-09-30,NGM_EPG0_ERE_NUS-NEG_MMCF,re-exports,NEG,Egypt,middle_east_africa,0,
2018-10-15,2026-09-30,NGM_EPG0_ERE_NUS-NIN_MMCF,re-exports,NIN,India,other_asia,0,
2018-10-15,2026-09-30,NGM_EPG0_ERE_NUS-NJA_MMCF,re-exports,NJA,Japan,jkm_markets,0,
2018-10-15,2026-09-30,NGM_EPG0_ERE_NUS-NKS_MMCF,re-exports,NKS,South Korea,jkm_markets,0,
2018-10-15,2026-09-30,NGM_EPG0_ERE_NUS-NMX_MMCF,re-exports,NMX,Mexico,americas,0,
2018-10-15,2026-09-30,NGM_EPG0_ERE_NUS-NPO_MMCF,re-exports,NPO,Portugal,europe,,
2018-10-15,2026-09-30,NGM_EPG0_ERE_NUS-NSP_MMCF,re-exports,NSP,Spain,europe,0,
2018-10-15,2026-09-30,NGM_EPG0_ERE_NUS-NTU_MMCF,re-exports,NTU,Turkiye,europe,0,
2018-10-15,2026-09-30,NGM_EPG0_ERE_NUS-NUK_MMCF,re-exports,NUK,United Kingdom,europe,0,
2018-10-15,2026-09-30,NGM_EPG0_ERE_NUS-Z00_MMCF,re-exports,Z00,,,0,
2018-10-15,2026-09-30,NGM_EPG0_ETR_NUS-NCA_MMCF,exports by truck,NCA,Canada,americas,0,
2018-10-15,2026-09-30,NGM_EPG0_ETR_NUS-NMX_MMCF,exports by truck,NMX,Mexico,americas,31,7.3
2018-10-15,2026-09-30,NGM_EPG0_ETR_NUS-Z00_MMCF,exports by truck,Z00,,,31,7.3
2018-10-15,2026-09-30,NGM_EPG0_EVE_NUS-NAC_MMCF,exports by vessel,NAC,Antigua and Barbuda,americas,,
2018-10-15,2026-09-30,NGM_EPG0_EVE_NUS-NAT_MMCF,exports by vessel,NAT,Argentina,americas,0,
2018-10-15,2026-09-30,NGM_EPG0_EVE_NUS-NBA_MMCF,exports by vessel,NBA,Bahrain,middle_east_africa,,
2018-10-15,2026-09-30,NGM_EPG0_EVE_NUS-NBB_MMCF,exports by vessel,NBB,Barbados,americas,14,10.39
2018-10-15,2026-09-30,NGM_EPG0_EVE_NUS-NBE_MMCF,exports by vessel,NBE,Belgium,europe,0,
2018-10-15,2026-09-30,NGM_EPG0_EVE_NUS-NBF_MMCF,exports by vessel,NBF,Bahamas,americas,12,10.39
2018-10-15,2026-09-30,NGM_EPG0_EVE_NUS-NBG_MMCF,exports by vessel,NBG,Bangladesh,other_asia,,
2018-10-15,2026-09-30,NGM_EPG0_EVE_NUS-NBR_MMCF,exports by vessel,NBR,Brazil,americas,0,
2018-10-15,2026-09-30,NGM_EPG0_EVE_NUS-NCA_MMCF,exports by vessel,NCA,Canada,americas,,
2018-10-15,2026-09-30,NGM_EPG0_EVE_NUS-NCH_MMCF,exports by vessel,NCH,China,jkm_markets,7269,3.61
2018-10-15,2026-09-30,NGM_EPG0_EVE_NUS-NCI_MMCF,exports by vessel,NCI,Chile,americas,0,
2018-10-15,2026-09-30,NGM_EPG0_EVE_NUS-NCO_MMCF,exports by vessel,NCO,Colombia,americas,0,
2018-10-15,2026-09-30,NGM_EPG0_EVE_NUS-NDR_MMCF,exports by vessel,NDR,Dominican Republic,americas,0,
2018-10-15,2026-09-30,NGM_EPG0_EVE_NUS-NEG_MMCF,exports by vessel,NEG,Egypt,middle_east_africa,0,
2018-10-15,2026-09-30,NGM_EPG0_EVE_NUS-NES_MMCF,exports by vessel,NES,El Salvador,americas,,
2018-10-15,2026-09-30,NGM_EPG0_EVE_NUS-NFI_MMCF,exports by vessel,NFI,Finland,europe,,
2018-10-15,2026-09-30,NGM_EPG0_EVE_NUS-NFR_MMCF,exports by vessel,NFR,France,europe,4846,6.72
2018-10-15,2026-09-30,NGM_EPG0_EVE_NUS-NGM_MMCF,exports by vessel,NGM,Germany,europe,,
2018-10-15,2026-09-30,NGM_EPG0_EVE_NUS-NGR_MMCF,exports by vessel,NGR,Greece,europe,0,
2018-10-15,2026-09-30,NGM_EPG0_EVE_NUS-NHA_MMCF,exports by vessel,NHA,Haiti,americas,0,
2018-10-15,2026-09-30,NGM_EPG0_EVE_NUS-NHR_MMCF,exports by vessel,NHR,Croatia,europe,,
2018-10-15,2026-09-30,NGM_EPG0_EVE_NUS-NID_MMCF,exports by vessel,NID,Indonesia,other_asia,,
2018-10-15,2026-09-30,NGM_EPG0_EVE_NUS-NIN_MMCF,exports by vessel,NIN,India,other_asia,7131,5.23
2018-10-15,2026-09-30,NGM_EPG0_EVE_NUS-NIS_MMCF,exports by vessel,NIS,Israel,middle_east_africa,0,
2018-10-15,2026-09-30,NGM_EPG0_EVE_NUS-NIT_MMCF,exports by vessel,NIT,Italy,europe,4785,6.72
2018-10-15,2026-09-30,NGM_EPG0_EVE_NUS-NJA_MMCF,exports by vessel,NJA,Japan,jkm_markets,3017,7.91
2018-10-15,2026-09-30,NGM_EPG0_EVE_NUS-NJM_MMCF,exports by vessel,NJM,Jamaica,americas,0,
2018-10-15,2026-09-30,NGM_EPG0_EVE_NUS-NJO_MMCF,exports by vessel,NJO,Jordan,middle_east_africa,3666,3.61
2018-10-15,2026-09-30,NGM_EPG0_EVE_NUS-NKS_MMCF,exports by vessel,NKS,South Korea,jkm_markets,34923,4.52
2018-10-15,2026-09-30,NGM_EPG0_EVE_NUS-NKU_MMCF,exports by vessel,NKU,Kuwait,middle_east_africa,0,
2018-10-15,2026-09-30,NGM_EPG0_EVE_NUS-NLH_MMCF,exports by vessel,NLH,Lithuania,europe,0,
2018-10-15,2026-09-30,NGM_EPG0_EVE_NUS-NM6_MMCF,exports by vessel,NM6,Malta,europe,0,
2018-10-15,2026-09-30,NGM_EPG0_EVE_NUS-NMR_MMCF,exports by vessel,NMR,Mauritania,middle_east_africa,,
2018-10-15,2026-09-30,NGM_EPG0_EVE_NUS-NMX_MMCF,exports by vessel,NMX,Mexico,americas,7076,5.22
2018-10-15,2026-09-30,NGM_EPG0_EVE_NUS-NMY_MMCF,exports by vessel,NMY,Malaysia,other_asia,,
2018-10-15,2026-09-30,NGM_EPG0_EVE_NUS-NNL_MMCF,exports by vessel,NNL,Netherlands,europe,3071,6.72
2018-10-15,2026-09-30,NGM_EPG0_EVE_NUS-NNU_MMCF,exports by vessel,NNU,Nicaragua,americas,,
2018-10-15,2026-09-30,NGM_EPG0_EVE_NUS-NPK_MMCF,exports by vessel,NPK,Pakistan,other_asia,0,
2018-10-15,2026-09-30,NGM_EPG0_EVE_NUS-NPL_MMCF,exports by vessel,NPL,Poland,europe,0,
2018-10-15,2026-09-30,NGM_EPG0_EVE_NUS-NPM_MMCF,exports by vessel,NPM,Panama,americas,0,
2018-10-15,2026-09-30,NGM_EPG0_EVE_NUS-NPO_MMCF,exports by vessel,NPO,Portugal,europe,0,
2018-10-15,2026-09-30,NGM_EPG0_EVE_NUS-NRP_MMCF,exports by vessel,NRP,Philippines,other_asia,,
2018-10-15,2026-09-30,NGM_EPG0_EVE_NUS-NRS_MMCF,exports by vessel,NRS,Russia,europe,0,
2018-10-15,2026-09-30,NGM_EPG0_EVE_NUS-NSG_MMCF,exports by vessel,NSG,Senegal,middle_east_africa,,
2018-10-15,2026-09-30,NGM_EPG0_EVE_NUS-NSN_MMCF,exports by vessel,NSN,Singapore,other_asia,0,
2018-10-15,2026-09-30,NGM_EPG0_EVE_NUS-NSP_MMCF,exports by vessel,NSP,Spain,europe,3551,3.46
2018-10-15,2026-09-30,NGM_EPG0_EVE_NUS-NTC_MMCF,exports by vessel,NTC,United Arab Emirates,middle_east_africa,0,
2018-10-15,2026-09-30,NGM_EPG0_EVE_NUS-NTH_MMCF,exports by vessel,NTH,Thailand,other_asia,0,
2018-10-15,2026-09-30,NGM_EPG0_EVE_NUS-NTU_MMCF,exports by vessel,NTU,Turkiye,europe,3281,3.61
2018-10-15,2026-09-30,NGM_EPG0_EVE_NUS-NTW_MMCF,exports by vessel,NTW,Taiwan,jkm_markets,0,
2018-10-15,2026-09-30,NGM_EPG0_EVE_NUS-NUK_MMCF,exports by vessel,NUK,United Kingdom,europe,7213,5.13
2018-10-15,2026-09-30,NGM_EPG0_EVE_NUS-Z00_MMCF,exports by vessel,Z00,,,89855,4.92
2018-10-15,2026-09-30,NGM_EPG0_EVT_NUS-Z00_MMCF,exports by vessel and truck,Z00,,,89886,4.92
2018-11-15,2026-09-30,N9133US2,LNG total including re-exports,Z00,,,107585,5.62
2018-11-15,2026-09-30,NGM_EPG0_ERE_NUS-NAT_MMCF,re-exports,NAT,Argentina,americas,0,
2018-11-15,2026-09-30,NGM_EPG0_ERE_NUS-NBR_MMCF,re-exports,NBR,Brazil,americas,0,
2018-11-15,2026-09-30,NGM_EPG0_ERE_NUS-NCH_MMCF,re-exports,NCH,China,jkm_markets,0,
2018-11-15,2026-09-30,NGM_EPG0_ERE_NUS-NCI_MMCF,re-exports,NCI,Chile,americas,,
2018-11-15,2026-09-30,NGM_EPG0_ERE_NUS-NEG_MMCF,re-exports,NEG,Egypt,middle_east_africa,0,
2018-11-15,2026-09-30,NGM_EPG0_ERE_NUS-NIN_MMCF,re-exports,NIN,India,other_asia,0,
2018-11-15,2026-09-30,NGM_EPG0_ERE_NUS-NJA_MMCF,re-exports,NJA,Japan,jkm_markets,0,
2018-11-15,2026-09-30,NGM_EPG0_ERE_NUS-NKS_MMCF,re-exports,NKS,South Korea,jkm_markets,0,
2018-11-15,2026-09-30,NGM_EPG0_ERE_NUS-NMX_MMCF,re-exports,NMX,Mexico,americas,0,
2018-11-15,2026-09-30,NGM_EPG0_ERE_NUS-NPO_MMCF,re-exports,NPO,Portugal,europe,,
2018-11-15,2026-09-30,NGM_EPG0_ERE_NUS-NSP_MMCF,re-exports,NSP,Spain,europe,0,
2018-11-15,2026-09-30,NGM_EPG0_ERE_NUS-NTU_MMCF,re-exports,NTU,Turkiye,europe,0,
2018-11-15,2026-09-30,NGM_EPG0_ERE_NUS-NUK_MMCF,re-exports,NUK,United Kingdom,europe,0,
2018-11-15,2026-09-30,NGM_EPG0_ERE_NUS-Z00_MMCF,re-exports,Z00,,,0,
2018-11-15,2026-09-30,NGM_EPG0_ETR_NUS-NCA_MMCF,exports by truck,NCA,Canada,americas,0,
2018-11-15,2026-09-30,NGM_EPG0_ETR_NUS-NMX_MMCF,exports by truck,NMX,Mexico,americas,115,9.31
2018-11-15,2026-09-30,NGM_EPG0_ETR_NUS-Z00_MMCF,exports by truck,Z00,,,115,9.31
2018-11-15,2026-09-30,NGM_EPG0_EVE_NUS-NAC_MMCF,exports by vessel,NAC,Antigua and Barbuda,americas,,
2018-11-15,2026-09-30,NGM_EPG0_EVE_NUS-NAT_MMCF,exports by vessel,NAT,Argentina,americas,0,
2018-11-15,2026-09-30,NGM_EPG0_EVE_NUS-NBA_MMCF,exports by vessel,NBA,Bahrain,middle_east_africa,,
2018-11-15,2026-09-30,NGM_EPG0_EVE_NUS-NBB_MMCF,exports by vessel,NBB,Barbados,americas,20,10.39
2018-11-15,2026-09-30,NGM_EPG0_EVE_NUS-NBE_MMCF,exports by vessel,NBE,Belgium,europe,0,
2018-11-15,2026-09-30,NGM_EPG0_EVE_NUS-NBF_MMCF,exports by vessel,NBF,Bahamas,americas,13,10.39
2018-11-15,2026-09-30,NGM_EPG0_EVE_NUS-NBG_MMCF,exports by vessel,NBG,Bangladesh,other_asia,,
2018-11-15,2026-09-30,NGM_EPG0_EVE_NUS-NBR_MMCF,exports by vessel,NBR,Brazil,americas,0,
2018-11-15,2026-09-30,NGM_EPG0_EVE_NUS-NCA_MMCF,exports by vessel,NCA,Canada,americas,,
2018-11-15,2026-09-30,NGM_EPG0_EVE_NUS-NCH_MMCF,exports by vessel,NCH,China,jkm_markets,3451,6.92
2018-11-15,2026-09-30,NGM_EPG0_EVE_NUS-NCI_MMCF,exports by vessel,NCI,Chile,americas,3676,3.61
2018-11-15,2026-09-30,NGM_EPG0_EVE_NUS-NCO_MMCF,exports by vessel,NCO,Colombia,americas,0,
2018-11-15,2026-09-30,NGM_EPG0_EVE_NUS-NDR_MMCF,exports by vessel,NDR,Dominican Republic,americas,0,
2018-11-15,2026-09-30,NGM_EPG0_EVE_NUS-NEG_MMCF,exports by vessel,NEG,Egypt,middle_east_africa,0,
2018-11-15,2026-09-30,NGM_EPG0_EVE_NUS-NES_MMCF,exports by vessel,NES,El Salvador,americas,,
2018-11-15,2026-09-30,NGM_EPG0_EVE_NUS-NFI_MMCF,exports by vessel,NFI,Finland,europe,,
2018-11-15,2026-09-30,NGM_EPG0_EVE_NUS-NFR_MMCF,exports by vessel,NFR,France,europe,9991,7.02
2018-11-15,2026-09-30,NGM_EPG0_EVE_NUS-NGM_MMCF,exports by vessel,NGM,Germany,europe,,
2018-11-15,2026-09-30,NGM_EPG0_EVE_NUS-NGR_MMCF,exports by vessel,NGR,Greece,europe,0,
2018-11-15,2026-09-30,NGM_EPG0_EVE_NUS-NHA_MMCF,exports by vessel,NHA,Haiti,americas,0,
2018-11-15,2026-09-30,NGM_EPG0_EVE_NUS-NHR_MMCF,exports by vessel,NHR,Croatia,europe,,
2018-11-15,2026-09-30,NGM_EPG0_EVE_NUS-NID_MMCF,exports by vessel,NID,Indonesia,other_asia,,
2018-11-15,2026-09-30,NGM_EPG0_EVE_NUS-NIN_MMCF,exports by vessel,NIN,India,other_asia,0,
2018-11-15,2026-09-30,NGM_EPG0_EVE_NUS-NIS_MMCF,exports by vessel,NIS,Israel,middle_east_africa,0,
2018-11-15,2026-09-30,NGM_EPG0_EVE_NUS-NIT_MMCF,exports by vessel,NIT,Italy,europe,0,
2018-11-15,2026-09-30,NGM_EPG0_EVE_NUS-NJA_MMCF,exports by vessel,NJA,Japan,jkm_markets,23835,6.34
2018-11-15,2026-09-30,NGM_EPG0_EVE_NUS-NJM_MMCF,exports by vessel,NJM,Jamaica,americas,1303,6.92
2018-11-15,2026-09-30,NGM_EPG0_EVE_NUS-NJO_MMCF,exports by vessel,NJO,Jordan,middle_east_africa,7390,3.8
2018-11-15,2026-09-30,NGM_EPG0_EVE_NUS-NKS_MMCF,exports by vessel,NKS,South Korea,jkm_markets,17635,3.8
2018-11-15,2026-09-30,NGM_EPG0_EVE_NUS-NKU_MMCF,exports by vessel,NKU,Kuwait,middle_east_africa,0,
2018-11-15,2026-09-30,NGM_EPG0_EVE_NUS-NLH_MMCF,exports by vessel,NLH,Lithuania,europe,0,
2018-11-15,2026-09-30,NGM_EPG0_EVE_NUS-NM6_MMCF,exports by vessel,NM6,Malta,europe,0,
2018-11-15,2026-09-30,NGM_EPG0_EVE_NUS-NMR_MMCF,exports by vessel,NMR,Mauritania,middle_east_africa,,
2018-11-15,2026-09-30,NGM_EPG0_EVE_NUS-NMX_MMCF,exports by vessel,NMX,Mexico,americas,6794,6.92
2018-11-15,2026-09-30,NGM_EPG0_EVE_NUS-NMY_MMCF,exports by vessel,NMY,Malaysia,other_asia,,
2018-11-15,2026-09-30,NGM_EPG0_EVE_NUS-NNL_MMCF,exports by vessel,NNL,Netherlands,europe,2949,6.83
2018-11-15,2026-09-30,NGM_EPG0_EVE_NUS-NNU_MMCF,exports by vessel,NNU,Nicaragua,americas,,
2018-11-15,2026-09-30,NGM_EPG0_EVE_NUS-NPK_MMCF,exports by vessel,NPK,Pakistan,other_asia,0,
2018-11-15,2026-09-30,NGM_EPG0_EVE_NUS-NPL_MMCF,exports by vessel,NPL,Poland,europe,3231,7.12
2018-11-15,2026-09-30,NGM_EPG0_EVE_NUS-NPM_MMCF,exports by vessel,NPM,Panama,americas,0,
2018-11-15,2026-09-30,NGM_EPG0_EVE_NUS-NPO_MMCF,exports by vessel,NPO,Portugal,europe,0,
2018-11-15,2026-09-30,NGM_EPG0_EVE_NUS-NRP_MMCF,exports by vessel,NRP,Philippines,other_asia,,
2018-11-15,2026-09-30,NGM_EPG0_EVE_NUS-NRS_MMCF,exports by vessel,NRS,Russia,europe,0,
2018-11-15,2026-09-30,NGM_EPG0_EVE_NUS-NSG_MMCF,exports by vessel,NSG,Senegal,middle_east_africa,,
2018-11-15,2026-09-30,NGM_EPG0_EVE_NUS-NSN_MMCF,exports by vessel,NSN,Singapore,other_asia,0,
2018-11-15,2026-09-30,NGM_EPG0_EVE_NUS-NSP_MMCF,exports by vessel,NSP,Spain,europe,3529,3.8
2018-11-15,2026-09-30,NGM_EPG0_EVE_NUS-NTC_MMCF,exports by vessel,NTC,United Arab Emirates,middle_east_africa,0,
2018-11-15,2026-09-30,NGM_EPG0_EVE_NUS-NTH_MMCF,exports by vessel,NTH,Thailand,other_asia,0,
2018-11-15,2026-09-30,NGM_EPG0_EVE_NUS-NTU_MMCF,exports by vessel,NTU,Turkiye,europe,2956,6.92
2018-11-15,2026-09-30,NGM_EPG0_EVE_NUS-NTW_MMCF,exports by vessel,NTW,Taiwan,jkm_markets,0,
2018-11-15,2026-09-30,NGM_EPG0_EVE_NUS-NUK_MMCF,exports by vessel,NUK,United Kingdom,europe,20695,5.65
2018-11-15,2026-09-30,NGM_EPG0_EVE_NUS-Z00_MMCF,exports by vessel,Z00,,,107470,5.62
2018-11-15,2026-09-30,NGM_EPG0_EVT_NUS-Z00_MMCF,exports by vessel and truck,Z00,,,107585,5.62
2018-12-15,2026-09-30,N9133US2,LNG total including re-exports,Z00,,,122795,6.84
2018-12-15,2026-09-30,NGM_EPG0_ERE_NUS-NAT_MMCF,re-exports,NAT,Argentina,americas,0,
2018-12-15,2026-09-30,NGM_EPG0_ERE_NUS-NBR_MMCF,re-exports,NBR,Brazil,americas,0,
2018-12-15,2026-09-30,NGM_EPG0_ERE_NUS-NCH_MMCF,re-exports,NCH,China,jkm_markets,0,
2018-12-15,2026-09-30,NGM_EPG0_ERE_NUS-NCI_MMCF,re-exports,NCI,Chile,americas,,
2018-12-15,2026-09-30,NGM_EPG0_ERE_NUS-NEG_MMCF,re-exports,NEG,Egypt,middle_east_africa,0,
2018-12-15,2026-09-30,NGM_EPG0_ERE_NUS-NIN_MMCF,re-exports,NIN,India,other_asia,0,
2018-12-15,2026-09-30,NGM_EPG0_ERE_NUS-NJA_MMCF,re-exports,NJA,Japan,jkm_markets,0,
2018-12-15,2026-09-30,NGM_EPG0_ERE_NUS-NKS_MMCF,re-exports,NKS,South Korea,jkm_markets,0,
2018-12-15,2026-09-30,NGM_EPG0_ERE_NUS-NMX_MMCF,re-exports,NMX,Mexico,americas,0,
2018-12-15,2026-09-30,NGM_EPG0_ERE_NUS-NPO_MMCF,re-exports,NPO,Portugal,europe,,
2018-12-15,2026-09-30,NGM_EPG0_ERE_NUS-NSP_MMCF,re-exports,NSP,Spain,europe,0,
2018-12-15,2026-09-30,NGM_EPG0_ERE_NUS-NTU_MMCF,re-exports,NTU,Turkiye,europe,0,
2018-12-15,2026-09-30,NGM_EPG0_ERE_NUS-NUK_MMCF,re-exports,NUK,United Kingdom,europe,0,
2018-12-15,2026-09-30,NGM_EPG0_ERE_NUS-Z00_MMCF,re-exports,Z00,,,0,
2018-12-15,2026-09-30,NGM_EPG0_ETR_NUS-NCA_MMCF,exports by truck,NCA,Canada,americas,1,10.29
2018-12-15,2026-09-30,NGM_EPG0_ETR_NUS-NMX_MMCF,exports by truck,NMX,Mexico,americas,121,9.3
2018-12-15,2026-09-30,NGM_EPG0_ETR_NUS-Z00_MMCF,exports by truck,Z00,,,121,9.3
2018-12-15,2026-09-30,NGM_EPG0_EVE_NUS-NAC_MMCF,exports by vessel,NAC,Antigua and Barbuda,americas,,
2018-12-15,2026-09-30,NGM_EPG0_EVE_NUS-NAT_MMCF,exports by vessel,NAT,Argentina,americas,0,
2018-12-15,2026-09-30,NGM_EPG0_EVE_NUS-NBA_MMCF,exports by vessel,NBA,Bahrain,middle_east_africa,,
2018-12-15,2026-09-30,NGM_EPG0_EVE_NUS-NBB_MMCF,exports by vessel,NBB,Barbados,americas,20,10.39
2018-12-15,2026-09-30,NGM_EPG0_EVE_NUS-NBE_MMCF,exports by vessel,NBE,Belgium,europe,0,
2018-12-15,2026-09-30,NGM_EPG0_EVE_NUS-NBF_MMCF,exports by vessel,NBF,Bahamas,americas,14,10.39
2018-12-15,2026-09-30,NGM_EPG0_EVE_NUS-NBG_MMCF,exports by vessel,NBG,Bangladesh,other_asia,,
2018-12-15,2026-09-30,NGM_EPG0_EVE_NUS-NBR_MMCF,exports by vessel,NBR,Brazil,americas,0,
2018-12-15,2026-09-30,NGM_EPG0_EVE_NUS-NCA_MMCF,exports by vessel,NCA,Canada,americas,,
2018-12-15,2026-09-30,NGM_EPG0_EVE_NUS-NCH_MMCF,exports by vessel,NCH,China,jkm_markets,3598,5.63
2018-12-15,2026-09-30,NGM_EPG0_EVE_NUS-NCI_MMCF,exports by vessel,NCI,Chile,americas,3276,5.63
2018-12-15,2026-09-30,NGM_EPG0_EVE_NUS-NCO_MMCF,exports by vessel,NCO,Colombia,americas,0,
2018-12-15,2026-09-30,NGM_EPG0_EVE_NUS-NDR_MMCF,exports by vessel,NDR,Dominican Republic,americas,0,
2018-12-15,2026-09-30,NGM_EPG0_EVE_NUS-NEG_MMCF,exports by vessel,NEG,Egypt,middle_east_africa,0,
2018-12-15,2026-09-30,NGM_EPG0_EVE_NUS-NES_MMCF,exports by vessel,NES,El Salvador,americas,,
2018-12-15,2026-09-30,NGM_EPG0_EVE_NUS-NFI_MMCF,exports by vessel,NFI,Finland,europe,,
2018-12-15,2026-09-30,NGM_EPG0_EVE_NUS-NFR_MMCF,exports by vessel,NFR,France,europe,3453,7.47
2018-12-15,2026-09-30,NGM_EPG0_EVE_NUS-NGM_MMCF,exports by vessel,NGM,Germany,europe,,
2018-12-15,2026-09-30,NGM_EPG0_EVE_NUS-NGR_MMCF,exports by vessel,NGR,Greece,europe,3722,7.62
2018-12-15,2026-09-30,NGM_EPG0_EVE_NUS-NHA_MMCF,exports by vessel,NHA,Haiti,americas,0,
2018-12-15,2026-09-30,NGM_EPG0_EVE_NUS-NHR_MMCF,exports by vessel,NHR,Croatia,europe,,
2018-12-15,2026-09-30,NGM_EPG0_EVE_NUS-NID_MMCF,exports by vessel,NID,Indonesia,other_asia,,
2018-12-15,2026-09-30,NGM_EPG0_EVE_NUS-NIN_MMCF,exports by vessel,NIN,India,other_asia,7156,6.64
2018-12-15,2026-09-30,NGM_EPG0_EVE_NUS-NIS_MMCF,exports by vessel,NIS,Israel,middle_east_africa,0,
2018-12-15,2026-09-30,NGM_EPG0_EVE_NUS-NIT_MMCF,exports by vessel,NIT,Italy,europe,6137,7.79
2018-12-15,2026-09-30,NGM_EPG0_EVE_NUS-NJA_MMCF,exports by vessel,NJA,Japan,jkm_markets,13977,8.42
2018-12-15,2026-09-30,NGM_EPG0_EVE_NUS-NJM_MMCF,exports by vessel,NJM,Jamaica,americas,0,
2018-12-15,2026-09-30,NGM_EPG0_EVE_NUS-NJO_MMCF,exports by vessel,NJO,Jordan,middle_east_africa,0,
2018-12-15,2026-09-30,NGM_EPG0_EVE_NUS-NKS_MMCF,exports by vessel,NKS,South Korea,jkm_markets,33567,6.75
2018-12-15,2026-09-30,NGM_EPG0_EVE_NUS-NKU_MMCF,exports by vessel,NKU,Kuwait,middle_east_africa,0,
2018-12-15,2026-09-30,NGM_EPG0_EVE_NUS-NLH_MMCF,exports by vessel,NLH,Lithuania,europe,0,
2018-12-15,2026-09-30,NGM_EPG0_EVE_NUS-NM6_MMCF,exports by vessel,NM6,Malta,europe,0,
2018-12-15,2026-09-30,NGM_EPG0_EVE_NUS-NMR_MMCF,exports by vessel,NMR,Mauritania,middle_east_africa,,
2018-12-15,2026-09-30,NGM_EPG0_EVE_NUS-NMX_MMCF,exports by vessel,NMX,Mexico,americas,10610,5.04
2018-12-15,2026-09-30,NGM_EPG0_EVE_NUS-NMY_MMCF,exports by vessel,NMY,Malaysia,other_asia,,
2018-12-15,2026-09-30,NGM_EPG0_EVE_NUS-NNL_MMCF,exports by vessel,NNL,Netherlands,europe,0,
2018-12-15,2026-09-30,NGM_EPG0_EVE_NUS-NNU_MMCF,exports by vessel,NNU,Nicaragua,americas,,
2018-12-15,2026-09-30,NGM_EPG0_EVE_NUS-NPK_MMCF,exports by vessel,NPK,Pakistan,other_asia,0,
2018-12-15,2026-09-30,NGM_EPG0_EVE_NUS-NPL_MMCF,exports by vessel,NPL,Poland,europe,0,
2018-12-15,2026-09-30,NGM_EPG0_EVE_NUS-NPM_MMCF,exports by vessel,NPM,Panama,americas,3268,5.63
2018-12-15,2026-09-30,NGM_EPG0_EVE_NUS-NPO_MMCF,exports by vessel,NPO,Portugal,europe,3298,8.79
2018-12-15,2026-09-30,NGM_EPG0_EVE_NUS-NRP_MMCF,exports by vessel,NRP,Philippines,other_asia,,
2018-12-15,2026-09-30,NGM_EPG0_EVE_NUS-NRS_MMCF,exports by vessel,NRS,Russia,europe,0,
2018-12-15,2026-09-30,NGM_EPG0_EVE_NUS-NSG_MMCF,exports by vessel,NSG,Senegal,middle_east_africa,,
2018-12-15,2026-09-30,NGM_EPG0_EVE_NUS-NSN_MMCF,exports by vessel,NSN,Singapore,other_asia,3679,5.63
2018-12-15,2026-09-30,NGM_EPG0_EVE_NUS-NSP_MMCF,exports by vessel,NSP,Spain,europe,0,
2018-12-15,2026-09-30,NGM_EPG0_EVE_NUS-NTC_MMCF,exports by vessel,NTC,United Arab Emirates,middle_east_africa,0,
2018-12-15,2026-09-30,NGM_EPG0_EVE_NUS-NTH_MMCF,exports by vessel,NTH,Thailand,other_asia,0,
2018-12-15,2026-09-30,NGM_EPG0_EVE_NUS-NTU_MMCF,exports by vessel,NTU,Turkiye,europe,9976,6.64
2018-12-15,2026-09-30,NGM_EPG0_EVE_NUS-NTW_MMCF,exports by vessel,NTW,Taiwan,jkm_markets,3423,7.49
2018-12-15,2026-09-30,NGM_EPG0_EVE_NUS-NUK_MMCF,exports by vessel,NUK,United Kingdom,europe,13499,6.87
2018-12-15,2026-09-30,NGM_EPG0_EVE_NUS-Z00_MMCF,exports by vessel,Z00,,,122673,6.84
2018-12-15,2026-09-30,NGM_EPG0_EVT_NUS-Z00_MMCF,exports by vessel and truck,Z00,,,122795,6.84
2019-01-15,2026-09-30,N9133US2,LNG total including re-exports,Z00,,,126957,5.89
2019-01-15,2026-09-30,NGM_EPG0_ERE_NUS-NAT_MMCF,re-exports,NAT,Argentina,americas,0,
2019-01-15,2026-09-30,NGM_EPG0_ERE_NUS-NBR_MMCF,re-exports,NBR,Brazil,americas,0,
2019-01-15,2026-09-30,NGM_EPG0_ERE_NUS-NCH_MMCF,re-exports,NCH,China,jkm_markets,0,
2019-01-15,2026-09-30,NGM_EPG0_ERE_NUS-NCI_MMCF,re-exports,NCI,Chile,americas,,
2019-01-15,2026-09-30,NGM_EPG0_ERE_NUS-NEG_MMCF,re-exports,NEG,Egypt,middle_east_africa,0,
2019-01-15,2026-09-30,NGM_EPG0_ERE_NUS-NIN_MMCF,re-exports,NIN,India,other_asia,0,
2019-01-15,2026-09-30,NGM_EPG0_ERE_NUS-NJA_MMCF,re-exports,NJA,Japan,jkm_markets,0,
2019-01-15,2026-09-30,NGM_EPG0_ERE_NUS-NKS_MMCF,re-exports,NKS,South Korea,jkm_markets,0,
2019-01-15,2026-09-30,NGM_EPG0_ERE_NUS-NMX_MMCF,re-exports,NMX,Mexico,americas,0,
2019-01-15,2026-09-30,NGM_EPG0_ERE_NUS-NPO_MMCF,re-exports,NPO,Portugal,europe,,
2019-01-15,2026-09-30,NGM_EPG0_ERE_NUS-NSP_MMCF,re-exports,NSP,Spain,europe,0,
2019-01-15,2026-09-30,NGM_EPG0_ERE_NUS-NTU_MMCF,re-exports,NTU,Turkiye,europe,0,
2019-01-15,2026-09-30,NGM_EPG0_ERE_NUS-NUK_MMCF,re-exports,NUK,United Kingdom,europe,0,
2019-01-15,2026-09-30,NGM_EPG0_ERE_NUS-Z00_MMCF,re-exports,Z00,,,0,
2019-01-15,2026-09-30,NGM_EPG0_ETR_NUS-NCA_MMCF,exports by truck,NCA,Canada,americas,0,
2019-01-15,2026-09-30,NGM_EPG0_ETR_NUS-NMX_MMCF,exports by truck,NMX,Mexico,americas,104,9.58
2019-01-15,2026-09-30,NGM_EPG0_ETR_NUS-Z00_MMCF,exports by truck,Z00,,,104,9.58
2019-01-15,2026-09-30,NGM_EPG0_EVE_NUS-NAC_MMCF,exports by vessel,NAC,Antigua and Barbuda,americas,,
2019-01-15,2026-09-30,NGM_EPG0_EVE_NUS-NAT_MMCF,exports by vessel,NAT,Argentina,americas,0,
2019-01-15,2026-09-30,NGM_EPG0_EVE_NUS-NBA_MMCF,exports by vessel,NBA,Bahrain,middle_east_africa,,
2019-01-15,2026-09-30,NGM_EPG0_EVE_NUS-NBB_MMCF,exports by vessel,NBB,Barbados,americas,17,10.39
2019-01-15,2026-09-30,NGM_EPG0_EVE_NUS-NBE_MMCF,exports by vessel,NBE,Belgium,europe,0,
2019-01-15,2026-09-30,NGM_EPG0_EVE_NUS-NBF_MMCF,exports by vessel,NBF,Bahamas,americas,11,10.39
2019-01-15,2026-09-30,NGM_EPG0_EVE_NUS-NBG_MMCF,exports by vessel,NBG,Bangladesh,other_asia,0,
2019-01-15,2026-09-30,NGM_EPG0_EVE_NUS-NBR_MMCF,exports by vessel,NBR,Brazil,americas,0,
2019-01-15,2026-09-30,NGM_EPG0_EVE_NUS-NCA_MMCF,exports by vessel,NCA,Canada,americas,,
2019-01-15,2026-09-30,NGM_EPG0_EVE_NUS-NCH_MMCF,exports by vessel,NCH,China,jkm_markets,3387,
2019-01-15,2026-09-30,NGM_EPG0_EVE_NUS-NCI_MMCF,exports by vessel,NCI,Chile,americas,0,
2019-01-15,2026-09-30,NGM_EPG0_EVE_NUS-NCO_MMCF,exports by vessel,NCO,Colombia,americas,2934,4.35
2019-01-15,2026-09-30,NGM_EPG0_EVE_NUS-NDR_MMCF,exports by vessel,NDR,Dominican Republic,americas,0,
2019-01-15,2026-09-30,NGM_EPG0_EVE_NUS-NEG_MMCF,exports by vessel,NEG,Egypt,middle_east_africa,0,
2019-01-15,2026-09-30,NGM_EPG0_EVE_NUS-NES_MMCF,exports by vessel,NES,El Salvador,americas,,
2019-01-15,2026-09-30,NGM_EPG0_EVE_NUS-NFI_MMCF,exports by vessel,NFI,Finland,europe,,
2019-01-15,2026-09-30,NGM_EPG0_EVE_NUS-NFR_MMCF,exports by vessel,NFR,France,europe,7303,3.94
2019-01-15,2026-09-30,NGM_EPG0_EVE_NUS-NGM_MMCF,exports by vessel,NGM,Germany,europe,,
2019-01-15,2026-09-30,NGM_EPG0_EVE_NUS-NGR_MMCF,exports by vessel,NGR,Greece,europe,0,
2019-01-15,2026-09-30,NGM_EPG0_EVE_NUS-NHA_MMCF,exports by vessel,NHA,Haiti,americas,0,
2019-01-15,2026-09-30,NGM_EPG0_EVE_NUS-NHR_MMCF,exports by vessel,NHR,Croatia,europe,,
2019-01-15,2026-09-30,NGM_EPG0_EVE_NUS-NID_MMCF,exports by vessel,NID,Indonesia,other_asia,,
2019-01-15,2026-09-30,NGM_EPG0_EVE_NUS-NIN_MMCF,exports by vessel,NIN,India,other_asia,7030,6.6
2019-01-15,2026-09-30,NGM_EPG0_EVE_NUS-NIS_MMCF,exports by vessel,NIS,Israel,middle_east_africa,0,
2019-01-15,2026-09-30,NGM_EPG0_EVE_NUS-NIT_MMCF,exports by vessel,NIT,Italy,europe,10502,6
2019-01-15,2026-09-30,NGM_EPG0_EVE_NUS-NJA_MMCF,exports by vessel,NJA,Japan,jkm_markets,17495,7.37
2019-01-15,2026-09-30,NGM_EPG0_EVE_NUS-NJM_MMCF,exports by vessel,NJM,Jamaica,americas,0,
2019-01-15,2026-09-30,NGM_EPG0_EVE_NUS-NJO_MMCF,exports by vessel,NJO,Jordan,middle_east_africa,0,
2019-01-15,2026-09-30,NGM_EPG0_EVE_NUS-NKS_MMCF,exports by vessel,NKS,South Korea,jkm_markets,16981,4.63
2019-01-15,2026-09-30,NGM_EPG0_EVE_NUS-NKU_MMCF,exports by vessel,NKU,Kuwait,middle_east_africa,0,
2019-01-15,2026-09-30,NGM_EPG0_EVE_NUS-NLH_MMCF,exports by vessel,NLH,Lithuania,europe,0,
2019-01-15,2026-09-30,NGM_EPG0_EVE_NUS-NM6_MMCF,exports by vessel,NM6,Malta,europe,0,
2019-01-15,2026-09-30,NGM_EPG0_EVE_NUS-NMR_MMCF,exports by vessel,NMR,Mauritania,middle_east_africa,,
2019-01-15,2026-09-30,NGM_EPG0_EVE_NUS-NMX_MMCF,exports by vessel,NMX,Mexico,americas,14310,4.63
2019-01-15,2026-09-30,NGM_EPG0_EVE_NUS-NMY_MMCF,exports by vessel,NMY,Malaysia,other_asia,,
2019-01-15,2026-09-30,NGM_EPG0_EVE_NUS-NNL_MMCF,exports by vessel,NNL,Netherlands,europe,0,
2019-01-15,2026-09-30,NGM_EPG0_EVE_NUS-NNU_MMCF,exports by vessel,NNU,Nicaragua,americas,,
2019-01-15,2026-09-30,NGM_EPG0_EVE_NUS-NPK_MMCF,exports by vessel,NPK,Pakistan,other_asia,0,
2019-01-15,2026-09-30,NGM_EPG0_EVE_NUS-NPL_MMCF,exports by vessel,NPL,Poland,europe,9762,7
2019-01-15,2026-09-30,NGM_EPG0_EVE_NUS-NPM_MMCF,exports by vessel,NPM,Panama,americas,0,
2019-01-15,2026-09-30,NGM_EPG0_EVE_NUS-NPO_MMCF,exports by vessel,NPO,Portugal,europe,10289,6.39
2019-01-15,2026-09-30,NGM_EPG0_EVE_NUS-NRP_MMCF,exports by vessel,NRP,Philippines,other_asia,,
2019-01-15,2026-09-30,NGM_EPG0_EVE_NUS-NRS_MMCF,exports by vessel,NRS,Russia,europe,0,
2019-01-15,2026-09-30,NGM_EPG0_EVE_NUS-NSG_MMCF,exports by vessel,NSG,Senegal,middle_east_africa,,
2019-01-15,2026-09-30,NGM_EPG0_EVE_NUS-NSN_MMCF,exports by vessel,NSN,Singapore,other_asia,0,
2019-01-15,2026-09-30,NGM_EPG0_EVE_NUS-NSP_MMCF,exports by vessel,NSP,Spain,europe,6631,8.11
2019-01-15,2026-09-30,NGM_EPG0_EVE_NUS-NTC_MMCF,exports by vessel,NTC,United Arab Emirates,middle_east_africa,0,
2019-01-15,2026-09-30,NGM_EPG0_EVE_NUS-NTH_MMCF,exports by vessel,NTH,Thailand,other_asia,0,
2019-01-15,2026-09-30,NGM_EPG0_EVE_NUS-NTU_MMCF,exports by vessel,NTU,Turkiye,europe,9829,5.33
2019-01-15,2026-09-30,NGM_EPG0_EVE_NUS-NTW_MMCF,exports by vessel,NTW,Taiwan,jkm_markets,0,
2019-01-15,2026-09-30,NGM_EPG0_EVE_NUS-NUK_MMCF,exports by vessel,NUK,United Kingdom,europe,10373,5.4
2019-01-15,2026-09-30,NGM_EPG0_EVE_NUS-Z00_MMCF,exports by vessel,Z00,,,126854,5.89
2019-01-15,2026-09-30,NGM_EPG0_EVT_NUS-Z00_MMCF,exports by vessel and truck,Z00,,,126957,5.89
2019-02-15,2026-09-30,N9133US2,LNG total including re-exports,Z00,,,102866,5.06
2019-02-15,2026-09-30,NGM_EPG0_ERE_NUS-NAT_MMCF,re-exports,NAT,Argentina,americas,0,
2019-02-15,2026-09-30,NGM_EPG0_ERE_NUS-NBR_MMCF,re-exports,NBR,Brazil,americas,0,
2019-02-15,2026-09-30,NGM_EPG0_ERE_NUS-NCH_MMCF,re-exports,NCH,China,jkm_markets,0,
2019-02-15,2026-09-30,NGM_EPG0_ERE_NUS-NCI_MMCF,re-exports,NCI,Chile,americas,,
2019-02-15,2026-09-30,NGM_EPG0_ERE_NUS-NEG_MMCF,re-exports,NEG,Egypt,middle_east_africa,0,
2019-02-15,2026-09-30,NGM_EPG0_ERE_NUS-NIN_MMCF,re-exports,NIN,India,other_asia,0,
2019-02-15,2026-09-30,NGM_EPG0_ERE_NUS-NJA_MMCF,re-exports,NJA,Japan,jkm_markets,0,
2019-02-15,2026-09-30,NGM_EPG0_ERE_NUS-NKS_MMCF,re-exports,NKS,South Korea,jkm_markets,0,
2019-02-15,2026-09-30,NGM_EPG0_ERE_NUS-NMX_MMCF,re-exports,NMX,Mexico,americas,0,
2019-02-15,2026-09-30,NGM_EPG0_ERE_NUS-NPO_MMCF,re-exports,NPO,Portugal,europe,,
2019-02-15,2026-09-30,NGM_EPG0_ERE_NUS-NSP_MMCF,re-exports,NSP,Spain,europe,0,
2019-02-15,2026-09-30,NGM_EPG0_ERE_NUS-NTU_MMCF,re-exports,NTU,Turkiye,europe,0,
2019-02-15,2026-09-30,NGM_EPG0_ERE_NUS-NUK_MMCF,re-exports,NUK,United Kingdom,europe,0,
2019-02-15,2026-09-30,NGM_EPG0_ERE_NUS-Z00_MMCF,re-exports,Z00,,,0,
2019-02-15,2026-09-30,NGM_EPG0_ETR_NUS-NCA_MMCF,exports by truck,NCA,Canada,americas,1,8.93
2019-02-15,2026-09-30,NGM_EPG0_ETR_NUS-NMX_MMCF,exports by truck,NMX,Mexico,americas,48,9.17
2019-02-15,2026-09-30,NGM_EPG0_ETR_NUS-Z00_MMCF,exports by truck,Z00,,,49,9.16
2019-02-15,2026-09-30,NGM_EPG0_EVE_NUS-NAC_MMCF,exports by vessel,NAC,Antigua and Barbuda,americas,,
2019-02-15,2026-09-30,NGM_EPG0_EVE_NUS-NAT_MMCF,exports by vessel,NAT,Argentina,americas,0,
2019-02-15,2026-09-30,NGM_EPG0_EVE_NUS-NBA_MMCF,exports by vessel,NBA,Bahrain,middle_east_africa,,
2019-02-15,2026-09-30,NGM_EPG0_EVE_NUS-NBB_MMCF,exports by vessel,NBB,Barbados,americas,14,10.39
2019-02-15,2026-09-30,NGM_EPG0_EVE_NUS-NBE_MMCF,exports by vessel,NBE,Belgium,europe,0,
2019-02-15,2026-09-30,NGM_EPG0_EVE_NUS-NBF_MMCF,exports by vessel,NBF,Bahamas,americas,14,10.39
2019-02-15,2026-09-30,NGM_EPG0_EVE_NUS-NBG_MMCF,exports by vessel,NBG,Bangladesh,other_asia,0,
2019-02-15,2026-09-30,NGM_EPG0_EVE_NUS-NBR_MMCF,exports by vessel,NBR,Brazil,americas,3234,6.64
2019-02-15,2026-09-30,NGM_EPG0_EVE_NUS-NCA_MMCF,exports by vessel,NCA,Canada,americas,,
2019-02-15,2026-09-30,NGM_EPG0_EVE_NUS-NCH_MMCF,exports by vessel,NCH,China,jkm_markets,3464,
2019-02-15,2026-09-30,NGM_EPG0_EVE_NUS-NCI_MMCF,exports by vessel,NCI,Chile,americas,2933,4.35
2019-02-15,2026-09-30,NGM_EPG0_EVE_NUS-NCO_MMCF,exports by vessel,NCO,Colombia,americas,0,
2019-02-15,2026-09-30,NGM_EPG0_EVE_NUS-NDR_MMCF,exports by vessel,NDR,Dominican Republic,americas,2942,3.52
2019-02-15,2026-09-30,NGM_EPG0_EVE_NUS-NEG_MMCF,exports by vessel,NEG,Egypt,middle_east_africa,0,
2019-02-15,2026-09-30,NGM_EPG0_EVE_NUS-NES_MMCF,exports by vessel,NES,El Salvador,americas,,
2019-02-15,2026-09-30,NGM_EPG0_EVE_NUS-NFI_MMCF,exports by vessel,NFI,Finland,europe,,
2019-02-15,2026-09-30,NGM_EPG0_EVE_NUS-NFR_MMCF,exports by vessel,NFR,France,europe,,
2019-02-15,2026-09-30,NGM_EPG0_EVE_NUS-NGM_MMCF,exports by vessel,NGM,Germany,europe,,
2019-02-15,2026-09-30,NGM_EPG0_EVE_NUS-NGR_MMCF,exports by vessel,NGR,Greece,europe,3394,6.84
2019-02-15,2026-09-30,NGM_EPG0_EVE_NUS-NHA_MMCF,exports by vessel,NHA,Haiti,americas,0,
2019-02-15,2026-09-30,NGM_EPG0_EVE_NUS-NHR_MMCF,exports by vessel,NHR,Croatia,europe,,
2019-02-15,2026-09-30,NGM_EPG0_EVE_NUS-NID_MMCF,exports by vessel,NID,Indonesia,other_asia,,
2019-02-15,2026-09-30,NGM_EPG0_EVE_NUS-NIN_MMCF,exports by vessel,NIN,India,other_asia,6989,5.53
2019-02-15,2026-09-30,NGM_EPG0_EVE_NUS-NIS_MMCF,exports by vessel,NIS,Israel,middle_east_africa,0,
2019-02-15,2026-09-30,NGM_EPG0_EVE_NUS-NIT_MMCF,exports by vessel,NIT,Italy,europe,3454,4.72
2019-02-15,2026-09-30,NGM_EPG0_EVE_NUS-NJA_MMCF,exports by vessel,NJA,Japan,jkm_markets,10320,7.98
2019-02-15,2026-09-30,NGM_EPG0_EVE_NUS-NJM_MMCF,exports by vessel,NJM,Jamaica,americas,0,
2019-02-15,2026-09-30,NGM_EPG0_EVE_NUS-NJO_MMCF,exports by vessel,NJO,Jordan,middle_east_africa,3695,3.52
2019-02-15,2026-09-30,NGM_EPG0_EVE_NUS-NKS_MMCF,exports by vessel,NKS,South Korea,jkm_markets,17750,4.12
2019-02-15,2026-09-30,NGM_EPG0_EVE_NUS-NKU_MMCF,exports by vessel,NKU,Kuwait,middle_east_africa,0,
2019-02-15,2026-09-30,NGM_EPG0_EVE_NUS-NLH_MMCF,exports by vessel,NLH,Lithuania,europe,0,
2019-02-15,2026-09-30,NGM_EPG0_EVE_NUS-NM6_MMCF,exports by vessel,NM6,Malta,europe,0,
2019-02-15,2026-09-30,NGM_EPG0_EVE_NUS-NMR_MMCF,exports by vessel,NMR,Mauritania,middle_east_africa,,
2019-02-15,2026-09-30,NGM_EPG0_EVE_NUS-NMX_MMCF,exports by vessel,NMX,Mexico,americas,6681,5.06
2019-02-15,2026-09-30,NGM_EPG0_EVE_NUS-NMY_MMCF,exports by vessel,NMY,Malaysia,other_asia,,
2019-02-15,2026-09-30,NGM_EPG0_EVE_NUS-NNL_MMCF,exports by vessel,NNL,Netherlands,europe,3390,3.81
2019-02-15,2026-09-30,NGM_EPG0_EVE_NUS-NNU_MMCF,exports by vessel,NNU,Nicaragua,americas,,
2019-02-15,2026-09-30,NGM_EPG0_EVE_NUS-NPK_MMCF,exports by vessel,NPK,Pakistan,other_asia,3365,3.52
2019-02-15,2026-09-30,NGM_EPG0_EVE_NUS-NPL_MMCF,exports by vessel,NPL,Poland,europe,0,
2019-02-15,2026-09-30,NGM_EPG0_EVE_NUS-NPM_MMCF,exports by vessel,NPM,Panama,americas,3269,6.84
2019-02-15,2026-09-30,NGM_EPG0_EVE_NUS-NPO_MMCF,exports by vessel,NPO,Portugal,europe,3720,3.97
2019-02-15,2026-09-30,NGM_EPG0_EVE_NUS-NRP_MMCF,exports by vessel,NRP,Philippines,other_asia,,
2019-02-15,2026-09-30,NGM_EPG0_EVE_NUS-NRS_MMCF,exports by vessel,NRS,Russia,europe,0,
2019-02-15,2026-09-30,NGM_EPG0_EVE_NUS-NSG_MMCF,exports by vessel,NSG,Senegal,middle_east_africa,,
2019-02-15,2026-09-30,NGM_EPG0_EVE_NUS-NSN_MMCF,exports by vessel,NSN,Singapore,other_asia,7249,3.52
2019-02-15,2026-09-30,NGM_EPG0_EVE_NUS-NSP_MMCF,exports by vessel,NSP,Spain,europe,6748,5.05
2019-02-15,2026-09-30,NGM_EPG0_EVE_NUS-NTC_MMCF,exports by vessel,NTC,United Arab Emirates,middle_east_africa,0,
2019-02-15,2026-09-30,NGM_EPG0_EVE_NUS-NTH_MMCF,exports by vessel,NTH,Thailand,other_asia,0,
2019-02-15,2026-09-30,NGM_EPG0_EVE_NUS-NTU_MMCF,exports by vessel,NTU,Turkiye,europe,6483,6.64
2019-02-15,2026-09-30,NGM_EPG0_EVE_NUS-NTW_MMCF,exports by vessel,NTW,Taiwan,jkm_markets,0,
2019-02-15,2026-09-30,NGM_EPG0_EVE_NUS-NUK_MMCF,exports by vessel,NUK,United Kingdom,europe,3711,3.52
2019-02-15,2026-09-30,NGM_EPG0_EVE_NUS-Z00_MMCF,exports by vessel,Z00,,,102817,5.06
2019-02-15,2026-09-30,NGM_EPG0_EVT_NUS-Z00_MMCF,exports by vessel and truck,Z00,,,102866,5.06
2019-03-15,2026-09-30,N9133US2,LNG total including re-exports,Z00,,,130814,4.84
2019-03-15,2026-09-30,NGM_EPG0_ERE_NUS-NAT_MMCF,re-exports,NAT,Argentina,americas,0,
2019-03-15,2026-09-30,NGM_EPG0_ERE_NUS-NBR_MMCF,re-exports,NBR,Brazil,americas,0,
2019-03-15,2026-09-30,NGM_EPG0_ERE_NUS-NCH_MMCF,re-exports,NCH,China,jkm_markets,0,
2019-03-15,2026-09-30,NGM_EPG0_ERE_NUS-NCI_MMCF,re-exports,NCI,Chile,americas,,
2019-03-15,2026-09-30,NGM_EPG0_ERE_NUS-NEG_MMCF,re-exports,NEG,Egypt,middle_east_africa,0,
2019-03-15,2026-09-30,NGM_EPG0_ERE_NUS-NIN_MMCF,re-exports,NIN,India,other_asia,0,
2019-03-15,2026-09-30,NGM_EPG0_ERE_NUS-NJA_MMCF,re-exports,NJA,Japan,jkm_markets,0,
2019-03-15,2026-09-30,NGM_EPG0_ERE_NUS-NKS_MMCF,re-exports,NKS,South Korea,jkm_markets,0,
2019-03-15,2026-09-30,NGM_EPG0_ERE_NUS-NMX_MMCF,re-exports,NMX,Mexico,americas,0,
2019-03-15,2026-09-30,NGM_EPG0_ERE_NUS-NPO_MMCF,re-exports,NPO,Portugal,europe,,
2019-03-15,2026-09-30,NGM_EPG0_ERE_NUS-NSP_MMCF,re-exports,NSP,Spain,europe,0,
2019-03-15,2026-09-30,NGM_EPG0_ERE_NUS-NTU_MMCF,re-exports,NTU,Turkiye,europe,0,
2019-03-15,2026-09-30,NGM_EPG0_ERE_NUS-NUK_MMCF,re-exports,NUK,United Kingdom,europe,0,
2019-03-15,2026-09-30,NGM_EPG0_ERE_NUS-Z00_MMCF,re-exports,Z00,,,0,
2019-03-15,2026-09-30,NGM_EPG0_ETR_NUS-NCA_MMCF,exports by truck,NCA,Canada,americas,0,
2019-03-15,2026-09-30,NGM_EPG0_ETR_NUS-NMX_MMCF,exports by truck,NMX,Mexico,americas,73,9.92
2019-03-15,2026-09-30,NGM_EPG0_ETR_NUS-Z00_MMCF,exports by truck,Z00,,,73,9.92
2019-03-15,2026-09-30,NGM_EPG0_EVE_NUS-NAC_MMCF,exports by vessel,NAC,Antigua and Barbuda,americas,,
2019-03-15,2026-09-30,NGM_EPG0_EVE_NUS-NAT_MMCF,exports by vessel,NAT,Argentina,americas,0,
2019-03-15,2026-09-30,NGM_EPG0_EVE_NUS-NBA_MMCF,exports by vessel,NBA,Bahrain,middle_east_africa,,
2019-03-15,2026-09-30,NGM_EPG0_EVE_NUS-NBB_MMCF,exports by vessel,NBB,Barbados,americas,14,10.39
2019-03-15,2026-09-30,NGM_EPG0_EVE_NUS-NBE_MMCF,exports by vessel,NBE,Belgium,europe,3390,6.72
2019-03-15,2026-09-30,NGM_EPG0_EVE_NUS-NBF_MMCF,exports by vessel,NBF,Bahamas,americas,11,10.39
2019-03-15,2026-09-30,NGM_EPG0_EVE_NUS-NBG_MMCF,exports by vessel,NBG,Bangladesh,other_asia,0,
2019-03-15,2026-09-30,NGM_EPG0_EVE_NUS-NBR_MMCF,exports by vessel,NBR,Brazil,americas,3283,3.41
2019-03-15,2026-09-30,NGM_EPG0_EVE_NUS-NCA_MMCF,exports by vessel,NCA,Canada,americas,,
2019-03-15,2026-09-30,NGM_EPG0_EVE_NUS-NCH_MMCF,exports by vessel,NCH,China,jkm_markets,0,
2019-03-15,2026-09-30,NGM_EPG0_EVE_NUS-NCI_MMCF,exports by vessel,NCI,Chile,americas,10005,3.41
2019-03-15,2026-09-30,NGM_EPG0_EVE_NUS-NCO_MMCF,exports by vessel,NCO,Colombia,americas,2935,3.41
2019-03-15,2026-09-30,NGM_EPG0_EVE_NUS-NDR_MMCF,exports by vessel,NDR,Dominican Republic,americas,0,
2019-03-15,2026-09-30,NGM_EPG0_EVE_NUS-NEG_MMCF,exports by vessel,NEG,Egypt,middle_east_africa,0,
2019-03-15,2026-09-30,NGM_EPG0_EVE_NUS-NES_MMCF,exports by vessel,NES,El Salvador,americas,,
2019-03-15,2026-09-30,NGM_EPG0_EVE_NUS-NFI_MMCF,exports by vessel,NFI,Finland,europe,,
2019-03-15,2026-09-30,NGM_EPG0_EVE_NUS-NFR_MMCF,exports by vessel,NFR,France,europe,20853,5.24
2019-03-15,2026-09-30,NGM_EPG0_EVE_NUS-NGM_MMCF,exports by vessel,NGM,Germany,europe,,
2019-03-15,2026-09-30,NGM_EPG0_EVE_NUS-NGR_MMCF,exports by vessel,NGR,Greece,europe,0,
2019-03-15,2026-09-30,NGM_EPG0_EVE_NUS-NHA_MMCF,exports by vessel,NHA,Haiti,americas,0,
2019-03-15,2026-09-30,NGM_EPG0_EVE_NUS-NHR_MMCF,exports by vessel,NHR,Croatia,europe,,
2019-03-15,2026-09-30,NGM_EPG0_EVE_NUS-NID_MMCF,exports by vessel,NID,Indonesia,other_asia,,
2019-03-15,2026-09-30,NGM_EPG0_EVE_NUS-NIN_MMCF,exports by vessel,NIN,India,other_asia,7446,3.67
2019-03-15,2026-09-30,NGM_EPG0_EVE_NUS-NIS_MMCF,exports by vessel,NIS,Israel,middle_east_africa,0,
2019-03-15,2026-09-30,NGM_EPG0_EVE_NUS-NIT_MMCF,exports by vessel,NIT,Italy,europe,6684,5.2
2019-03-15,2026-09-30,NGM_EPG0_EVE_NUS-NJA_MMCF,exports by vessel,NJA,Japan,jkm_markets,7143,8
2019-03-15,2026-09-30,NGM_EPG0_EVE_NUS-NJM_MMCF,exports by vessel,NJM,Jamaica,americas,2320,6.52
2019-03-15,2026-09-30,NGM_EPG0_EVE_NUS-NJO_MMCF,exports by vessel,NJO,Jordan,middle_east_africa,0,
2019-03-15,2026-09-30,NGM_EPG0_EVE_NUS-NKS_MMCF,exports by vessel,NKS,South Korea,jkm_markets,18013,3.41
2019-03-15,2026-09-30,NGM_EPG0_EVE_NUS-NKU_MMCF,exports by vessel,NKU,Kuwait,middle_east_africa,0,
2019-03-15,2026-09-30,NGM_EPG0_EVE_NUS-NLH_MMCF,exports by vessel,NLH,Lithuania,europe,0,
2019-03-15,2026-09-30,NGM_EPG0_EVE_NUS-NM6_MMCF,exports by vessel,NM6,Malta,europe,0,
2019-03-15,2026-09-30,NGM_EPG0_EVE_NUS-NMR_MMCF,exports by vessel,NMR,Mauritania,middle_east_africa,,
2019-03-15,2026-09-30,NGM_EPG0_EVE_NUS-NMX_MMCF,exports by vessel,NMX,Mexico,americas,7038,3.41
2019-03-15,2026-09-30,NGM_EPG0_EVE_NUS-NMY_MMCF,exports by vessel,NMY,Malaysia,other_asia,,
2019-03-15,2026-09-30,NGM_EPG0_EVE_NUS-NNL_MMCF,exports by vessel,NNL,Netherlands,europe,10452,5.3
2019-03-15,2026-09-30,NGM_EPG0_EVE_NUS-NNU_MMCF,exports by vessel,NNU,Nicaragua,americas,,
2019-03-15,2026-09-30,NGM_EPG0_EVE_NUS-NPK_MMCF,exports by vessel,NPK,Pakistan,other_asia,3282,6.64
2019-03-15,2026-09-30,NGM_EPG0_EVE_NUS-NPL_MMCF,exports by vessel,NPL,Poland,europe,3701,3.41
2019-03-15,2026-09-30,NGM_EPG0_EVE_NUS-NPM_MMCF,exports by vessel,NPM,Panama,americas,3191,8.12
2019-03-15,2026-09-30,NGM_EPG0_EVE_NUS-NPO_MMCF,exports by vessel,NPO,Portugal,europe,0,
2019-03-15,2026-09-30,NGM_EPG0_EVE_NUS-NRP_MMCF,exports by vessel,NRP,Philippines,other_asia,,
2019-03-15,2026-09-30,NGM_EPG0_EVE_NUS-NRS_MMCF,exports by vessel,NRS,Russia,europe,0,
2019-03-15,2026-09-30,NGM_EPG0_EVE_NUS-NSG_MMCF,exports by vessel,NSG,Senegal,middle_east_africa,,
2019-03-15,2026-09-30,NGM_EPG0_EVE_NUS-NSN_MMCF,exports by vessel,NSN,Singapore,other_asia,6631,5.86
2019-03-15,2026-09-30,NGM_EPG0_EVE_NUS-NSP_MMCF,exports by vessel,NSP,Spain,europe,10678,4.88
2019-03-15,2026-09-30,NGM_EPG0_EVE_NUS-NTC_MMCF,exports by vessel,NTC,United Arab Emirates,middle_east_africa,0,
2019-03-15,2026-09-30,NGM_EPG0_EVE_NUS-NTH_MMCF,exports by vessel,NTH,Thailand,other_asia,0,
2019-03-15,2026-09-30,NGM_EPG0_EVE_NUS-NTU_MMCF,exports by vessel,NTU,Turkiye,europe,0,
2019-03-15,2026-09-30,NGM_EPG0_EVE_NUS-NTW_MMCF,exports by vessel,NTW,Taiwan,jkm_markets,0,
2019-03-15,2026-09-30,NGM_EPG0_EVE_NUS-NUK_MMCF,exports by vessel,NUK,United Kingdom,europe,3669,5.15
2019-03-15,2026-09-30,NGM_EPG0_EVE_NUS-Z00_MMCF,exports by vessel,Z00,,,130741,4.84
2019-03-15,2026-09-30,NGM_EPG0_EVT_NUS-Z00_MMCF,exports by vessel and truck,Z00,,,130814,4.84
2019-04-15,2026-09-30,N9133US2,LNG total including re-exports,Z00,,,127102,4.7
2019-04-15,2026-09-30,NGM_EPG0_ERE_NUS-NAT_MMCF,re-exports,NAT,Argentina,americas,0,
2019-04-15,2026-09-30,NGM_EPG0_ERE_NUS-NBR_MMCF,re-exports,NBR,Brazil,americas,0,
2019-04-15,2026-09-30,NGM_EPG0_ERE_NUS-NCH_MMCF,re-exports,NCH,China,jkm_markets,0,
2019-04-15,2026-09-30,NGM_EPG0_ERE_NUS-NCI_MMCF,re-exports,NCI,Chile,americas,,
2019-04-15,2026-09-30,NGM_EPG0_ERE_NUS-NEG_MMCF,re-exports,NEG,Egypt,middle_east_africa,0,
2019-04-15,2026-09-30,NGM_EPG0_ERE_NUS-NIN_MMCF,re-exports,NIN,India,other_asia,0,
2019-04-15,2026-09-30,NGM_EPG0_ERE_NUS-NJA_MMCF,re-exports,NJA,Japan,jkm_markets,221,4.44
2019-04-15,2026-09-30,NGM_EPG0_ERE_NUS-NKS_MMCF,re-exports,NKS,South Korea,jkm_markets,0,
2019-04-15,2026-09-30,NGM_EPG0_ERE_NUS-NMX_MMCF,re-exports,NMX,Mexico,americas,0,
2019-04-15,2026-09-30,NGM_EPG0_ERE_NUS-NPO_MMCF,re-exports,NPO,Portugal,europe,,
2019-04-15,2026-09-30,NGM_EPG0_ERE_NUS-NSP_MMCF,re-exports,NSP,Spain,europe,0,
2019-04-15,2026-09-30,NGM_EPG0_ERE_NUS-NTU_MMCF,re-exports,NTU,Turkiye,europe,0,
2019-04-15,2026-09-30,NGM_EPG0_ERE_NUS-NUK_MMCF,re-exports,NUK,United Kingdom,europe,0,
2019-04-15,2026-09-30,NGM_EPG0_ERE_NUS-Z00_MMCF,re-exports,Z00,,,0,
2019-04-15,2026-09-30,NGM_EPG0_ETR_NUS-NCA_MMCF,exports by truck,NCA,Canada,americas,0,
2019-04-15,2026-09-30,NGM_EPG0_ETR_NUS-NMX_MMCF,exports by truck,NMX,Mexico,americas,87,8.92
2019-04-15,2026-09-30,NGM_EPG0_ETR_NUS-Z00_MMCF,exports by truck,Z00,,,87,8.92
2019-04-15,2026-09-30,NGM_EPG0_EVE_NUS-NAC_MMCF,exports by vessel,NAC,Antigua and Barbuda,americas,,
2019-04-15,2026-09-30,NGM_EPG0_EVE_NUS-NAT_MMCF,exports by vessel,NAT,Argentina,americas,4369,5.51
2019-04-15,2026-09-30,NGM_EPG0_EVE_NUS-NBA_MMCF,exports by vessel,NBA,Bahrain,middle_east_africa,,
2019-04-15,2026-09-30,NGM_EPG0_EVE_NUS-NBB_MMCF,exports by vessel,NBB,Barbados,americas,17,10.39
2019-04-15,2026-09-30,NGM_EPG0_EVE_NUS-NBE_MMCF,exports by vessel,NBE,Belgium,europe,0,
2019-04-15,2026-09-30,NGM_EPG0_EVE_NUS-NBF_MMCF,exports by vessel,NBF,Bahamas,americas,14,10.39
2019-04-15,2026-09-30,NGM_EPG0_EVE_NUS-NBG_MMCF,exports by vessel,NBG,Bangladesh,other_asia,0,
2019-04-15,2026-09-30,NGM_EPG0_EVE_NUS-NBR_MMCF,exports by vessel,NBR,Brazil,americas,1201,6.62
2019-04-15,2026-09-30,NGM_EPG0_EVE_NUS-NCA_MMCF,exports by vessel,NCA,Canada,americas,,
2019-04-15,2026-09-30,NGM_EPG0_EVE_NUS-NCH_MMCF,exports by vessel,NCH,China,jkm_markets,0,
2019-04-15,2026-09-30,NGM_EPG0_EVE_NUS-NCI_MMCF,exports by vessel,NCI,Chile,americas,9429,4.21
2019-04-15,2026-09-30,NGM_EPG0_EVE_NUS-NCO_MMCF,exports by vessel,NCO,Colombia,americas,0,
2019-04-15,2026-09-30,NGM_EPG0_EVE_NUS-NDR_MMCF,exports by vessel,NDR,Dominican Republic,americas,0,
2019-04-15,2026-09-30,NGM_EPG0_EVE_NUS-NEG_MMCF,exports by vessel,NEG,Egypt,middle_east_africa,0,
2019-04-15,2026-09-30,NGM_EPG0_EVE_NUS-NES_MMCF,exports by vessel,NES,El Salvador,americas,,
2019-04-15,2026-09-30,NGM_EPG0_EVE_NUS-NFI_MMCF,exports by vessel,NFI,Finland,europe,,
2019-04-15,2026-09-30,NGM_EPG0_EVE_NUS-NFR_MMCF,exports by vessel,NFR,France,europe,17092,4.26
2019-04-15,2026-09-30,NGM_EPG0_EVE_NUS-NGM_MMCF,exports by vessel,NGM,Germany,europe,,
2019-04-15,2026-09-30,NGM_EPG0_EVE_NUS-NGR_MMCF,exports by vessel,NGR,Greece,europe,0,
2019-04-15,2026-09-30,NGM_EPG0_EVE_NUS-NHA_MMCF,exports by vessel,NHA,Haiti,americas,2,10.39
2019-04-15,2026-09-30,NGM_EPG0_EVE_NUS-NHR_MMCF,exports by vessel,NHR,Croatia,europe,,
2019-04-15,2026-09-30,NGM_EPG0_EVE_NUS-NID_MMCF,exports by vessel,NID,Indonesia,other_asia,,
2019-04-15,2026-09-30,NGM_EPG0_EVE_NUS-NIN_MMCF,exports by vessel,NIN,India,other_asia,6742,3.48
2019-04-15,2026-09-30,NGM_EPG0_EVE_NUS-NIS_MMCF,exports by vessel,NIS,Israel,middle_east_africa,0,
2019-04-15,2026-09-30,NGM_EPG0_EVE_NUS-NIT_MMCF,exports by vessel,NIT,Italy,europe,0,
2019-04-15,2026-09-30,NGM_EPG0_EVE_NUS-NJA_MMCF,exports by vessel,NJA,Japan,jkm_markets,14010,6.4
2019-04-15,2026-09-30,NGM_EPG0_EVE_NUS-NJM_MMCF,exports by vessel,NJM,Jamaica,americas,0,
2019-04-15,2026-09-30,NGM_EPG0_EVE_NUS-NJO_MMCF,exports by vessel,NJO,Jordan,middle_east_africa,3622,3.24
2019-04-15,2026-09-30,NGM_EPG0_EVE_NUS-NKS_MMCF,exports by vessel,NKS,South Korea,jkm_markets,13000,4.74
2019-04-15,2026-09-30,NGM_EPG0_EVE_NUS-NKU_MMCF,exports by vessel,NKU,Kuwait,middle_east_africa,0,
2019-04-15,2026-09-30,NGM_EPG0_EVE_NUS-NLH_MMCF,exports by vessel,NLH,Lithuania,europe,0,
2019-04-15,2026-09-30,NGM_EPG0_EVE_NUS-NM6_MMCF,exports by vessel,NM6,Malta,europe,413,
2019-04-15,2026-09-30,NGM_EPG0_EVE_NUS-NMR_MMCF,exports by vessel,NMR,Mauritania,middle_east_africa,,
2019-04-15,2026-09-30,NGM_EPG0_EVE_NUS-NMX_MMCF,exports by vessel,NMX,Mexico,americas,10406,4.67
2019-04-15,2026-09-30,NGM_EPG0_EVE_NUS-NMY_MMCF,exports by vessel,NMY,Malaysia,other_asia,,
2019-04-15,2026-09-30,NGM_EPG0_EVE_NUS-NNL_MMCF,exports by vessel,NNL,Netherlands,europe,13010,4.91
2019-04-15,2026-09-30,NGM_EPG0_EVE_NUS-NNU_MMCF,exports by vessel,NNU,Nicaragua,americas,,
2019-04-15,2026-09-30,NGM_EPG0_EVE_NUS-NPK_MMCF,exports by vessel,NPK,Pakistan,other_asia,0,
2019-04-15,2026-09-30,NGM_EPG0_EVE_NUS-NPL_MMCF,exports by vessel,NPL,Poland,europe,3414,7.78
2019-04-15,2026-09-30,NGM_EPG0_EVE_NUS-NPM_MMCF,exports by vessel,NPM,Panama,americas,0,
2019-04-15,2026-09-30,NGM_EPG0_EVE_NUS-NPO_MMCF,exports by vessel,NPO,Portugal,europe,3489,3.66
2019-04-15,2026-09-30,NGM_EPG0_EVE_NUS-NRP_MMCF,exports by vessel,NRP,Philippines,other_asia,,
2019-04-15,2026-09-30,NGM_EPG0_EVE_NUS-NRS_MMCF,exports by vessel,NRS,Russia,europe,0,
2019-04-15,2026-09-30,NGM_EPG0_EVE_NUS-NSG_MMCF,exports by vessel,NSG,Senegal,middle_east_africa,,
2019-04-15,2026-09-30,NGM_EPG0_EVE_NUS-NSN_MMCF,exports by vessel,NSN,Singapore,other_asia,320,6.36
2019-04-15,2026-09-30,NGM_EPG0_EVE_NUS-NSP_MMCF,exports by vessel,NSP,Spain,europe,10139,4.8
2019-04-15,2026-09-30,NGM_EPG0_EVE_NUS-NTC_MMCF,exports by vessel,NTC,United Arab Emirates,middle_east_africa,6787,3.24
2019-04-15,2026-09-30,NGM_EPG0_EVE_NUS-NTH_MMCF,exports by vessel,NTH,Thailand,other_asia,0,
2019-04-15,2026-09-30,NGM_EPG0_EVE_NUS-NTU_MMCF,exports by vessel,NTU,Turkiye,europe,2969,3.76
2019-04-15,2026-09-30,NGM_EPG0_EVE_NUS-NTW_MMCF,exports by vessel,NTW,Taiwan,jkm_markets,6349,4.23
2019-04-15,2026-09-30,NGM_EPG0_EVE_NUS-NUK_MMCF,exports by vessel,NUK,United Kingdom,europe,,
2019-04-15,2026-09-30,NGM_EPG0_EVE_NUS-Z00_MMCF,exports by vessel,Z00,,,126795,4.7
2019-04-15,2026-09-30,NGM_EPG0_EVT_NUS-Z00_MMCF,exports by vessel and truck,Z00,,,127102,4.7
2019-05-15,2026-09-30,N9133US2,LNG total including re-exports,Z00,,,144913,4.39
2019-05-15,2026-09-30,NGM_EPG0_ERE_NUS-NAT_MMCF,re-exports,NAT,Argentina,americas,0,
2019-05-15,2026-09-30,NGM_EPG0_ERE_NUS-NBR_MMCF,re-exports,NBR,Brazil,americas,0,
2019-05-15,2026-09-30,NGM_EPG0_ERE_NUS-NCH_MMCF,re-exports,NCH,China,jkm_markets,0,
2019-05-15,2026-09-30,NGM_EPG0_ERE_NUS-NCI_MMCF,re-exports,NCI,Chile,americas,,
2019-05-15,2026-09-30,NGM_EPG0_ERE_NUS-NEG_MMCF,re-exports,NEG,Egypt,middle_east_africa,0,
2019-05-15,2026-09-30,NGM_EPG0_ERE_NUS-NIN_MMCF,re-exports,NIN,India,other_asia,0,
2019-05-15,2026-09-30,NGM_EPG0_ERE_NUS-NJA_MMCF,re-exports,NJA,Japan,jkm_markets,0,
2019-05-15,2026-09-30,NGM_EPG0_ERE_NUS-NKS_MMCF,re-exports,NKS,South Korea,jkm_markets,0,
2019-05-15,2026-09-30,NGM_EPG0_ERE_NUS-NMX_MMCF,re-exports,NMX,Mexico,americas,0,
2019-05-15,2026-09-30,NGM_EPG0_ERE_NUS-NPO_MMCF,re-exports,NPO,Portugal,europe,,
2019-05-15,2026-09-30,NGM_EPG0_ERE_NUS-NSP_MMCF,re-exports,NSP,Spain,europe,0,
2019-05-15,2026-09-30,NGM_EPG0_ERE_NUS-NTU_MMCF,re-exports,NTU,Turkiye,europe,0,
2019-05-15,2026-09-30,NGM_EPG0_ERE_NUS-NUK_MMCF,re-exports,NUK,United Kingdom,europe,0,
2019-05-15,2026-09-30,NGM_EPG0_ERE_NUS-Z00_MMCF,re-exports,Z00,,,0,
2019-05-15,2026-09-30,NGM_EPG0_ETR_NUS-NCA_MMCF,exports by truck,NCA,Canada,americas,0,
2019-05-15,2026-09-30,NGM_EPG0_ETR_NUS-NMX_MMCF,exports by truck,NMX,Mexico,americas,75,8.85
2019-05-15,2026-09-30,NGM_EPG0_ETR_NUS-Z00_MMCF,exports by truck,Z00,,,75,8.85
2019-05-15,2026-09-30,NGM_EPG0_EVE_NUS-NAC_MMCF,exports by vessel,NAC,Antigua and Barbuda,americas,,
2019-05-15,2026-09-30,NGM_EPG0_EVE_NUS-NAT_MMCF,exports by vessel,NAT,Argentina,americas,8737,5.02
2019-05-15,2026-09-30,NGM_EPG0_EVE_NUS-NBA_MMCF,exports by vessel,NBA,Bahrain,middle_east_africa,,
2019-05-15,2026-09-30,NGM_EPG0_EVE_NUS-NBB_MMCF,exports by vessel,NBB,Barbados,americas,21,10.39
2019-05-15,2026-09-30,NGM_EPG0_EVE_NUS-NBE_MMCF,exports by vessel,NBE,Belgium,europe,0,
2019-05-15,2026-09-30,NGM_EPG0_EVE_NUS-NBF_MMCF,exports by vessel,NBF,Bahamas,americas,14,10.39
2019-05-15,2026-09-30,NGM_EPG0_EVE_NUS-NBG_MMCF,exports by vessel,NBG,Bangladesh,other_asia,0,
2019-05-15,2026-09-30,NGM_EPG0_EVE_NUS-NBR_MMCF,exports by vessel,NBR,Brazil,americas,4905,5.79
2019-05-15,2026-09-30,NGM_EPG0_EVE_NUS-NCA_MMCF,exports by vessel,NCA,Canada,americas,,
2019-05-15,2026-09-30,NGM_EPG0_EVE_NUS-NCH_MMCF,exports by vessel,NCH,China,jkm_markets,0,
2019-05-15,2026-09-30,NGM_EPG0_EVE_NUS-NCI_MMCF,exports by vessel,NCI,Chile,americas,6188,3.07
2019-05-15,2026-09-30,NGM_EPG0_EVE_NUS-NCO_MMCF,exports by vessel,NCO,Colombia,americas,0,
2019-05-15,2026-09-30,NGM_EPG0_EVE_NUS-NDR_MMCF,exports by vessel,NDR,Dominican Republic,americas,0,
2019-05-15,2026-09-30,NGM_EPG0_EVE_NUS-NEG_MMCF,exports by vessel,NEG,Egypt,middle_east_africa,0,
2019-05-15,2026-09-30,NGM_EPG0_EVE_NUS-NES_MMCF,exports by vessel,NES,El Salvador,americas,,
2019-05-15,2026-09-30,NGM_EPG0_EVE_NUS-NFI_MMCF,exports by vessel,NFI,Finland,europe,,
2019-05-15,2026-09-30,NGM_EPG0_EVE_NUS-NFR_MMCF,exports by vessel,NFR,France,europe,6621,6.23
2019-05-15,2026-09-30,NGM_EPG0_EVE_NUS-NGM_MMCF,exports by vessel,NGM,Germany,europe,,
2019-05-15,2026-09-30,NGM_EPG0_EVE_NUS-NGR_MMCF,exports by vessel,NGR,Greece,europe,3497,3.97
2019-05-15,2026-09-30,NGM_EPG0_EVE_NUS-NHA_MMCF,exports by vessel,NHA,Haiti,americas,0,
2019-05-15,2026-09-30,NGM_EPG0_EVE_NUS-NHR_MMCF,exports by vessel,NHR,Croatia,europe,,
2019-05-15,2026-09-30,NGM_EPG0_EVE_NUS-NID_MMCF,exports by vessel,NID,Indonesia,other_asia,,
2019-05-15,2026-09-30,NGM_EPG0_EVE_NUS-NIN_MMCF,exports by vessel,NIN,India,other_asia,13942,4.11
2019-05-15,2026-09-30,NGM_EPG0_EVE_NUS-NIS_MMCF,exports by vessel,NIS,Israel,middle_east_africa,0,
2019-05-15,2026-09-30,NGM_EPG0_EVE_NUS-NIT_MMCF,exports by vessel,NIT,Italy,europe,6560,4.4
2019-05-15,2026-09-30,NGM_EPG0_EVE_NUS-NJA_MMCF,exports by vessel,NJA,Japan,jkm_markets,7149,7.94
2019-05-15,2026-09-30,NGM_EPG0_EVE_NUS-NJM_MMCF,exports by vessel,NJM,Jamaica,americas,2890,3.07
2019-05-15,2026-09-30,NGM_EPG0_EVE_NUS-NJO_MMCF,exports by vessel,NJO,Jordan,middle_east_africa,7332,3.07
2019-05-15,2026-09-30,NGM_EPG0_EVE_NUS-NKS_MMCF,exports by vessel,NKS,South Korea,jkm_markets,18069,3.12
2019-05-15,2026-09-30,NGM_EPG0_EVE_NUS-NKU_MMCF,exports by vessel,NKU,Kuwait,middle_east_africa,3502,3.94
2019-05-15,2026-09-30,NGM_EPG0_EVE_NUS-NLH_MMCF,exports by vessel,NLH,Lithuania,europe,0,
2019-05-15,2026-09-30,NGM_EPG0_EVE_NUS-NM6_MMCF,exports by vessel,NM6,Malta,europe,0,
2019-05-15,2026-09-30,NGM_EPG0_EVE_NUS-NMR_MMCF,exports by vessel,NMR,Mauritania,middle_east_africa,,
2019-05-15,2026-09-30,NGM_EPG0_EVE_NUS-NMX_MMCF,exports by vessel,NMX,Mexico,americas,20244,3.74
2019-05-15,2026-09-30,NGM_EPG0_EVE_NUS-NMY_MMCF,exports by vessel,NMY,Malaysia,other_asia,,
2019-05-15,2026-09-30,NGM_EPG0_EVE_NUS-NNL_MMCF,exports by vessel,NNL,Netherlands,europe,10734,4.38
2019-05-15,2026-09-30,NGM_EPG0_EVE_NUS-NNU_MMCF,exports by vessel,NNU,Nicaragua,americas,,
2019-05-15,2026-09-30,NGM_EPG0_EVE_NUS-NPK_MMCF,exports by vessel,NPK,Pakistan,other_asia,0,
2019-05-15,2026-09-30,NGM_EPG0_EVE_NUS-NPL_MMCF,exports by vessel,NPL,Poland,europe,0,
2019-05-15,2026-09-30,NGM_EPG0_EVE_NUS-NPM_MMCF,exports by vessel,NPM,Panama,americas,0,
2019-05-15,2026-09-30,NGM_EPG0_EVE_NUS-NPO_MMCF,exports by vessel,NPO,Portugal,europe,0,
2019-05-15,2026-09-30,NGM_EPG0_EVE_NUS-NRP_MMCF,exports by vessel,NRP,Philippines,other_asia,,
2019-05-15,2026-09-30,NGM_EPG0_EVE_NUS-NRS_MMCF,exports by vessel,NRS,Russia,europe,0,
2019-05-15,2026-09-30,NGM_EPG0_EVE_NUS-NSG_MMCF,exports by vessel,NSG,Senegal,middle_east_africa,,
2019-05-15,2026-09-30,NGM_EPG0_EVE_NUS-NSN_MMCF,exports by vessel,NSN,Singapore,other_asia,3397,3.07
2019-05-15,2026-09-30,NGM_EPG0_EVE_NUS-NSP_MMCF,exports by vessel,NSP,Spain,europe,14325,5.19
2019-05-15,2026-09-30,NGM_EPG0_EVE_NUS-NTC_MMCF,exports by vessel,NTC,United Arab Emirates,middle_east_africa,0,
2019-05-15,2026-09-30,NGM_EPG0_EVE_NUS-NTH_MMCF,exports by vessel,NTH,Thailand,other_asia,3401,
2019-05-15,2026-09-30,NGM_EPG0_EVE_NUS-NTU_MMCF,exports by vessel,NTU,Turkiye,europe,0,
2019-05-15,2026-09-30,NGM_EPG0_EVE_NUS-NTW_MMCF,exports by vessel,NTW,Taiwan,jkm_markets,3309,4.37
2019-05-15,2026-09-30,NGM_EPG0_EVE_NUS-NUK_MMCF,exports by vessel,NUK,United Kingdom,europe,,
2019-05-15,2026-09-30,NGM_EPG0_EVE_NUS-Z00_MMCF,exports by vessel,Z00,,,144837,4.38
2019-05-15,2026-09-30,NGM_EPG0_EVT_NUS-Z00_MMCF,exports by vessel and truck,Z00,,,144913,4.39
2019-06-15,2026-09-30,N9133US2,LNG total including re-exports,Z00,,,141956,4.57
2019-06-15,2026-09-30,NGM_EPG0_ERE_NUS-NAT_MMCF,re-exports,NAT,Argentina,americas,0,
2019-06-15,2026-09-30,NGM_EPG0_ERE_NUS-NBR_MMCF,re-exports,NBR,Brazil,americas,0,
2019-06-15,2026-09-30,NGM_EPG0_ERE_NUS-NCH_MMCF,re-exports,NCH,China,jkm_markets,0,
2019-06-15,2026-09-30,NGM_EPG0_ERE_NUS-NCI_MMCF,re-exports,NCI,Chile,americas,,
2019-06-15,2026-09-30,NGM_EPG0_ERE_NUS-NEG_MMCF,re-exports,NEG,Egypt,middle_east_africa,0,
2019-06-15,2026-09-30,NGM_EPG0_ERE_NUS-NIN_MMCF,re-exports,NIN,India,other_asia,0,
2019-06-15,2026-09-30,NGM_EPG0_ERE_NUS-NJA_MMCF,re-exports,NJA,Japan,jkm_markets,0,
2019-06-15,2026-09-30,NGM_EPG0_ERE_NUS-NKS_MMCF,re-exports,NKS,South Korea,jkm_markets,0,
2019-06-15,2026-09-30,NGM_EPG0_ERE_NUS-NMX_MMCF,re-exports,NMX,Mexico,americas,0,
2019-06-15,2026-09-30,NGM_EPG0_ERE_NUS-NPO_MMCF,re-exports,NPO,Portugal,europe,,
2019-06-15,2026-09-30,NGM_EPG0_ERE_NUS-NSP_MMCF,re-exports,NSP,Spain,europe,0,
2019-06-15,2026-09-30,NGM_EPG0_ERE_NUS-NTU_MMCF,re-exports,NTU,Turkiye,europe,0,
2019-06-15,2026-09-30,NGM_EPG0_ERE_NUS-NUK_MMCF,re-exports,NUK,United Kingdom,europe,0,
2019-06-15,2026-09-30,NGM_EPG0_ERE_NUS-Z00_MMCF,re-exports,Z00,,,0,
2019-06-15,2026-09-30,NGM_EPG0_ETR_NUS-NCA_MMCF,exports by truck,NCA,Canada,americas,0,
2019-06-15,2026-09-30,NGM_EPG0_ETR_NUS-NMX_MMCF,exports by truck,NMX,Mexico,americas,92,8.77
2019-06-15,2026-09-30,NGM_EPG0_ETR_NUS-Z00_MMCF,exports by truck,Z00,,,92,8.77
2019-06-15,2026-09-30,NGM_EPG0_EVE_NUS-NAC_MMCF,exports by vessel,NAC,Antigua and Barbuda,americas,,
2019-06-15,2026-09-30,NGM_EPG0_EVE_NUS-NAT_MMCF,exports by vessel,NAT,Argentina,americas,13120,4.99
2019-06-15,2026-09-30,NGM_EPG0_EVE_NUS-NBA_MMCF,exports by vessel,NBA,Bahrain,middle_east_africa,,
2019-06-15,2026-09-30,NGM_EPG0_EVE_NUS-NBB_MMCF,exports by vessel,NBB,Barbados,americas,13,10.39
2019-06-15,2026-09-30,NGM_EPG0_EVE_NUS-NBE_MMCF,exports by vessel,NBE,Belgium,europe,0,
2019-06-15,2026-09-30,NGM_EPG0_EVE_NUS-NBF_MMCF,exports by vessel,NBF,Bahamas,americas,25,10.39
2019-06-15,2026-09-30,NGM_EPG0_EVE_NUS-NBG_MMCF,exports by vessel,NBG,Bangladesh,other_asia,0,
2019-06-15,2026-09-30,NGM_EPG0_EVE_NUS-NBR_MMCF,exports by vessel,NBR,Brazil,americas,9116,4.44
2019-06-15,2026-09-30,NGM_EPG0_EVE_NUS-NCA_MMCF,exports by vessel,NCA,Canada,americas,,
2019-06-15,2026-09-30,NGM_EPG0_EVE_NUS-NCH_MMCF,exports by vessel,NCH,China,jkm_markets,0,
2019-06-15,2026-09-30,NGM_EPG0_EVE_NUS-NCI_MMCF,exports by vessel,NCI,Chile,americas,19012,4.77
2019-06-15,2026-09-30,NGM_EPG0_EVE_NUS-NCO_MMCF,exports by vessel,NCO,Colombia,americas,0,
2019-06-15,2026-09-30,NGM_EPG0_EVE_NUS-NDR_MMCF,exports by vessel,NDR,Dominican Republic,americas,1108,6.27
2019-06-15,2026-09-30,NGM_EPG0_EVE_NUS-NEG_MMCF,exports by vessel,NEG,Egypt,middle_east_africa,0,
2019-06-15,2026-09-30,NGM_EPG0_EVE_NUS-NES_MMCF,exports by vessel,NES,El Salvador,americas,,
2019-06-15,2026-09-30,NGM_EPG0_EVE_NUS-NFI_MMCF,exports by vessel,NFI,Finland,europe,,
2019-06-15,2026-09-30,NGM_EPG0_EVE_NUS-NFR_MMCF,exports by vessel,NFR,France,europe,,
2019-06-15,2026-09-30,NGM_EPG0_EVE_NUS-NGM_MMCF,exports by vessel,NGM,Germany,europe,,
2019-06-15,2026-09-30,NGM_EPG0_EVE_NUS-NGR_MMCF,exports by vessel,NGR,Greece,europe,0,
2019-06-15,2026-09-30,NGM_EPG0_EVE_NUS-NHA_MMCF,exports by vessel,NHA,Haiti,americas,3,10.39
2019-06-15,2026-09-30,NGM_EPG0_EVE_NUS-NHR_MMCF,exports by vessel,NHR,Croatia,europe,,
2019-06-15,2026-09-30,NGM_EPG0_EVE_NUS-NID_MMCF,exports by vessel,NID,Indonesia,other_asia,,
2019-06-15,2026-09-30,NGM_EPG0_EVE_NUS-NIN_MMCF,exports by vessel,NIN,India,other_asia,3215,5.23
2019-06-15,2026-09-30,NGM_EPG0_EVE_NUS-NIS_MMCF,exports by vessel,NIS,Israel,middle_east_africa,0,
2019-06-15,2026-09-30,NGM_EPG0_EVE_NUS-NIT_MMCF,exports by vessel,NIT,Italy,europe,3072,3.15
2019-06-15,2026-09-30,NGM_EPG0_EVE_NUS-NJA_MMCF,exports by vessel,NJA,Japan,jkm_markets,14582,4.3
2019-06-15,2026-09-30,NGM_EPG0_EVE_NUS-NJM_MMCF,exports by vessel,NJM,Jamaica,americas,0,
2019-06-15,2026-09-30,NGM_EPG0_EVE_NUS-NJO_MMCF,exports by vessel,NJO,Jordan,middle_east_africa,7342,3.15
2019-06-15,2026-09-30,NGM_EPG0_EVE_NUS-NKS_MMCF,exports by vessel,NKS,South Korea,jkm_markets,20402,3.54
2019-06-15,2026-09-30,NGM_EPG0_EVE_NUS-NKU_MMCF,exports by vessel,NKU,Kuwait,middle_east_africa,0,
2019-06-15,2026-09-30,NGM_EPG0_EVE_NUS-NLH_MMCF,exports by vessel,NLH,Lithuania,europe,0,
2019-06-15,2026-09-30,NGM_EPG0_EVE_NUS-NM6_MMCF,exports by vessel,NM6,Malta,europe,0,
2019-06-15,2026-09-30,NGM_EPG0_EVE_NUS-NMR_MMCF,exports by vessel,NMR,Mauritania,middle_east_africa,,
2019-06-15,2026-09-30,NGM_EPG0_EVE_NUS-NMX_MMCF,exports by vessel,NMX,Mexico,americas,16955,5.23
2019-06-15,2026-09-30,NGM_EPG0_EVE_NUS-NMY_MMCF,exports by vessel,NMY,Malaysia,other_asia,,
2019-06-15,2026-09-30,NGM_EPG0_EVE_NUS-NNL_MMCF,exports by vessel,NNL,Netherlands,europe,3310,3.15
2019-06-15,2026-09-30,NGM_EPG0_EVE_NUS-NNU_MMCF,exports by vessel,NNU,Nicaragua,americas,,
2019-06-15,2026-09-30,NGM_EPG0_EVE_NUS-NPK_MMCF,exports by vessel,NPK,Pakistan,other_asia,0,
2019-06-15,2026-09-30,NGM_EPG0_EVE_NUS-NPL_MMCF,exports by vessel,NPL,Poland,europe,0,
2019-06-15,2026-09-30,NGM_EPG0_EVE_NUS-NPM_MMCF,exports by vessel,NPM,Panama,americas,3282,8.12
2019-06-15,2026-09-30,NGM_EPG0_EVE_NUS-NPO_MMCF,exports by vessel,NPO,Portugal,europe,6908,4.24
2019-06-15,2026-09-30,NGM_EPG0_EVE_NUS-NRP_MMCF,exports by vessel,NRP,Philippines,other_asia,,
2019-06-15,2026-09-30,NGM_EPG0_EVE_NUS-NRS_MMCF,exports by vessel,NRS,Russia,europe,0,
2019-06-15,2026-09-30,NGM_EPG0_EVE_NUS-NSG_MMCF,exports by vessel,NSG,Senegal,middle_east_africa,,
2019-06-15,2026-09-30,NGM_EPG0_EVE_NUS-NSN_MMCF,exports by vessel,NSN,Singapore,other_asia,3435,7.75
2019-06-15,2026-09-30,NGM_EPG0_EVE_NUS-NSP_MMCF,exports by vessel,NSP,Spain,europe,13506,4.87
2019-06-15,2026-09-30,NGM_EPG0_EVE_NUS-NTC_MMCF,exports by vessel,NTC,United Arab Emirates,middle_east_africa,3459,3.32
2019-06-15,2026-09-30,NGM_EPG0_EVE_NUS-NTH_MMCF,exports by vessel,NTH,Thailand,other_asia,0,
2019-06-15,2026-09-30,NGM_EPG0_EVE_NUS-NTU_MMCF,exports by vessel,NTU,Turkiye,europe,0,
2019-06-15,2026-09-30,NGM_EPG0_EVE_NUS-NTW_MMCF,exports by vessel,NTW,Taiwan,jkm_markets,0,
2019-06-15,2026-09-30,NGM_EPG0_EVE_NUS-NUK_MMCF,exports by vessel,NUK,United Kingdom,europe,,
2019-06-15,2026-09-30,NGM_EPG0_EVE_NUS-Z00_MMCF,exports by vessel,Z00,,,141864,4.56
2019-06-15,2026-09-30,NGM_EPG0_EVT_NUS-Z00_MMCF,exports by vessel and truck,Z00,,,141956,4.57
2019-07-15,2026-09-30,N9133US2,LNG total including re-exports,Z00,,,156865,5.29
2019-07-15,2026-09-30,NGM_EPG0_ERE_NUS-NAT_MMCF,re-exports,NAT,Argentina,americas,0,
2019-07-15,2026-09-30,NGM_EPG0_ERE_NUS-NBR_MMCF,re-exports,NBR,Brazil,americas,0,
2019-07-15,2026-09-30,NGM_EPG0_ERE_NUS-NCH_MMCF,re-exports,NCH,China,jkm_markets,0,
2019-07-15,2026-09-30,NGM_EPG0_ERE_NUS-NCI_MMCF,re-exports,NCI,Chile,americas,,
2019-07-15,2026-09-30,NGM_EPG0_ERE_NUS-NEG_MMCF,re-exports,NEG,Egypt,middle_east_africa,0,
2019-07-15,2026-09-30,NGM_EPG0_ERE_NUS-NIN_MMCF,re-exports,NIN,India,other_asia,0,
2019-07-15,2026-09-30,NGM_EPG0_ERE_NUS-NJA_MMCF,re-exports,NJA,Japan,jkm_markets,0,
2019-07-15,2026-09-30,NGM_EPG0_ERE_NUS-NKS_MMCF,re-exports,NKS,South Korea,jkm_markets,0,
2019-07-15,2026-09-30,NGM_EPG0_ERE_NUS-NMX_MMCF,re-exports,NMX,Mexico,americas,0,
2019-07-15,2026-09-30,NGM_EPG0_ERE_NUS-NPO_MMCF,re-exports,NPO,Portugal,europe,,
2019-07-15,2026-09-30,NGM_EPG0_ERE_NUS-NSP_MMCF,re-exports,NSP,Spain,europe,0,
2019-07-15,2026-09-30,NGM_EPG0_ERE_NUS-NTU_MMCF,re-exports,NTU,Turkiye,europe,0,
2019-07-15,2026-09-30,NGM_EPG0_ERE_NUS-NUK_MMCF,re-exports,NUK,United Kingdom,europe,0,
2019-07-15,2026-09-30,NGM_EPG0_ERE_NUS-Z00_MMCF,re-exports,Z00,,,0,
2019-07-15,2026-09-30,NGM_EPG0_ETR_NUS-NCA_MMCF,exports by truck,NCA,Canada,americas,0,
2019-07-15,2026-09-30,NGM_EPG0_ETR_NUS-NMX_MMCF,exports by truck,NMX,Mexico,americas,101,8.67
2019-07-15,2026-09-30,NGM_EPG0_ETR_NUS-Z00_MMCF,exports by truck,Z00,,,101,8.67
2019-07-15,2026-09-30,NGM_EPG0_EVE_NUS-NAC_MMCF,exports by vessel,NAC,Antigua and Barbuda,americas,,
2019-07-15,2026-09-30,NGM_EPG0_EVE_NUS-NAT_MMCF,exports by vessel,NAT,Argentina,americas,13066,5.24
2019-07-15,2026-09-30,NGM_EPG0_EVE_NUS-NBA_MMCF,exports by vessel,NBA,Bahrain,middle_east_africa,,
2019-07-15,2026-09-30,NGM_EPG0_EVE_NUS-NBB_MMCF,exports by vessel,NBB,Barbados,americas,17,10.39
2019-07-15,2026-09-30,NGM_EPG0_EVE_NUS-NBE_MMCF,exports by vessel,NBE,Belgium,europe,0,
2019-07-15,2026-09-30,NGM_EPG0_EVE_NUS-NBF_MMCF,exports by vessel,NBF,Bahamas,americas,11,10.39
2019-07-15,2026-09-30,NGM_EPG0_EVE_NUS-NBG_MMCF,exports by vessel,NBG,Bangladesh,other_asia,0,
2019-07-15,2026-09-30,NGM_EPG0_EVE_NUS-NBR_MMCF,exports by vessel,NBR,Brazil,americas,6949,4.57
2019-07-15,2026-09-30,NGM_EPG0_EVE_NUS-NCA_MMCF,exports by vessel,NCA,Canada,americas,,
2019-07-15,2026-09-30,NGM_EPG0_EVE_NUS-NCH_MMCF,exports by vessel,NCH,China,jkm_markets,0,
2019-07-15,2026-09-30,NGM_EPG0_EVE_NUS-NCI_MMCF,exports by vessel,NCI,Chile,americas,9382,4.64
2019-07-15,2026-09-30,NGM_EPG0_EVE_NUS-NCO_MMCF,exports by vessel,NCO,Colombia,americas,0,
2019-07-15,2026-09-30,NGM_EPG0_EVE_NUS-NDR_MMCF,exports by vessel,NDR,Dominican Republic,americas,0,
2019-07-15,2026-09-30,NGM_EPG0_EVE_NUS-NEG_MMCF,exports by vessel,NEG,Egypt,middle_east_africa,0,
2019-07-15,2026-09-30,NGM_EPG0_EVE_NUS-NES_MMCF,exports by vessel,NES,El Salvador,americas,,
2019-07-15,2026-09-30,NGM_EPG0_EVE_NUS-NFI_MMCF,exports by vessel,NFI,Finland,europe,,
2019-07-15,2026-09-30,NGM_EPG0_EVE_NUS-NFR_MMCF,exports by vessel,NFR,France,europe,,
2019-07-15,2026-09-30,NGM_EPG0_EVE_NUS-NGM_MMCF,exports by vessel,NGM,Germany,europe,,
2019-07-15,2026-09-30,NGM_EPG0_EVE_NUS-NGR_MMCF,exports by vessel,NGR,Greece,europe,0,
2019-07-15,2026-09-30,NGM_EPG0_EVE_NUS-NHA_MMCF,exports by vessel,NHA,Haiti,americas,2,10.39
2019-07-15,2026-09-30,NGM_EPG0_EVE_NUS-NHR_MMCF,exports by vessel,NHR,Croatia,europe,,
2019-07-15,2026-09-30,NGM_EPG0_EVE_NUS-NID_MMCF,exports by vessel,NID,Indonesia,other_asia,,
2019-07-15,2026-09-30,NGM_EPG0_EVE_NUS-NIN_MMCF,exports by vessel,NIN,India,other_asia,3485,6.09
2019-07-15,2026-09-30,NGM_EPG0_EVE_NUS-NIS_MMCF,exports by vessel,NIS,Israel,middle_east_africa,0,
2019-07-15,2026-09-30,NGM_EPG0_EVE_NUS-NIT_MMCF,exports by vessel,NIT,Italy,europe,9963,5.37
2019-07-15,2026-09-30,NGM_EPG0_EVE_NUS-NJA_MMCF,exports by vessel,NJA,Japan,jkm_markets,21242,6.82
2019-07-15,2026-09-30,NGM_EPG0_EVE_NUS-NJM_MMCF,exports by vessel,NJM,Jamaica,americas,837,5.05
2019-07-15,2026-09-30,NGM_EPG0_EVE_NUS-NJO_MMCF,exports by vessel,NJO,Jordan,middle_east_africa,3449,6.38
2019-07-15,2026-09-30,NGM_EPG0_EVE_NUS-NKS_MMCF,exports by vessel,NKS,South Korea,jkm_markets,32663,4.81
2019-07-15,2026-09-30,NGM_EPG0_EVE_NUS-NKU_MMCF,exports by vessel,NKU,Kuwait,middle_east_africa,3405,5.6
2019-07-15,2026-09-30,NGM_EPG0_EVE_NUS-NLH_MMCF,exports by vessel,NLH,Lithuania,europe,0,
2019-07-15,2026-09-30,NGM_EPG0_EVE_NUS-NM6_MMCF,exports by vessel,NM6,Malta,europe,0,
2019-07-15,2026-09-30,NGM_EPG0_EVE_NUS-NMR_MMCF,exports by vessel,NMR,Mauritania,middle_east_africa,,
2019-07-15,2026-09-30,NGM_EPG0_EVE_NUS-NMX_MMCF,exports by vessel,NMX,Mexico,americas,24209,5.03
2019-07-15,2026-09-30,NGM_EPG0_EVE_NUS-NMY_MMCF,exports by vessel,NMY,Malaysia,other_asia,,
2019-07-15,2026-09-30,NGM_EPG0_EVE_NUS-NNL_MMCF,exports by vessel,NNL,Netherlands,europe,3386,3.2
2019-07-15,2026-09-30,NGM_EPG0_EVE_NUS-NNU_MMCF,exports by vessel,NNU,Nicaragua,americas,,
2019-07-15,2026-09-30,NGM_EPG0_EVE_NUS-NPK_MMCF,exports by vessel,NPK,Pakistan,other_asia,3656,6.39
2019-07-15,2026-09-30,NGM_EPG0_EVE_NUS-NPL_MMCF,exports by vessel,NPL,Poland,europe,3694,3.17
2019-07-15,2026-09-30,NGM_EPG0_EVE_NUS-NPM_MMCF,exports by vessel,NPM,Panama,americas,0,
2019-07-15,2026-09-30,NGM_EPG0_EVE_NUS-NPO_MMCF,exports by vessel,NPO,Portugal,europe,6994,5.75
2019-07-15,2026-09-30,NGM_EPG0_EVE_NUS-NRP_MMCF,exports by vessel,NRP,Philippines,other_asia,,
2019-07-15,2026-09-30,NGM_EPG0_EVE_NUS-NRS_MMCF,exports by vessel,NRS,Russia,europe,0,
2019-07-15,2026-09-30,NGM_EPG0_EVE_NUS-NSG_MMCF,exports by vessel,NSG,Senegal,middle_east_africa,,
2019-07-15,2026-09-30,NGM_EPG0_EVE_NUS-NSN_MMCF,exports by vessel,NSN,Singapore,other_asia,3570,5.6
2019-07-15,2026-09-30,NGM_EPG0_EVE_NUS-NSP_MMCF,exports by vessel,NSP,Spain,europe,3297,4.81
2019-07-15,2026-09-30,NGM_EPG0_EVE_NUS-NTC_MMCF,exports by vessel,NTC,United Arab Emirates,middle_east_africa,3487,5.6
2019-07-15,2026-09-30,NGM_EPG0_EVE_NUS-NTH_MMCF,exports by vessel,NTH,Thailand,other_asia,0,
2019-07-15,2026-09-30,NGM_EPG0_EVE_NUS-NTU_MMCF,exports by vessel,NTU,Turkiye,europe,0,
2019-07-15,2026-09-30,NGM_EPG0_EVE_NUS-NTW_MMCF,exports by vessel,NTW,Taiwan,jkm_markets,0,
2019-07-15,2026-09-30,NGM_EPG0_EVE_NUS-NUK_MMCF,exports by vessel,NUK,United Kingdom,europe,,
2019-07-15,2026-09-30,NGM_EPG0_EVE_NUS-Z00_MMCF,exports by vessel,Z00,,,156764,5.29
2019-07-15,2026-09-30,NGM_EPG0_EVT_NUS-Z00_MMCF,exports by vessel and truck,Z00,,,156865,5.29
2019-08-15,2026-09-30,N9133US2,LNG total including re-exports,Z00,,,138578,5.13
2019-08-15,2026-09-30,NGM_EPG0_ERE_NUS-NAT_MMCF,re-exports,NAT,Argentina,americas,0,
2019-08-15,2026-09-30,NGM_EPG0_ERE_NUS-NBR_MMCF,re-exports,NBR,Brazil,americas,0,
2019-08-15,2026-09-30,NGM_EPG0_ERE_NUS-NCH_MMCF,re-exports,NCH,China,jkm_markets,0,
2019-08-15,2026-09-30,NGM_EPG0_ERE_NUS-NCI_MMCF,re-exports,NCI,Chile,americas,,
2019-08-15,2026-09-30,NGM_EPG0_ERE_NUS-NEG_MMCF,re-exports,NEG,Egypt,middle_east_africa,0,
2019-08-15,2026-09-30,NGM_EPG0_ERE_NUS-NIN_MMCF,re-exports,NIN,India,other_asia,0,
2019-08-15,2026-09-30,NGM_EPG0_ERE_NUS-NJA_MMCF,re-exports,NJA,Japan,jkm_markets,0,
2019-08-15,2026-09-30,NGM_EPG0_ERE_NUS-NKS_MMCF,re-exports,NKS,South Korea,jkm_markets,0,
2019-08-15,2026-09-30,NGM_EPG0_ERE_NUS-NMX_MMCF,re-exports,NMX,Mexico,americas,0,
2019-08-15,2026-09-30,NGM_EPG0_ERE_NUS-NPO_MMCF,re-exports,NPO,Portugal,europe,,
2019-08-15,2026-09-30,NGM_EPG0_ERE_NUS-NSP_MMCF,re-exports,NSP,Spain,europe,0,
2019-08-15,2026-09-30,NGM_EPG0_ERE_NUS-NTU_MMCF,re-exports,NTU,Turkiye,europe,0,
2019-08-15,2026-09-30,NGM_EPG0_ERE_NUS-NUK_MMCF,re-exports,NUK,United Kingdom,europe,0,
2019-08-15,2026-09-30,NGM_EPG0_ERE_NUS-Z00_MMCF,re-exports,Z00,,,0,
2019-08-15,2026-09-30,NGM_EPG0_ETR_NUS-NCA_MMCF,exports by truck,NCA,Canada,americas,0,
2019-08-15,2026-09-30,NGM_EPG0_ETR_NUS-NMX_MMCF,exports by truck,NMX,Mexico,americas,113,8.41
2019-08-15,2026-09-30,NGM_EPG0_ETR_NUS-Z00_MMCF,exports by truck,Z00,,,113,8.41
2019-08-15,2026-09-30,NGM_EPG0_EVE_NUS-NAC_MMCF,exports by vessel,NAC,Antigua and Barbuda,americas,,
2019-08-15,2026-09-30,NGM_EPG0_EVE_NUS-NAT_MMCF,exports by vessel,NAT,Argentina,americas,0,
2019-08-15,2026-09-30,NGM_EPG0_EVE_NUS-NBA_MMCF,exports by vessel,NBA,Bahrain,middle_east_africa,,
2019-08-15,2026-09-30,NGM_EPG0_EVE_NUS-NBB_MMCF,exports by vessel,NBB,Barbados,americas,17,10.39
2019-08-15,2026-09-30,NGM_EPG0_EVE_NUS-NBE_MMCF,exports by vessel,NBE,Belgium,europe,0,
2019-08-15,2026-09-30,NGM_EPG0_EVE_NUS-NBF_MMCF,exports by vessel,NBF,Bahamas,americas,20,10.39
2019-08-15,2026-09-30,NGM_EPG0_EVE_NUS-NBG_MMCF,exports by vessel,NBG,Bangladesh,other_asia,0,
2019-08-15,2026-09-30,NGM_EPG0_EVE_NUS-NBR_MMCF,exports by vessel,NBR,Brazil,americas,12868,4.83
2019-08-15,2026-09-30,NGM_EPG0_EVE_NUS-NCA_MMCF,exports by vessel,NCA,Canada,americas,,
2019-08-15,2026-09-30,NGM_EPG0_EVE_NUS-NCH_MMCF,exports by vessel,NCH,China,jkm_markets,0,
2019-08-15,2026-09-30,NGM_EPG0_EVE_NUS-NCI_MMCF,exports by vessel,NCI,Chile,americas,6297,5.8
2019-08-15,2026-09-30,NGM_EPG0_EVE_NUS-NCO_MMCF,exports by vessel,NCO,Colombia,americas,649,5.67
2019-08-15,2026-09-30,NGM_EPG0_EVE_NUS-NDR_MMCF,exports by vessel,NDR,Dominican Republic,americas,0,
2019-08-15,2026-09-30,NGM_EPG0_EVE_NUS-NEG_MMCF,exports by vessel,NEG,Egypt,middle_east_africa,0,
2019-08-15,2026-09-30,NGM_EPG0_EVE_NUS-NES_MMCF,exports by vessel,NES,El Salvador,americas,,
2019-08-15,2026-09-30,NGM_EPG0_EVE_NUS-NFI_MMCF,exports by vessel,NFI,Finland,europe,,
2019-08-15,2026-09-30,NGM_EPG0_EVE_NUS-NFR_MMCF,exports by vessel,NFR,France,europe,3249,5.67
2019-08-15,2026-09-30,NGM_EPG0_EVE_NUS-NGM_MMCF,exports by vessel,NGM,Germany,europe,,
2019-08-15,2026-09-30,NGM_EPG0_EVE_NUS-NGR_MMCF,exports by vessel,NGR,Greece,europe,0,
2019-08-15,2026-09-30,NGM_EPG0_EVE_NUS-NHA_MMCF,exports by vessel,NHA,Haiti,americas,3,10.39
2019-08-15,2026-09-30,NGM_EPG0_EVE_NUS-NHR_MMCF,exports by vessel,NHR,Croatia,europe,,
2019-08-15,2026-09-30,NGM_EPG0_EVE_NUS-NID_MMCF,exports by vessel,NID,Indonesia,other_asia,,
2019-08-15,2026-09-30,NGM_EPG0_EVE_NUS-NIN_MMCF,exports by vessel,NIN,India,other_asia,7294,3.98
2019-08-15,2026-09-30,NGM_EPG0_EVE_NUS-NIS_MMCF,exports by vessel,NIS,Israel,middle_east_africa,0,
2019-08-15,2026-09-30,NGM_EPG0_EVE_NUS-NIT_MMCF,exports by vessel,NIT,Italy,europe,6082,4.31
2019-08-15,2026-09-30,NGM_EPG0_EVE_NUS-NJA_MMCF,exports by vessel,NJA,Japan,jkm_markets,17506,6.88
2019-08-15,2026-09-30,NGM_EPG0_EVE_NUS-NJM_MMCF,exports by vessel,NJM,Jamaica,americas,2946,5.15
2019-08-15,2026-09-30,NGM_EPG0_EVE_NUS-NJO_MMCF,exports by vessel,NJO,Jordan,middle_east_africa,3277,5.24
2019-08-15,2026-09-30,NGM_EPG0_EVE_NUS-NKS_MMCF,exports by vessel,NKS,South Korea,jkm_markets,16995,5.45
2019-08-15,2026-09-30,NGM_EPG0_EVE_NUS-NKU_MMCF,exports by vessel,NKU,Kuwait,middle_east_africa,3401,5.24
2019-08-15,2026-09-30,NGM_EPG0_EVE_NUS-NLH_MMCF,exports by vessel,NLH,Lithuania,europe,0,
2019-08-15,2026-09-30,NGM_EPG0_EVE_NUS-NM6_MMCF,exports by vessel,NM6,Malta,europe,0,
2019-08-15,2026-09-30,NGM_EPG0_EVE_NUS-NMR_MMCF,exports by vessel,NMR,Mauritania,middle_east_africa,,
2019-08-15,2026-09-30,NGM_EPG0_EVE_NUS-NMX_MMCF,exports by vessel,NMX,Mexico,americas,13681,3.65
2019-08-15,2026-09-30,NGM_EPG0_EVE_NUS-NMY_MMCF,exports by vessel,NMY,Malaysia,other_asia,,
2019-08-15,2026-09-30,NGM_EPG0_EVE_NUS-NNL_MMCF,exports by vessel,NNL,Netherlands,europe,6688,3.86
2019-08-15,2026-09-30,NGM_EPG0_EVE_NUS-NNU_MMCF,exports by vessel,NNU,Nicaragua,americas,,
2019-08-15,2026-09-30,NGM_EPG0_EVE_NUS-NPK_MMCF,exports by vessel,NPK,Pakistan,other_asia,0,
2019-08-15,2026-09-30,NGM_EPG0_EVE_NUS-NPL_MMCF,exports by vessel,NPL,Poland,europe,3537,5.15
2019-08-15,2026-09-30,NGM_EPG0_EVE_NUS-NPM_MMCF,exports by vessel,NPM,Panama,americas,0,
2019-08-15,2026-09-30,NGM_EPG0_EVE_NUS-NPO_MMCF,exports by vessel,NPO,Portugal,europe,6051,4.98
2019-08-15,2026-09-30,NGM_EPG0_EVE_NUS-NRP_MMCF,exports by vessel,NRP,Philippines,other_asia,,
2019-08-15,2026-09-30,NGM_EPG0_EVE_NUS-NRS_MMCF,exports by vessel,NRS,Russia,europe,0,
2019-08-15,2026-09-30,NGM_EPG0_EVE_NUS-NSG_MMCF,exports by vessel,NSG,Senegal,middle_east_africa,,
2019-08-15,2026-09-30,NGM_EPG0_EVE_NUS-NSN_MMCF,exports by vessel,NSN,Singapore,other_asia,0,
2019-08-15,2026-09-30,NGM_EPG0_EVE_NUS-NSP_MMCF,exports by vessel,NSP,Spain,europe,15861,4.89
2019-08-15,2026-09-30,NGM_EPG0_EVE_NUS-NTC_MMCF,exports by vessel,NTC,United Arab Emirates,middle_east_africa,3502,5.24
2019-08-15,2026-09-30,NGM_EPG0_EVE_NUS-NTH_MMCF,exports by vessel,NTH,Thailand,other_asia,0,
2019-08-15,2026-09-30,NGM_EPG0_EVE_NUS-NTU_MMCF,exports by vessel,NTU,Turkiye,europe,0,
2019-08-15,2026-09-30,NGM_EPG0_EVE_NUS-NTW_MMCF,exports by vessel,NTW,Taiwan,jkm_markets,7207,5.9
2019-08-15,2026-09-30,NGM_EPG0_EVE_NUS-NUK_MMCF,exports by vessel,NUK,United Kingdom,europe,1335,6.2
2019-08-15,2026-09-30,NGM_EPG0_EVE_NUS-Z00_MMCF,exports by vessel,Z00,,,138465,5.13
2019-08-15,2026-09-30,NGM_EPG0_EVT_NUS-Z00_MMCF,exports by vessel and truck,Z00,,,138578,5.13
2019-09-15,2026-09-30,N9133US2,LNG total including re-exports,Z00,,,160274,5.28
2019-09-15,2026-09-30,NGM_EPG0_ERE_NUS-NAT_MMCF,re-exports,NAT,Argentina,americas,0,
2019-09-15,2026-09-30,NGM_EPG0_ERE_NUS-NBR_MMCF,re-exports,NBR,Brazil,americas,0,
2019-09-15,2026-09-30,NGM_EPG0_ERE_NUS-NCH_MMCF,re-exports,NCH,China,jkm_markets,0,
2019-09-15,2026-09-30,NGM_EPG0_ERE_NUS-NCI_MMCF,re-exports,NCI,Chile,americas,,
2019-09-15,2026-09-30,NGM_EPG0_ERE_NUS-NEG_MMCF,re-exports,NEG,Egypt,middle_east_africa,0,
2019-09-15,2026-09-30,NGM_EPG0_ERE_NUS-NIN_MMCF,re-exports,NIN,India,other_asia,0,
2019-09-15,2026-09-30,NGM_EPG0_ERE_NUS-NJA_MMCF,re-exports,NJA,Japan,jkm_markets,0,
2019-09-15,2026-09-30,NGM_EPG0_ERE_NUS-NKS_MMCF,re-exports,NKS,South Korea,jkm_markets,0,
2019-09-15,2026-09-30,NGM_EPG0_ERE_NUS-NMX_MMCF,re-exports,NMX,Mexico,americas,0,
2019-09-15,2026-09-30,NGM_EPG0_ERE_NUS-NPO_MMCF,re-exports,NPO,Portugal,europe,,
2019-09-15,2026-09-30,NGM_EPG0_ERE_NUS-NSP_MMCF,re-exports,NSP,Spain,europe,0,
2019-09-15,2026-09-30,NGM_EPG0_ERE_NUS-NTU_MMCF,re-exports,NTU,Turkiye,europe,0,
2019-09-15,2026-09-30,NGM_EPG0_ERE_NUS-NUK_MMCF,re-exports,NUK,United Kingdom,europe,0,
2019-09-15,2026-09-30,NGM_EPG0_ERE_NUS-Z00_MMCF,re-exports,Z00,,,0,
2019-09-15,2026-09-30,NGM_EPG0_ETR_NUS-NCA_MMCF,exports by truck,NCA,Canada,americas,9,8.21
2019-09-15,2026-09-30,NGM_EPG0_ETR_NUS-NMX_MMCF,exports by truck,NMX,Mexico,americas,95,8.53
2019-09-15,2026-09-30,NGM_EPG0_ETR_NUS-Z00_MMCF,exports by truck,Z00,,,105,8.5
2019-09-15,2026-09-30,NGM_EPG0_EVE_NUS-NAC_MMCF,exports by vessel,NAC,Antigua and Barbuda,americas,,
2019-09-15,2026-09-30,NGM_EPG0_EVE_NUS-NAT_MMCF,exports by vessel,NAT,Argentina,americas,0,
2019-09-15,2026-09-30,NGM_EPG0_EVE_NUS-NBA_MMCF,exports by vessel,NBA,Bahrain,middle_east_africa,,
2019-09-15,2026-09-30,NGM_EPG0_EVE_NUS-NBB_MMCF,exports by vessel,NBB,Barbados,americas,17,10.39
2019-09-15,2026-09-30,NGM_EPG0_EVE_NUS-NBE_MMCF,exports by vessel,NBE,Belgium,europe,3404,5.93
2019-09-15,2026-09-30,NGM_EPG0_EVE_NUS-NBF_MMCF,exports by vessel,NBF,Bahamas,americas,2,10.39
2019-09-15,2026-09-30,NGM_EPG0_EVE_NUS-NBG_MMCF,exports by vessel,NBG,Bangladesh,other_asia,0,
2019-09-15,2026-09-30,NGM_EPG0_EVE_NUS-NBR_MMCF,exports by vessel,NBR,Brazil,americas,6117,5.82
2019-09-15,2026-09-30,NGM_EPG0_EVE_NUS-NCA_MMCF,exports by vessel,NCA,Canada,americas,,
2019-09-15,2026-09-30,NGM_EPG0_EVE_NUS-NCH_MMCF,exports by vessel,NCH,China,jkm_markets,0,
2019-09-15,2026-09-30,NGM_EPG0_EVE_NUS-NCI_MMCF,exports by vessel,NCI,Chile,americas,9811,5.52
2019-09-15,2026-09-30,NGM_EPG0_EVE_NUS-NCO_MMCF,exports by vessel,NCO,Colombia,americas,0,
2019-09-15,2026-09-30,NGM_EPG0_EVE_NUS-NDR_MMCF,exports by vessel,NDR,Dominican Republic,americas,2857,3.53
2019-09-15,2026-09-30,NGM_EPG0_EVE_NUS-NEG_MMCF,exports by vessel,NEG,Egypt,middle_east_africa,0,
2019-09-15,2026-09-30,NGM_EPG0_EVE_NUS-NES_MMCF,exports by vessel,NES,El Salvador,americas,,
2019-09-15,2026-09-30,NGM_EPG0_EVE_NUS-NFI_MMCF,exports by vessel,NFI,Finland,europe,,
2019-09-15,2026-09-30,NGM_EPG0_EVE_NUS-NFR_MMCF,exports by vessel,NFR,France,europe,6740,5.82
2019-09-15,2026-09-30,NGM_EPG0_EVE_NUS-NGM_MMCF,exports by vessel,NGM,Germany,europe,,
2019-09-15,2026-09-30,NGM_EPG0_EVE_NUS-NGR_MMCF,exports by vessel,NGR,Greece,europe,0,
2019-09-15,2026-09-30,NGM_EPG0_EVE_NUS-NHA_MMCF,exports by vessel,NHA,Haiti,americas,9,10.39
2019-09-15,2026-09-30,NGM_EPG0_EVE_NUS-NHR_MMCF,exports by vessel,NHR,Croatia,europe,,
2019-09-15,2026-09-30,NGM_EPG0_EVE_NUS-NID_MMCF,exports by vessel,NID,Indonesia,other_asia,,
2019-09-15,2026-09-30,NGM_EPG0_EVE_NUS-NIN_MMCF,exports by vessel,NIN,India,other_asia,14355,5.15
2019-09-15,2026-09-30,NGM_EPG0_EVE_NUS-NIS_MMCF,exports by vessel,NIS,Israel,middle_east_africa,0,
2019-09-15,2026-09-30,NGM_EPG0_EVE_NUS-NIT_MMCF,exports by vessel,NIT,Italy,europe,3230,5.81
2019-09-15,2026-09-30,NGM_EPG0_EVE_NUS-NJA_MMCF,exports by vessel,NJA,Japan,jkm_markets,28084,5.58
2019-09-15,2026-09-30,NGM_EPG0_EVE_NUS-NJM_MMCF,exports by vessel,NJM,Jamaica,americas,0,
2019-09-15,2026-09-30,NGM_EPG0_EVE_NUS-NJO_MMCF,exports by vessel,NJO,Jordan,middle_east_africa,3616,5.37
2019-09-15,2026-09-30,NGM_EPG0_EVE_NUS-NKS_MMCF,exports by vessel,NKS,South Korea,jkm_markets,10818,5.02
2019-09-15,2026-09-30,NGM_EPG0_EVE_NUS-NKU_MMCF,exports by vessel,NKU,Kuwait,middle_east_africa,0,
2019-09-15,2026-09-30,NGM_EPG0_EVE_NUS-NLH_MMCF,exports by vessel,NLH,Lithuania,europe,0,
2019-09-15,2026-09-30,NGM_EPG0_EVE_NUS-NM6_MMCF,exports by vessel,NM6,Malta,europe,0,
2019-09-15,2026-09-30,NGM_EPG0_EVE_NUS-NMR_MMCF,exports by vessel,NMR,Mauritania,middle_east_africa,,
2019-09-15,2026-09-30,NGM_EPG0_EVE_NUS-NMX_MMCF,exports by vessel,NMX,Mexico,americas,10442,3.85
2019-09-15,2026-09-30,NGM_EPG0_EVE_NUS-NMY_MMCF,exports by vessel,NMY,Malaysia,other_asia,,
2019-09-15,2026-09-30,NGM_EPG0_EVE_NUS-NNL_MMCF,exports by vessel,NNL,Netherlands,europe,3431,3.21
2019-09-15,2026-09-30,NGM_EPG0_EVE_NUS-NNU_MMCF,exports by vessel,NNU,Nicaragua,americas,,
2019-09-15,2026-09-30,NGM_EPG0_EVE_NUS-NPK_MMCF,exports by vessel,NPK,Pakistan,other_asia,6512,5.61
2019-09-15,2026-09-30,NGM_EPG0_EVE_NUS-NPL_MMCF,exports by vessel,NPL,Poland,europe,0,
2019-09-15,2026-09-30,NGM_EPG0_EVE_NUS-NPM_MMCF,exports by vessel,NPM,Panama,americas,0,
2019-09-15,2026-09-30,NGM_EPG0_EVE_NUS-NPO_MMCF,exports by vessel,NPO,Portugal,europe,2924,5.28
2019-09-15,2026-09-30,NGM_EPG0_EVE_NUS-NRP_MMCF,exports by vessel,NRP,Philippines,other_asia,,
2019-09-15,2026-09-30,NGM_EPG0_EVE_NUS-NRS_MMCF,exports by vessel,NRS,Russia,europe,0,
2019-09-15,2026-09-30,NGM_EPG0_EVE_NUS-NSG_MMCF,exports by vessel,NSG,Senegal,middle_east_africa,,
2019-09-15,2026-09-30,NGM_EPG0_EVE_NUS-NSN_MMCF,exports by vessel,NSN,Singapore,other_asia,0,
2019-09-15,2026-09-30,NGM_EPG0_EVE_NUS-NSP_MMCF,exports by vessel,NSP,Spain,europe,37938,5.64
2019-09-15,2026-09-30,NGM_EPG0_EVE_NUS-NTC_MMCF,exports by vessel,NTC,United Arab Emirates,middle_east_africa,3325,3.22
2019-09-15,2026-09-30,NGM_EPG0_EVE_NUS-NTH_MMCF,exports by vessel,NTH,Thailand,other_asia,3234,
2019-09-15,2026-09-30,NGM_EPG0_EVE_NUS-NTU_MMCF,exports by vessel,NTU,Turkiye,europe,0,
2019-09-15,2026-09-30,NGM_EPG0_EVE_NUS-NTW_MMCF,exports by vessel,NTW,Taiwan,jkm_markets,0,
2019-09-15,2026-09-30,NGM_EPG0_EVE_NUS-NUK_MMCF,exports by vessel,NUK,United Kingdom,europe,3303,4.77
2019-09-15,2026-09-30,NGM_EPG0_EVE_NUS-Z00_MMCF,exports by vessel,Z00,,,160169,5.28
2019-09-15,2026-09-30,NGM_EPG0_EVT_NUS-Z00_MMCF,exports by vessel and truck,Z00,,,160274,5.28
2019-10-15,2026-09-30,N9133US2,LNG total including re-exports,Z00,,,177966,5.31
2019-10-15,2026-09-30,NGM_EPG0_ERE_NUS-NAT_MMCF,re-exports,NAT,Argentina,americas,0,
2019-10-15,2026-09-30,NGM_EPG0_ERE_NUS-NBR_MMCF,re-exports,NBR,Brazil,americas,0,
2019-10-15,2026-09-30,NGM_EPG0_ERE_NUS-NCH_MMCF,re-exports,NCH,China,jkm_markets,0,
2019-10-15,2026-09-30,NGM_EPG0_ERE_NUS-NCI_MMCF,re-exports,NCI,Chile,americas,,
2019-10-15,2026-09-30,NGM_EPG0_ERE_NUS-NEG_MMCF,re-exports,NEG,Egypt,middle_east_africa,0,
2019-10-15,2026-09-30,NGM_EPG0_ERE_NUS-NIN_MMCF,re-exports,NIN,India,other_asia,0,
2019-10-15,2026-09-30,NGM_EPG0_ERE_NUS-NJA_MMCF,re-exports,NJA,Japan,jkm_markets,0,
2019-10-15,2026-09-30,NGM_EPG0_ERE_NUS-NKS_MMCF,re-exports,NKS,South Korea,jkm_markets,0,
2019-10-15,2026-09-30,NGM_EPG0_ERE_NUS-NMX_MMCF,re-exports,NMX,Mexico,americas,0,
2019-10-15,2026-09-30,NGM_EPG0_ERE_NUS-NPO_MMCF,re-exports,NPO,Portugal,europe,,
2019-10-15,2026-09-30,NGM_EPG0_ERE_NUS-NSP_MMCF,re-exports,NSP,Spain,europe,0,
2019-10-15,2026-09-30,NGM_EPG0_ERE_NUS-NTU_MMCF,re-exports,NTU,Turkiye,europe,0,
2019-10-15,2026-09-30,NGM_EPG0_ERE_NUS-NUK_MMCF,re-exports,NUK,United Kingdom,europe,0,
2019-10-15,2026-09-30,NGM_EPG0_ERE_NUS-Z00_MMCF,re-exports,Z00,,,0,
2019-10-15,2026-09-30,NGM_EPG0_ETR_NUS-NCA_MMCF,exports by truck,NCA,Canada,americas,14,10.29
2019-10-15,2026-09-30,NGM_EPG0_ETR_NUS-NMX_MMCF,exports by truck,NMX,Mexico,americas,139,9.41
2019-10-15,2026-09-30,NGM_EPG0_ETR_NUS-Z00_MMCF,exports by truck,Z00,,,153,9.49
2019-10-15,2026-09-30,NGM_EPG0_EVE_NUS-NAC_MMCF,exports by vessel,NAC,Antigua and Barbuda,americas,,
2019-10-15,2026-09-30,NGM_EPG0_EVE_NUS-NAT_MMCF,exports by vessel,NAT,Argentina,americas,0,
2019-10-15,2026-09-30,NGM_EPG0_EVE_NUS-NBA_MMCF,exports by vessel,NBA,Bahrain,middle_east_africa,,
2019-10-15,2026-09-30,NGM_EPG0_EVE_NUS-NBB_MMCF,exports by vessel,NBB,Barbados,americas,25,10.39
2019-10-15,2026-09-30,NGM_EPG0_EVE_NUS-NBE_MMCF,exports by vessel,NBE,Belgium,europe,3402,3.47
2019-10-15,2026-09-30,NGM_EPG0_EVE_NUS-NBF_MMCF,exports by vessel,NBF,Bahamas,americas,8,10.39
2019-10-15,2026-09-30,NGM_EPG0_EVE_NUS-NBG_MMCF,exports by vessel,NBG,Bangladesh,other_asia,0,
2019-10-15,2026-09-30,NGM_EPG0_EVE_NUS-NBR_MMCF,exports by vessel,NBR,Brazil,americas,3345,6.02
2019-10-15,2026-09-30,NGM_EPG0_EVE_NUS-NCA_MMCF,exports by vessel,NCA,Canada,americas,,
2019-10-15,2026-09-30,NGM_EPG0_EVE_NUS-NCH_MMCF,exports by vessel,NCH,China,jkm_markets,0,
2019-10-15,2026-09-30,NGM_EPG0_EVE_NUS-NCI_MMCF,exports by vessel,NCI,Chile,americas,6608,4.65
2019-10-15,2026-09-30,NGM_EPG0_EVE_NUS-NCO_MMCF,exports by vessel,NCO,Colombia,americas,0,
2019-10-15,2026-09-30,NGM_EPG0_EVE_NUS-NDR_MMCF,exports by vessel,NDR,Dominican Republic,americas,2927,5.51
2019-10-15,2026-09-30,NGM_EPG0_EVE_NUS-NEG_MMCF,exports by vessel,NEG,Egypt,middle_east_africa,0,
2019-10-15,2026-09-30,NGM_EPG0_EVE_NUS-NES_MMCF,exports by vessel,NES,El Salvador,americas,,
2019-10-15,2026-09-30,NGM_EPG0_EVE_NUS-NFI_MMCF,exports by vessel,NFI,Finland,europe,,
2019-10-15,2026-09-30,NGM_EPG0_EVE_NUS-NFR_MMCF,exports by vessel,NFR,France,europe,14228,5.67
2019-10-15,2026-09-30,NGM_EPG0_EVE_NUS-NGM_MMCF,exports by vessel,NGM,Germany,europe,,
2019-10-15,2026-09-30,NGM_EPG0_EVE_NUS-NGR_MMCF,exports by vessel,NGR,Greece,europe,0,
2019-10-15,2026-09-30,NGM_EPG0_EVE_NUS-NHA_MMCF,exports by vessel,NHA,Haiti,americas,4,10.39
2019-10-15,2026-09-30,NGM_EPG0_EVE_NUS-NHR_MMCF,exports by vessel,NHR,Croatia,europe,,
2019-10-15,2026-09-30,NGM_EPG0_EVE_NUS-NID_MMCF,exports by vessel,NID,Indonesia,other_asia,,
2019-10-15,2026-09-30,NGM_EPG0_EVE_NUS-NIN_MMCF,exports by vessel,NIN,India,other_asia,6961,4.65
2019-10-15,2026-09-30,NGM_EPG0_EVE_NUS-NIS_MMCF,exports by vessel,NIS,Israel,middle_east_africa,0,
2019-10-15,2026-09-30,NGM_EPG0_EVE_NUS-NIT_MMCF,exports by vessel,NIT,Italy,europe,0,
2019-10-15,2026-09-30,NGM_EPG0_EVE_NUS-NJA_MMCF,exports by vessel,NJA,Japan,jkm_markets,24504,6.27
2019-10-15,2026-09-30,NGM_EPG0_EVE_NUS-NJM_MMCF,exports by vessel,NJM,Jamaica,americas,0,
2019-10-15,2026-09-30,NGM_EPG0_EVE_NUS-NJO_MMCF,exports by vessel,NJO,Jordan,middle_east_africa,0,
2019-10-15,2026-09-30,NGM_EPG0_EVE_NUS-NKS_MMCF,exports by vessel,NKS,South Korea,jkm_markets,42233,4.98
2019-10-15,2026-09-30,NGM_EPG0_EVE_NUS-NKU_MMCF,exports by vessel,NKU,Kuwait,middle_east_africa,0,
2019-10-15,2026-09-30,NGM_EPG0_EVE_NUS-NLH_MMCF,exports by vessel,NLH,Lithuania,europe,0,
2019-10-15,2026-09-30,NGM_EPG0_EVE_NUS-NM6_MMCF,exports by vessel,NM6,Malta,europe,0,
2019-10-15,2026-09-30,NGM_EPG0_EVE_NUS-NMR_MMCF,exports by vessel,NMR,Mauritania,middle_east_africa,,
2019-10-15,2026-09-30,NGM_EPG0_EVE_NUS-NMX_MMCF,exports by vessel,NMX,Mexico,americas,6437,6.18
2019-10-15,2026-09-30,NGM_EPG0_EVE_NUS-NMY_MMCF,exports by vessel,NMY,Malaysia,other_asia,,
2019-10-15,2026-09-30,NGM_EPG0_EVE_NUS-NNL_MMCF,exports by vessel,NNL,Netherlands,europe,3456,6.55
2019-10-15,2026-09-30,NGM_EPG0_EVE_NUS-NNU_MMCF,exports by vessel,NNU,Nicaragua,americas,,
2019-10-15,2026-09-30,NGM_EPG0_EVE_NUS-NPK_MMCF,exports by vessel,NPK,Pakistan,other_asia,3472,5.58
2019-10-15,2026-09-30,NGM_EPG0_EVE_NUS-NPL_MMCF,exports by vessel,NPL,Poland,europe,3489,6.03
2019-10-15,2026-09-30,NGM_EPG0_EVE_NUS-NPM_MMCF,exports by vessel,NPM,Panama,americas,0,
2019-10-15,2026-09-30,NGM_EPG0_EVE_NUS-NPO_MMCF,exports by vessel,NPO,Portugal,europe,6621,5.54
2019-10-15,2026-09-30,NGM_EPG0_EVE_NUS-NRP_MMCF,exports by vessel,NRP,Philippines,other_asia,,
2019-10-15,2026-09-30,NGM_EPG0_EVE_NUS-NRS_MMCF,exports by vessel,NRS,Russia,europe,0,
2019-10-15,2026-09-30,NGM_EPG0_EVE_NUS-NSG_MMCF,exports by vessel,NSG,Senegal,middle_east_africa,,
2019-10-15,2026-09-30,NGM_EPG0_EVE_NUS-NSN_MMCF,exports by vessel,NSN,Singapore,other_asia,3463,5.58
2019-10-15,2026-09-30,NGM_EPG0_EVE_NUS-NSP_MMCF,exports by vessel,NSP,Spain,europe,13704,4.86
2019-10-15,2026-09-30,NGM_EPG0_EVE_NUS-NTC_MMCF,exports by vessel,NTC,United Arab Emirates,middle_east_africa,0,
2019-10-15,2026-09-30,NGM_EPG0_EVE_NUS-NTH_MMCF,exports by vessel,NTH,Thailand,other_asia,0,
2019-10-15,2026-09-30,NGM_EPG0_EVE_NUS-NTU_MMCF,exports by vessel,NTU,Turkiye,europe,3528,3.57
2019-10-15,2026-09-30,NGM_EPG0_EVE_NUS-NTW_MMCF,exports by vessel,NTW,Taiwan,jkm_markets,3138,3.94
2019-10-15,2026-09-30,NGM_EPG0_EVE_NUS-NUK_MMCF,exports by vessel,NUK,United Kingdom,europe,26260,5.23
2019-10-15,2026-09-30,NGM_EPG0_EVE_NUS-Z00_MMCF,exports by vessel,Z00,,,177813,5.31
2019-10-15,2026-09-30,NGM_EPG0_EVT_NUS-Z00_MMCF,exports by vessel and truck,Z00,,,177966,5.31
2019-11-15,2026-09-30,N9133US2,LNG total including re-exports,Z00,,,190610,5.84
2019-11-15,2026-09-30,NGM_EPG0_ERE_NUS-NAT_MMCF,re-exports,NAT,Argentina,americas,0,
2019-11-15,2026-09-30,NGM_EPG0_ERE_NUS-NBR_MMCF,re-exports,NBR,Brazil,americas,0,
2019-11-15,2026-09-30,NGM_EPG0_ERE_NUS-NCH_MMCF,re-exports,NCH,China,jkm_markets,0,
2019-11-15,2026-09-30,NGM_EPG0_ERE_NUS-NCI_MMCF,re-exports,NCI,Chile,americas,,
2019-11-15,2026-09-30,NGM_EPG0_ERE_NUS-NEG_MMCF,re-exports,NEG,Egypt,middle_east_africa,0,
2019-11-15,2026-09-30,NGM_EPG0_ERE_NUS-NIN_MMCF,re-exports,NIN,India,other_asia,0,
2019-11-15,2026-09-30,NGM_EPG0_ERE_NUS-NJA_MMCF,re-exports,NJA,Japan,jkm_markets,0,
2019-11-15,2026-09-30,NGM_EPG0_ERE_NUS-NKS_MMCF,re-exports,NKS,South Korea,jkm_markets,0,
2019-11-15,2026-09-30,NGM_EPG0_ERE_NUS-NMX_MMCF,re-exports,NMX,Mexico,americas,0,
2019-11-15,2026-09-30,NGM_EPG0_ERE_NUS-NPO_MMCF,re-exports,NPO,Portugal,europe,,
2019-11-15,2026-09-30,NGM_EPG0_ERE_NUS-NSP_MMCF,re-exports,NSP,Spain,europe,0,
2019-11-15,2026-09-30,NGM_EPG0_ERE_NUS-NTU_MMCF,re-exports,NTU,Turkiye,europe,0,
2019-11-15,2026-09-30,NGM_EPG0_ERE_NUS-NUK_MMCF,re-exports,NUK,United Kingdom,europe,0,
2019-11-15,2026-09-30,NGM_EPG0_ERE_NUS-Z00_MMCF,re-exports,Z00,,,0,
2019-11-15,2026-09-30,NGM_EPG0_ETR_NUS-NCA_MMCF,exports by truck,NCA,Canada,americas,1,6.84
2019-11-15,2026-09-30,NGM_EPG0_ETR_NUS-NMX_MMCF,exports by truck,NMX,Mexico,americas,86,10.07
2019-11-15,2026-09-30,NGM_EPG0_ETR_NUS-Z00_MMCF,exports by truck,Z00,,,87,10.04
2019-11-15,2026-09-30,NGM_EPG0_EVE_NUS-NAC_MMCF,exports by vessel,NAC,Antigua and Barbuda,americas,,
2019-11-15,2026-09-30,NGM_EPG0_EVE_NUS-NAT_MMCF,exports by vessel,NAT,Argentina,americas,0,
2019-11-15,2026-09-30,NGM_EPG0_EVE_NUS-NBA_MMCF,exports by vessel,NBA,Bahrain,middle_east_africa,,
2019-11-15,2026-09-30,NGM_EPG0_EVE_NUS-NBB_MMCF,exports by vessel,NBB,Barbados,americas,20,10.39
2019-11-15,2026-09-30,NGM_EPG0_EVE_NUS-NBE_MMCF,exports by vessel,NBE,Belgium,europe,3293,6.22
2019-11-15,2026-09-30,NGM_EPG0_EVE_NUS-NBF_MMCF,exports by vessel,NBF,Bahamas,americas,14,10.39
2019-11-15,2026-09-30,NGM_EPG0_EVE_NUS-NBG_MMCF,exports by vessel,NBG,Bangladesh,other_asia,0,
2019-11-15,2026-09-30,NGM_EPG0_EVE_NUS-NBR_MMCF,exports by vessel,NBR,Brazil,americas,3279,6.75
2019-11-15,2026-09-30,NGM_EPG0_EVE_NUS-NCA_MMCF,exports by vessel,NCA,Canada,americas,,
2019-11-15,2026-09-30,NGM_EPG0_EVE_NUS-NCH_MMCF,exports by vessel,NCH,China,jkm_markets,0,
2019-11-15,2026-09-30,NGM_EPG0_EVE_NUS-NCI_MMCF,exports by vessel,NCI,Chile,americas,3484,5.8
2019-11-15,2026-09-30,NGM_EPG0_EVE_NUS-NCO_MMCF,exports by vessel,NCO,Colombia,americas,0,
2019-11-15,2026-09-30,NGM_EPG0_EVE_NUS-NDR_MMCF,exports by vessel,NDR,Dominican Republic,americas,0,
2019-11-15,2026-09-30,NGM_EPG0_EVE_NUS-NEG_MMCF,exports by vessel,NEG,Egypt,middle_east_africa,0,
2019-11-15,2026-09-30,NGM_EPG0_EVE_NUS-NES_MMCF,exports by vessel,NES,El Salvador,americas,,
2019-11-15,2026-09-30,NGM_EPG0_EVE_NUS-NFI_MMCF,exports by vessel,NFI,Finland,europe,,
2019-11-15,2026-09-30,NGM_EPG0_EVE_NUS-NFR_MMCF,exports by vessel,NFR,France,europe,26946,5.76
2019-11-15,2026-09-30,NGM_EPG0_EVE_NUS-NGM_MMCF,exports by vessel,NGM,Germany,europe,,
2019-11-15,2026-09-30,NGM_EPG0_EVE_NUS-NGR_MMCF,exports by vessel,NGR,Greece,europe,0,
2019-11-15,2026-09-30,NGM_EPG0_EVE_NUS-NHA_MMCF,exports by vessel,NHA,Haiti,americas,8,10.39
2019-11-15,2026-09-30,NGM_EPG0_EVE_NUS-NHR_MMCF,exports by vessel,NHR,Croatia,europe,,
2019-11-15,2026-09-30,NGM_EPG0_EVE_NUS-NID_MMCF,exports by vessel,NID,Indonesia,other_asia,,
2019-11-15,2026-09-30,NGM_EPG0_EVE_NUS-NIN_MMCF,exports by vessel,NIN,India,other_asia,6933,7.16
2019-11-15,2026-09-30,NGM_EPG0_EVE_NUS-NIS_MMCF,exports by vessel,NIS,Israel,middle_east_africa,0,
2019-11-15,2026-09-30,NGM_EPG0_EVE_NUS-NIT_MMCF,exports by vessel,NIT,Italy,europe,6345,4.99
2019-11-15,2026-09-30,NGM_EPG0_EVE_NUS-NJA_MMCF,exports by vessel,NJA,Japan,jkm_markets,17603,7.31
2019-11-15,2026-09-30,NGM_EPG0_EVE_NUS-NJM_MMCF,exports by vessel,NJM,Jamaica,americas,2464,6.22
2019-11-15,2026-09-30,NGM_EPG0_EVE_NUS-NJO_MMCF,exports by vessel,NJO,Jordan,middle_east_africa,0,
2019-11-15,2026-09-30,NGM_EPG0_EVE_NUS-NKS_MMCF,exports by vessel,NKS,South Korea,jkm_markets,24962,5.71
2019-11-15,2026-09-30,NGM_EPG0_EVE_NUS-NKU_MMCF,exports by vessel,NKU,Kuwait,middle_east_africa,0,
2019-11-15,2026-09-30,NGM_EPG0_EVE_NUS-NLH_MMCF,exports by vessel,NLH,Lithuania,europe,0,
2019-11-15,2026-09-30,NGM_EPG0_EVE_NUS-NM6_MMCF,exports by vessel,NM6,Malta,europe,0,
2019-11-15,2026-09-30,NGM_EPG0_EVE_NUS-NMR_MMCF,exports by vessel,NMR,Mauritania,middle_east_africa,,
2019-11-15,2026-09-30,NGM_EPG0_EVE_NUS-NMX_MMCF,exports by vessel,NMX,Mexico,americas,3273,5.8
2019-11-15,2026-09-30,NGM_EPG0_EVE_NUS-NMY_MMCF,exports by vessel,NMY,Malaysia,other_asia,3698,
2019-11-15,2026-09-30,NGM_EPG0_EVE_NUS-NNL_MMCF,exports by vessel,NNL,Netherlands,europe,10099,4.79
2019-11-15,2026-09-30,NGM_EPG0_EVE_NUS-NNU_MMCF,exports by vessel,NNU,Nicaragua,americas,,
2019-11-15,2026-09-30,NGM_EPG0_EVE_NUS-NPK_MMCF,exports by vessel,NPK,Pakistan,other_asia,3247,6.22
2019-11-15,2026-09-30,NGM_EPG0_EVE_NUS-NPL_MMCF,exports by vessel,NPL,Poland,europe,3432,5.18
2019-11-15,2026-09-30,NGM_EPG0_EVE_NUS-NPM_MMCF,exports by vessel,NPM,Panama,americas,478,6.22
2019-11-15,2026-09-30,NGM_EPG0_EVE_NUS-NPO_MMCF,exports by vessel,NPO,Portugal,europe,0,
2019-11-15,2026-09-30,NGM_EPG0_EVE_NUS-NRP_MMCF,exports by vessel,NRP,Philippines,other_asia,,
2019-11-15,2026-09-30,NGM_EPG0_EVE_NUS-NRS_MMCF,exports by vessel,NRS,Russia,europe,0,
2019-11-15,2026-09-30,NGM_EPG0_EVE_NUS-NSG_MMCF,exports by vessel,NSG,Senegal,middle_east_africa,,
2019-11-15,2026-09-30,NGM_EPG0_EVE_NUS-NSN_MMCF,exports by vessel,NSN,Singapore,other_asia,0,
2019-11-15,2026-09-30,NGM_EPG0_EVE_NUS-NSP_MMCF,exports by vessel,NSP,Spain,europe,19985,6.08
2019-11-15,2026-09-30,NGM_EPG0_EVE_NUS-NTC_MMCF,exports by vessel,NTC,United Arab Emirates,middle_east_africa,0,
2019-11-15,2026-09-30,NGM_EPG0_EVE_NUS-NTH_MMCF,exports by vessel,NTH,Thailand,other_asia,0,
2019-11-15,2026-09-30,NGM_EPG0_EVE_NUS-NTU_MMCF,exports by vessel,NTU,Turkiye,europe,7266,4.78
2019-11-15,2026-09-30,NGM_EPG0_EVE_NUS-NTW_MMCF,exports by vessel,NTW,Taiwan,jkm_markets,3736,5.71
2019-11-15,2026-09-30,NGM_EPG0_EVE_NUS-NUK_MMCF,exports by vessel,NUK,United Kingdom,europe,39957,5.45
2019-11-15,2026-09-30,NGM_EPG0_EVE_NUS-Z00_MMCF,exports by vessel,Z00,,,190523,5.83
2019-11-15,2026-09-30,NGM_EPG0_EVT_NUS-Z00_MMCF,exports by vessel and truck,Z00,,,190610,5.84
2019-12-15,2026-09-30,N9133US2,LNG total including re-exports,Z00,,,220646,5.55
2019-12-15,2026-09-30,NGM_EPG0_ERE_NUS-NAT_MMCF,re-exports,NAT,Argentina,americas,0,
2019-12-15,2026-09-30,NGM_EPG0_ERE_NUS-NBR_MMCF,re-exports,NBR,Brazil,americas,0,
2019-12-15,2026-09-30,NGM_EPG0_ERE_NUS-NCH_MMCF,re-exports,NCH,China,jkm_markets,0,
2019-12-15,2026-09-30,NGM_EPG0_ERE_NUS-NCI_MMCF,re-exports,NCI,Chile,americas,,
2019-12-15,2026-09-30,NGM_EPG0_ERE_NUS-NEG_MMCF,re-exports,NEG,Egypt,middle_east_africa,0,
2019-12-15,2026-09-30,NGM_EPG0_ERE_NUS-NIN_MMCF,re-exports,NIN,India,other_asia,0,
2019-12-15,2026-09-30,NGM_EPG0_ERE_NUS-NJA_MMCF,re-exports,NJA,Japan,jkm_markets,0,
2019-12-15,2026-09-30,NGM_EPG0_ERE_NUS-NKS_MMCF,re-exports,NKS,South Korea,jkm_markets,0,
2019-12-15,2026-09-30,NGM_EPG0_ERE_NUS-NMX_MMCF,re-exports,NMX,Mexico,americas,0,
2019-12-15,2026-09-30,NGM_EPG0_ERE_NUS-NPO_MMCF,re-exports,NPO,Portugal,europe,,
2019-12-15,2026-09-30,NGM_EPG0_ERE_NUS-NSP_MMCF,re-exports,NSP,Spain,europe,0,
2019-12-15,2026-09-30,NGM_EPG0_ERE_NUS-NTU_MMCF,re-exports,NTU,Turkiye,europe,0,
2019-12-15,2026-09-30,NGM_EPG0_ERE_NUS-NUK_MMCF,re-exports,NUK,United Kingdom,europe,305,9.07
2019-12-15,2026-09-30,NGM_EPG0_ERE_NUS-Z00_MMCF,re-exports,Z00,,,0,
2019-12-15,2026-09-30,NGM_EPG0_ETR_NUS-NCA_MMCF,exports by truck,NCA,Canada,americas,0,
2019-12-15,2026-09-30,NGM_EPG0_ETR_NUS-NMX_MMCF,exports by truck,NMX,Mexico,americas,93,9.43
2019-12-15,2026-09-30,NGM_EPG0_ETR_NUS-Z00_MMCF,exports by truck,Z00,,,93,9.43
2019-12-15,2026-09-30,NGM_EPG0_EVE_NUS-NAC_MMCF,exports by vessel,NAC,Antigua and Barbuda,americas,,
2019-12-15,2026-09-30,NGM_EPG0_EVE_NUS-NAT_MMCF,exports by vessel,NAT,Argentina,americas,0,
2019-12-15,2026-09-30,NGM_EPG0_EVE_NUS-NBA_MMCF,exports by vessel,NBA,Bahrain,middle_east_africa,,
2019-12-15,2026-09-30,NGM_EPG0_EVE_NUS-NBB_MMCF,exports by vessel,NBB,Barbados,americas,20,10.39
2019-12-15,2026-09-30,NGM_EPG0_EVE_NUS-NBE_MMCF,exports by vessel,NBE,Belgium,europe,10407,4.17
2019-12-15,2026-09-30,NGM_EPG0_EVE_NUS-NBF_MMCF,exports by vessel,NBF,Bahamas,americas,11,10.39
2019-12-15,2026-09-30,NGM_EPG0_EVE_NUS-NBG_MMCF,exports by vessel,NBG,Bangladesh,other_asia,3419,
2019-12-15,2026-09-30,NGM_EPG0_EVE_NUS-NBR_MMCF,exports by vessel,NBR,Brazil,americas,0,
2019-12-15,2026-09-30,NGM_EPG0_EVE_NUS-NCA_MMCF,exports by vessel,NCA,Canada,americas,,
2019-12-15,2026-09-30,NGM_EPG0_EVE_NUS-NCH_MMCF,exports by vessel,NCH,China,jkm_markets,0,
2019-12-15,2026-09-30,NGM_EPG0_EVE_NUS-NCI_MMCF,exports by vessel,NCI,Chile,americas,7207,5.77
2019-12-15,2026-09-30,NGM_EPG0_EVE_NUS-NCO_MMCF,exports by vessel,NCO,Colombia,americas,0,
2019-12-15,2026-09-30,NGM_EPG0_EVE_NUS-NDR_MMCF,exports by vessel,NDR,Dominican Republic,americas,501,6.08
2019-12-15,2026-09-30,NGM_EPG0_EVE_NUS-NEG_MMCF,exports by vessel,NEG,Egypt,middle_east_africa,0,
2019-12-15,2026-09-30,NGM_EPG0_EVE_NUS-NES_MMCF,exports by vessel,NES,El Salvador,americas,,
2019-12-15,2026-09-30,NGM_EPG0_EVE_NUS-NFI_MMCF,exports by vessel,NFI,Finland,europe,,
2019-12-15,2026-09-30,NGM_EPG0_EVE_NUS-NFR_MMCF,exports by vessel,NFR,France,europe,14758,5.53
2019-12-15,2026-09-30,NGM_EPG0_EVE_NUS-NGM_MMCF,exports by vessel,NGM,Germany,europe,,
2019-12-15,2026-09-30,NGM_EPG0_EVE_NUS-NGR_MMCF,exports by vessel,NGR,Greece,europe,7752,6.36
2019-12-15,2026-09-30,NGM_EPG0_EVE_NUS-NHA_MMCF,exports by vessel,NHA,Haiti,americas,12,10.39
2019-12-15,2026-09-30,NGM_EPG0_EVE_NUS-NHR_MMCF,exports by vessel,NHR,Croatia,europe,,
2019-12-15,2026-09-30,NGM_EPG0_EVE_NUS-NID_MMCF,exports by vessel,NID,Indonesia,other_asia,,
2019-12-15,2026-09-30,NGM_EPG0_EVE_NUS-NIN_MMCF,exports by vessel,NIN,India,other_asia,7090,5.47
2019-12-15,2026-09-30,NGM_EPG0_EVE_NUS-NIS_MMCF,exports by vessel,NIS,Israel,middle_east_africa,0,
2019-12-15,2026-09-30,NGM_EPG0_EVE_NUS-NIT_MMCF,exports by vessel,NIT,Italy,europe,12764,4.69
2019-12-15,2026-09-30,NGM_EPG0_EVE_NUS-NJA_MMCF,exports by vessel,NJA,Japan,jkm_markets,21226,6.33
2019-12-15,2026-09-30,NGM_EPG0_EVE_NUS-NJM_MMCF,exports by vessel,NJM,Jamaica,americas,2435,6.08
2019-12-15,2026-09-30,NGM_EPG0_EVE_NUS-NJO_MMCF,exports by vessel,NJO,Jordan,middle_east_africa,0,
2019-12-15,2026-09-30,NGM_EPG0_EVE_NUS-NKS_MMCF,exports by vessel,NKS,South Korea,jkm_markets,38139,5.94
2019-12-15,2026-09-30,NGM_EPG0_EVE_NUS-NKU_MMCF,exports by vessel,NKU,Kuwait,middle_east_africa,0,
2019-12-15,2026-09-30,NGM_EPG0_EVE_NUS-NLH_MMCF,exports by vessel,NLH,Lithuania,europe,3455,
2019-12-15,2026-09-30,NGM_EPG0_EVE_NUS-NM6_MMCF,exports by vessel,NM6,Malta,europe,0,
2019-12-15,2026-09-30,NGM_EPG0_EVE_NUS-NMR_MMCF,exports by vessel,NMR,Mauritania,middle_east_africa,,
2019-12-15,2026-09-30,NGM_EPG0_EVE_NUS-NMX_MMCF,exports by vessel,NMX,Mexico,americas,9696,4.37
2019-12-15,2026-09-30,NGM_EPG0_EVE_NUS-NMY_MMCF,exports by vessel,NMY,Malaysia,other_asia,,
2019-12-15,2026-09-30,NGM_EPG0_EVE_NUS-NNL_MMCF,exports by vessel,NNL,Netherlands,europe,13405,5.98
2019-12-15,2026-09-30,NGM_EPG0_EVE_NUS-NNU_MMCF,exports by vessel,NNU,Nicaragua,americas,,
2019-12-15,2026-09-30,NGM_EPG0_EVE_NUS-NPK_MMCF,exports by vessel,NPK,Pakistan,other_asia,3400,10.46
2019-12-15,2026-09-30,NGM_EPG0_EVE_NUS-NPL_MMCF,exports by vessel,NPL,Poland,europe,7013,5.88
2019-12-15,2026-09-30,NGM_EPG0_EVE_NUS-NPM_MMCF,exports by vessel,NPM,Panama,americas,0,
2019-12-15,2026-09-30,NGM_EPG0_EVE_NUS-NPO_MMCF,exports by vessel,NPO,Portugal,europe,6345,4.78
2019-12-15,2026-09-30,NGM_EPG0_EVE_NUS-NRP_MMCF,exports by vessel,NRP,Philippines,other_asia,,
2019-12-15,2026-09-30,NGM_EPG0_EVE_NUS-NRS_MMCF,exports by vessel,NRS,Russia,europe,0,
2019-12-15,2026-09-30,NGM_EPG0_EVE_NUS-NSG_MMCF,exports by vessel,NSG,Senegal,middle_east_africa,,
2019-12-15,2026-09-30,NGM_EPG0_EVE_NUS-NSN_MMCF,exports by vessel,NSN,Singapore,other_asia,3375,6.6
2019-12-15,2026-09-30,NGM_EPG0_EVE_NUS-NSP_MMCF,exports by vessel,NSP,Spain,europe,13874,5.39
2019-12-15,2026-09-30,NGM_EPG0_EVE_NUS-NTC_MMCF,exports by vessel,NTC,United Arab Emirates,middle_east_africa,0,
2019-12-15,2026-09-30,NGM_EPG0_EVE_NUS-NTH_MMCF,exports by vessel,NTH,Thailand,other_asia,0,
2019-12-15,2026-09-30,NGM_EPG0_EVE_NUS-NTU_MMCF,exports by vessel,NTU,Turkiye,europe,536,5.57
2019-12-15,2026-09-30,NGM_EPG0_EVE_NUS-NTW_MMCF,exports by vessel,NTW,Taiwan,jkm_markets,3658,6.6
2019-12-15,2026-09-30,NGM_EPG0_EVE_NUS-NUK_MMCF,exports by vessel,NUK,United Kingdom,europe,29749,5.5
2019-12-15,2026-09-30,NGM_EPG0_EVE_NUS-Z00_MMCF,exports by vessel,Z00,,,220247,5.55
2019-12-15,2026-09-30,NGM_EPG0_EVT_NUS-Z00_MMCF,exports by vessel and truck,Z00,,,220498,5.55
2020-01-15,2026-09-30,N9133US2,LNG total including re-exports,Z00,,,250305,5.42
2020-01-15,2026-09-30,NGM_EPG0_ERE_NUS-NAT_MMCF,re-exports,NAT,Argentina,americas,0,
2020-01-15,2026-09-30,NGM_EPG0_ERE_NUS-NBR_MMCF,re-exports,NBR,Brazil,americas,0,
2020-01-15,2026-09-30,NGM_EPG0_ERE_NUS-NCH_MMCF,re-exports,NCH,China,jkm_markets,0,
2020-01-15,2026-09-30,NGM_EPG0_ERE_NUS-NCI_MMCF,re-exports,NCI,Chile,americas,,
2020-01-15,2026-09-30,NGM_EPG0_ERE_NUS-NEG_MMCF,re-exports,NEG,Egypt,middle_east_africa,0,
2020-01-15,2026-09-30,NGM_EPG0_ERE_NUS-NIN_MMCF,re-exports,NIN,India,other_asia,0,
2020-01-15,2026-09-30,NGM_EPG0_ERE_NUS-NJA_MMCF,re-exports,NJA,Japan,jkm_markets,305,9.07
2020-01-15,2026-09-30,NGM_EPG0_ERE_NUS-NKS_MMCF,re-exports,NKS,South Korea,jkm_markets,305,9.07
2020-01-15,2026-09-30,NGM_EPG0_ERE_NUS-NMX_MMCF,re-exports,NMX,Mexico,americas,0,
2020-01-15,2026-09-30,NGM_EPG0_ERE_NUS-NPO_MMCF,re-exports,NPO,Portugal,europe,,
2020-01-15,2026-09-30,NGM_EPG0_ERE_NUS-NSP_MMCF,re-exports,NSP,Spain,europe,0,
2020-01-15,2026-09-30,NGM_EPG0_ERE_NUS-NTU_MMCF,re-exports,NTU,Turkiye,europe,0,
2020-01-15,2026-09-30,NGM_EPG0_ERE_NUS-NUK_MMCF,re-exports,NUK,United Kingdom,europe,0,
2020-01-15,2026-09-30,NGM_EPG0_ERE_NUS-Z00_MMCF,re-exports,Z00,,,610,9.07
2020-01-15,2026-09-30,NGM_EPG0_ETR_NUS-NCA_MMCF,exports by truck,NCA,Canada,americas,2,7.7
2020-01-15,2026-09-30,NGM_EPG0_ETR_NUS-NMX_MMCF,exports by truck,NMX,Mexico,americas,122,8.94
2020-01-15,2026-09-30,NGM_EPG0_ETR_NUS-Z00_MMCF,exports by truck,Z00,,,124,8.91
2020-01-15,2026-09-30,NGM_EPG0_EVE_NUS-NAC_MMCF,exports by vessel,NAC,Antigua and Barbuda,americas,0,
2020-01-15,2026-09-30,NGM_EPG0_EVE_NUS-NAT_MMCF,exports by vessel,NAT,Argentina,americas,0,
2020-01-15,2026-09-30,NGM_EPG0_EVE_NUS-NBA_MMCF,exports by vessel,NBA,Bahrain,middle_east_africa,,
2020-01-15,2026-09-30,NGM_EPG0_EVE_NUS-NBB_MMCF,exports by vessel,NBB,Barbados,americas,33,10.39
2020-01-15,2026-09-30,NGM_EPG0_EVE_NUS-NBE_MMCF,exports by vessel,NBE,Belgium,europe,6761,4.27
2020-01-15,2026-09-30,NGM_EPG0_EVE_NUS-NBF_MMCF,exports by vessel,NBF,Bahamas,americas,15,10.39
2020-01-15,2026-09-30,NGM_EPG0_EVE_NUS-NBG_MMCF,exports by vessel,NBG,Bangladesh,other_asia,3640,4.31
2020-01-15,2026-09-30,NGM_EPG0_EVE_NUS-NBR_MMCF,exports by vessel,NBR,Brazil,americas,8438,4.71
2020-01-15,2026-09-30,NGM_EPG0_EVE_NUS-NCA_MMCF,exports by vessel,NCA,Canada,americas,,
2020-01-15,2026-09-30,NGM_EPG0_EVE_NUS-NCH_MMCF,exports by vessel,NCH,China,jkm_markets,0,
2020-01-15,2026-09-30,NGM_EPG0_EVE_NUS-NCI_MMCF,exports by vessel,NCI,Chile,americas,6087,5.68
2020-01-15,2026-09-30,NGM_EPG0_EVE_NUS-NCO_MMCF,exports by vessel,NCO,Colombia,americas,525,5.18
2020-01-15,2026-09-30,NGM_EPG0_EVE_NUS-NDR_MMCF,exports by vessel,NDR,Dominican Republic,americas,0,
2020-01-15,2026-09-30,NGM_EPG0_EVE_NUS-NEG_MMCF,exports by vessel,NEG,Egypt,middle_east_africa,0,
2020-01-15,2026-09-30,NGM_EPG0_EVE_NUS-NES_MMCF,exports by vessel,NES,El Salvador,americas,,
2020-01-15,2026-09-30,NGM_EPG0_EVE_NUS-NFI_MMCF,exports by vessel,NFI,Finland,europe,,
2020-01-15,2026-09-30,NGM_EPG0_EVE_NUS-NFR_MMCF,exports by vessel,NFR,France,europe,6563,3.61
2020-01-15,2026-09-30,NGM_EPG0_EVE_NUS-NGM_MMCF,exports by vessel,NGM,Germany,europe,,
2020-01-15,2026-09-30,NGM_EPG0_EVE_NUS-NGR_MMCF,exports by vessel,NGR,Greece,europe,11276,7.1
2020-01-15,2026-09-30,NGM_EPG0_EVE_NUS-NHA_MMCF,exports by vessel,NHA,Haiti,americas,7,10.39
2020-01-15,2026-09-30,NGM_EPG0_EVE_NUS-NHR_MMCF,exports by vessel,NHR,Croatia,europe,0,
2020-01-15,2026-09-30,NGM_EPG0_EVE_NUS-NID_MMCF,exports by vessel,NID,Indonesia,other_asia,,
2020-01-15,2026-09-30,NGM_EPG0_EVE_NUS-NIN_MMCF,exports by vessel,NIN,India,other_asia,3309,5.49
2020-01-15,2026-09-30,NGM_EPG0_EVE_NUS-NIS_MMCF,exports by vessel,NIS,Israel,middle_east_africa,0,
2020-01-15,2026-09-30,NGM_EPG0_EVE_NUS-NIT_MMCF,exports by vessel,NIT,Italy,europe,6308,5.98
2020-01-15,2026-09-30,NGM_EPG0_EVE_NUS-NJA_MMCF,exports by vessel,NJA,Japan,jkm_markets,31975,6.09
2020-01-15,2026-09-30,NGM_EPG0_EVE_NUS-NJM_MMCF,exports by vessel,NJM,Jamaica,americas,869,5.71
2020-01-15,2026-09-30,NGM_EPG0_EVE_NUS-NJO_MMCF,exports by vessel,NJO,Jordan,middle_east_africa,0,
2020-01-15,2026-09-30,NGM_EPG0_EVE_NUS-NKS_MMCF,exports by vessel,NKS,South Korea,jkm_markets,44320,5.17
2020-01-15,2026-09-30,NGM_EPG0_EVE_NUS-NKU_MMCF,exports by vessel,NKU,Kuwait,middle_east_africa,0,
2020-01-15,2026-09-30,NGM_EPG0_EVE_NUS-NLH_MMCF,exports by vessel,NLH,Lithuania,europe,0,
2020-01-15,2026-09-30,NGM_EPG0_EVE_NUS-NM6_MMCF,exports by vessel,NM6,Malta,europe,2600,5.32
2020-01-15,2026-09-30,NGM_EPG0_EVE_NUS-NMR_MMCF,exports by vessel,NMR,Mauritania,middle_east_africa,,
2020-01-15,2026-09-30,NGM_EPG0_EVE_NUS-NMX_MMCF,exports by vessel,NMX,Mexico,americas,6764,4.08
2020-01-15,2026-09-30,NGM_EPG0_EVE_NUS-NMY_MMCF,exports by vessel,NMY,Malaysia,other_asia,0,
2020-01-15,2026-09-30,NGM_EPG0_EVE_NUS-NNL_MMCF,exports by vessel,NNL,Netherlands,europe,6681,4.87
2020-01-15,2026-09-30,NGM_EPG0_EVE_NUS-NNU_MMCF,exports by vessel,NNU,Nicaragua,americas,0,
2020-01-15,2026-09-30,NGM_EPG0_EVE_NUS-NPK_MMCF,exports by vessel,NPK,Pakistan,other_asia,3323,3.13
2020-01-15,2026-09-30,NGM_EPG0_EVE_NUS-NPL_MMCF,exports by vessel,NPL,Poland,europe,3282,2.48
2020-01-15,2026-09-30,NGM_EPG0_EVE_NUS-NPM_MMCF,exports by vessel,NPM,Panama,americas,0,
2020-01-15,2026-09-30,NGM_EPG0_EVE_NUS-NPO_MMCF,exports by vessel,NPO,Portugal,europe,0,
2020-01-15,2026-09-30,NGM_EPG0_EVE_NUS-NRP_MMCF,exports by vessel,NRP,Philippines,other_asia,,
2020-01-15,2026-09-30,NGM_EPG0_EVE_NUS-NRS_MMCF,exports by vessel,NRS,Russia,europe,0,
2020-01-15,2026-09-30,NGM_EPG0_EVE_NUS-NSG_MMCF,exports by vessel,NSG,Senegal,middle_east_africa,,
2020-01-15,2026-09-30,NGM_EPG0_EVE_NUS-NSN_MMCF,exports by vessel,NSN,Singapore,other_asia,0,
2020-01-15,2026-09-30,NGM_EPG0_EVE_NUS-NSP_MMCF,exports by vessel,NSP,Spain,europe,24412,6.1
2020-01-15,2026-09-30,NGM_EPG0_EVE_NUS-NTC_MMCF,exports by vessel,NTC,United Arab Emirates,middle_east_africa,0,
2020-01-15,2026-09-30,NGM_EPG0_EVE_NUS-NTH_MMCF,exports by vessel,NTH,Thailand,other_asia,0,
2020-01-15,2026-09-30,NGM_EPG0_EVE_NUS-NTU_MMCF,exports by vessel,NTU,Turkiye,europe,32637,5.31
2020-01-15,2026-09-30,NGM_EPG0_EVE_NUS-NTW_MMCF,exports by vessel,NTW,Taiwan,jkm_markets,9317,5.02
2020-01-15,2026-09-30,NGM_EPG0_EVE_NUS-NUK_MMCF,exports by vessel,NUK,United Kingdom,europe,30428,5.82
2020-01-15,2026-09-30,NGM_EPG0_EVE_NUS-Z00_MMCF,exports by vessel,Z00,,,249571,5.41
2020-01-15,2026-09-30,NGM_EPG0_EVT_NUS-Z00_MMCF,exports by vessel and truck,Z00,,,249695,5.41
2020-02-15,2026-09-30,N9133US2,LNG total including re-exports,Z00,,,225786,5.12
2020-02-15,2026-09-30,NGM_EPG0_ERE_NUS-NAT_MMCF,re-exports,NAT,Argentina,americas,0,
2020-02-15,2026-09-30,NGM_EPG0_ERE_NUS-NBR_MMCF,re-exports,NBR,Brazil,americas,0,
2020-02-15,2026-09-30,NGM_EPG0_ERE_NUS-NCH_MMCF,re-exports,NCH,China,jkm_markets,0,
2020-02-15,2026-09-30,NGM_EPG0_ERE_NUS-NCI_MMCF,re-exports,NCI,Chile,americas,,
2020-02-15,2026-09-30,NGM_EPG0_ERE_NUS-NEG_MMCF,re-exports,NEG,Egypt,middle_east_africa,0,
2020-02-15,2026-09-30,NGM_EPG0_ERE_NUS-NIN_MMCF,re-exports,NIN,India,other_asia,0,
2020-02-15,2026-09-30,NGM_EPG0_ERE_NUS-NJA_MMCF,re-exports,NJA,Japan,jkm_markets,0,
2020-02-15,2026-09-30,NGM_EPG0_ERE_NUS-NKS_MMCF,re-exports,NKS,South Korea,jkm_markets,0,
2020-02-15,2026-09-30,NGM_EPG0_ERE_NUS-NMX_MMCF,re-exports,NMX,Mexico,americas,0,
2020-02-15,2026-09-30,NGM_EPG0_ERE_NUS-NPO_MMCF,re-exports,NPO,Portugal,europe,,
2020-02-15,2026-09-30,NGM_EPG0_ERE_NUS-NSP_MMCF,re-exports,NSP,Spain,europe,0,
2020-02-15,2026-09-30,NGM_EPG0_ERE_NUS-NTU_MMCF,re-exports,NTU,Turkiye,europe,0,
2020-02-15,2026-09-30,NGM_EPG0_ERE_NUS-NUK_MMCF,re-exports,NUK,United Kingdom,europe,0,
2020-02-15,2026-09-30,NGM_EPG0_ERE_NUS-Z00_MMCF,re-exports,Z00,,,0,
2020-02-15,2026-09-30,NGM_EPG0_ETR_NUS-NCA_MMCF,exports by truck,NCA,Canada,americas,0,
2020-02-15,2026-09-30,NGM_EPG0_ETR_NUS-NMX_MMCF,exports by truck,NMX,Mexico,americas,87,8.93
2020-02-15,2026-09-30,NGM_EPG0_ETR_NUS-Z00_MMCF,exports by truck,Z00,,,87,8.93
2020-02-15,2026-09-30,NGM_EPG0_EVE_NUS-NAC_MMCF,exports by vessel,NAC,Antigua and Barbuda,americas,0,
2020-02-15,2026-09-30,NGM_EPG0_EVE_NUS-NAT_MMCF,exports by vessel,NAT,Argentina,americas,0,
2020-02-15,2026-09-30,NGM_EPG0_EVE_NUS-NBA_MMCF,exports by vessel,NBA,Bahrain,middle_east_africa,,
2020-02-15,2026-09-30,NGM_EPG0_EVE_NUS-NBB_MMCF,exports by vessel,NBB,Barbados,americas,26,10.39
2020-02-15,2026-09-30,NGM_EPG0_EVE_NUS-NBE_MMCF,exports by vessel,NBE,Belgium,europe,9872,3.68
2020-02-15,2026-09-30,NGM_EPG0_EVE_NUS-NBF_MMCF,exports by vessel,NBF,Bahamas,americas,13,10.39
2020-02-15,2026-09-30,NGM_EPG0_EVE_NUS-NBG_MMCF,exports by vessel,NBG,Bangladesh,other_asia,0,
2020-02-15,2026-09-30,NGM_EPG0_EVE_NUS-NBR_MMCF,exports by vessel,NBR,Brazil,americas,10433,4.32
2020-02-15,2026-09-30,NGM_EPG0_EVE_NUS-NCA_MMCF,exports by vessel,NCA,Canada,americas,,
2020-02-15,2026-09-30,NGM_EPG0_EVE_NUS-NCH_MMCF,exports by vessel,NCH,China,jkm_markets,0,
2020-02-15,2026-09-30,NGM_EPG0_EVE_NUS-NCI_MMCF,exports by vessel,NCI,Chile,americas,10731,5.04
2020-02-15,2026-09-30,NGM_EPG0_EVE_NUS-NCO_MMCF,exports by vessel,NCO,Colombia,americas,1003,5.37
2020-02-15,2026-09-30,NGM_EPG0_EVE_NUS-NDR_MMCF,exports by vessel,NDR,Dominican Republic,americas,0,
2020-02-15,2026-09-30,NGM_EPG0_EVE_NUS-NEG_MMCF,exports by vessel,NEG,Egypt,middle_east_africa,0,
2020-02-15,2026-09-30,NGM_EPG0_EVE_NUS-NES_MMCF,exports by vessel,NES,El Salvador,americas,,
2020-02-15,2026-09-30,NGM_EPG0_EVE_NUS-NFI_MMCF,exports by vessel,NFI,Finland,europe,,
2020-02-15,2026-09-30,NGM_EPG0_EVE_NUS-NFR_MMCF,exports by vessel,NFR,France,europe,20520,5.08
2020-02-15,2026-09-30,NGM_EPG0_EVE_NUS-NGM_MMCF,exports by vessel,NGM,Germany,europe,,
2020-02-15,2026-09-30,NGM_EPG0_EVE_NUS-NGR_MMCF,exports by vessel,NGR,Greece,europe,0,
2020-02-15,2026-09-30,NGM_EPG0_EVE_NUS-NHA_MMCF,exports by vessel,NHA,Haiti,americas,11,10.39
2020-02-15,2026-09-30,NGM_EPG0_EVE_NUS-NHR_MMCF,exports by vessel,NHR,Croatia,europe,0,
2020-02-15,2026-09-30,NGM_EPG0_EVE_NUS-NID_MMCF,exports by vessel,NID,Indonesia,other_asia,,
2020-02-15,2026-09-30,NGM_EPG0_EVE_NUS-NIN_MMCF,exports by vessel,NIN,India,other_asia,0,
2020-02-15,2026-09-30,NGM_EPG0_EVE_NUS-NIS_MMCF,exports by vessel,NIS,Israel,middle_east_africa,0,
2020-02-15,2026-09-30,NGM_EPG0_EVE_NUS-NIT_MMCF,exports by vessel,NIT,Italy,europe,16616,4.75
2020-02-15,2026-09-30,NGM_EPG0_EVE_NUS-NJA_MMCF,exports by vessel,NJA,Japan,jkm_markets,21360,5.63
2020-02-15,2026-09-30,NGM_EPG0_EVE_NUS-NJM_MMCF,exports by vessel,NJM,Jamaica,americas,2914,5.37
2020-02-15,2026-09-30,NGM_EPG0_EVE_NUS-NJO_MMCF,exports by vessel,NJO,Jordan,middle_east_africa,0,
2020-02-15,2026-09-30,NGM_EPG0_EVE_NUS-NKS_MMCF,exports by vessel,NKS,South Korea,jkm_markets,11071,5.37
2020-02-15,2026-09-30,NGM_EPG0_EVE_NUS-NKU_MMCF,exports by vessel,NKU,Kuwait,middle_east_africa,0,
2020-02-15,2026-09-30,NGM_EPG0_EVE_NUS-NLH_MMCF,exports by vessel,NLH,Lithuania,europe,0,
2020-02-15,2026-09-30,NGM_EPG0_EVE_NUS-NM6_MMCF,exports by vessel,NM6,Malta,europe,48,5.39
2020-02-15,2026-09-30,NGM_EPG0_EVE_NUS-NMR_MMCF,exports by vessel,NMR,Mauritania,middle_east_africa,,
2020-02-15,2026-09-30,NGM_EPG0_EVE_NUS-NMX_MMCF,exports by vessel,NMX,Mexico,americas,3167,4.88
2020-02-15,2026-09-30,NGM_EPG0_EVE_NUS-NMY_MMCF,exports by vessel,NMY,Malaysia,other_asia,0,
2020-02-15,2026-09-30,NGM_EPG0_EVE_NUS-NNL_MMCF,exports by vessel,NNL,Netherlands,europe,14099,4.91
2020-02-15,2026-09-30,NGM_EPG0_EVE_NUS-NNU_MMCF,exports by vessel,NNU,Nicaragua,americas,0,
2020-02-15,2026-09-30,NGM_EPG0_EVE_NUS-NPK_MMCF,exports by vessel,NPK,Pakistan,other_asia,3567,5.4
2020-02-15,2026-09-30,NGM_EPG0_EVE_NUS-NPL_MMCF,exports by vessel,NPL,Poland,europe,6677,5.4
2020-02-15,2026-09-30,NGM_EPG0_EVE_NUS-NPM_MMCF,exports by vessel,NPM,Panama,americas,3408,8.26
2020-02-15,2026-09-30,NGM_EPG0_EVE_NUS-NPO_MMCF,exports by vessel,NPO,Portugal,europe,6187,4.84
2020-02-15,2026-09-30,NGM_EPG0_EVE_NUS-NRP_MMCF,exports by vessel,NRP,Philippines,other_asia,,
2020-02-15,2026-09-30,NGM_EPG0_EVE_NUS-NRS_MMCF,exports by vessel,NRS,Russia,europe,0,
2020-02-15,2026-09-30,NGM_EPG0_EVE_NUS-NSG_MMCF,exports by vessel,NSG,Senegal,middle_east_africa,,
2020-02-15,2026-09-30,NGM_EPG0_EVE_NUS-NSN_MMCF,exports by vessel,NSN,Singapore,other_asia,0,
2020-02-15,2026-09-30,NGM_EPG0_EVE_NUS-NSP_MMCF,exports by vessel,NSP,Spain,europe,20240,5.33
2020-02-15,2026-09-30,NGM_EPG0_EVE_NUS-NTC_MMCF,exports by vessel,NTC,United Arab Emirates,middle_east_africa,0,
2020-02-15,2026-09-30,NGM_EPG0_EVE_NUS-NTH_MMCF,exports by vessel,NTH,Thailand,other_asia,3435,5.37
2020-02-15,2026-09-30,NGM_EPG0_EVE_NUS-NTU_MMCF,exports by vessel,NTU,Turkiye,europe,24303,5.15
2020-02-15,2026-09-30,NGM_EPG0_EVE_NUS-NTW_MMCF,exports by vessel,NTW,Taiwan,jkm_markets,7115,3.65
2020-02-15,2026-09-30,NGM_EPG0_EVE_NUS-NUK_MMCF,exports by vessel,NUK,United Kingdom,europe,28884,5.52
2020-02-15,2026-09-30,NGM_EPG0_EVE_NUS-Z00_MMCF,exports by vessel,Z00,,,225699,5.12
2020-02-15,2026-09-30,NGM_EPG0_EVT_NUS-Z00_MMCF,exports by vessel and truck,Z00,,,225786,5.12
2020-03-15,2026-09-30,N9133US2,LNG total including re-exports,Z00,,,244269,4.91
2020-03-15,2026-09-30,NGM_EPG0_ERE_NUS-NAT_MMCF,re-exports,NAT,Argentina,americas,0,
2020-03-15,2026-09-30,NGM_EPG0_ERE_NUS-NBR_MMCF,re-exports,NBR,Brazil,americas,0,
2020-03-15,2026-09-30,NGM_EPG0_ERE_NUS-NCH_MMCF,re-exports,NCH,China,jkm_markets,0,
2020-03-15,2026-09-30,NGM_EPG0_ERE_NUS-NCI_MMCF,re-exports,NCI,Chile,americas,,
2020-03-15,2026-09-30,NGM_EPG0_ERE_NUS-NEG_MMCF,re-exports,NEG,Egypt,middle_east_africa,0,
2020-03-15,2026-09-30,NGM_EPG0_ERE_NUS-NIN_MMCF,re-exports,NIN,India,other_asia,0,
2020-03-15,2026-09-30,NGM_EPG0_ERE_NUS-NJA_MMCF,re-exports,NJA,Japan,jkm_markets,0,
2020-03-15,2026-09-30,NGM_EPG0_ERE_NUS-NKS_MMCF,re-exports,NKS,South Korea,jkm_markets,0,
2020-03-15,2026-09-30,NGM_EPG0_ERE_NUS-NMX_MMCF,re-exports,NMX,Mexico,americas,0,
2020-03-15,2026-09-30,NGM_EPG0_ERE_NUS-NPO_MMCF,re-exports,NPO,Portugal,europe,,
2020-03-15,2026-09-30,NGM_EPG0_ERE_NUS-NSP_MMCF,re-exports,NSP,Spain,europe,0,
2020-03-15,2026-09-30,NGM_EPG0_ERE_NUS-NTU_MMCF,re-exports,NTU,Turkiye,europe,0,
2020-03-15,2026-09-30,NGM_EPG0_ERE_NUS-NUK_MMCF,re-exports,NUK,United Kingdom,europe,0,
2020-03-15,2026-09-30,NGM_EPG0_ERE_NUS-Z00_MMCF,re-exports,Z00,,,0,
2020-03-15,2026-09-30,NGM_EPG0_ETR_NUS-NCA_MMCF,exports by truck,NCA,Canada,americas,0,
2020-03-15,2026-09-30,NGM_EPG0_ETR_NUS-NMX_MMCF,exports by truck,NMX,Mexico,americas,123,8.39
2020-03-15,2026-09-30,NGM_EPG0_ETR_NUS-Z00_MMCF,exports by truck,Z00,,,123,8.39
2020-03-15,2026-09-30,NGM_EPG0_EVE_NUS-NAC_MMCF,exports by vessel,NAC,Antigua and Barbuda,americas,0,
2020-03-15,2026-09-30,NGM_EPG0_EVE_NUS-NAT_MMCF,exports by vessel,NAT,Argentina,americas,0,
2020-03-15,2026-09-30,NGM_EPG0_EVE_NUS-NBA_MMCF,exports by vessel,NBA,Bahrain,middle_east_africa,,
2020-03-15,2026-09-30,NGM_EPG0_EVE_NUS-NBB_MMCF,exports by vessel,NBB,Barbados,americas,28,10.39
2020-03-15,2026-09-30,NGM_EPG0_EVE_NUS-NBE_MMCF,exports by vessel,NBE,Belgium,europe,3724,2.17
2020-03-15,2026-09-30,NGM_EPG0_EVE_NUS-NBF_MMCF,exports by vessel,NBF,Bahamas,americas,20,10.39
2020-03-15,2026-09-30,NGM_EPG0_EVE_NUS-NBG_MMCF,exports by vessel,NBG,Bangladesh,other_asia,0,
2020-03-15,2026-09-30,NGM_EPG0_EVE_NUS-NBR_MMCF,exports by vessel,NBR,Brazil,americas,6891,5.03
2020-03-15,2026-09-30,NGM_EPG0_EVE_NUS-NCA_MMCF,exports by vessel,NCA,Canada,americas,,
2020-03-15,2026-09-30,NGM_EPG0_EVE_NUS-NCH_MMCF,exports by vessel,NCH,China,jkm_markets,17699,4.83
2020-03-15,2026-09-30,NGM_EPG0_EVE_NUS-NCI_MMCF,exports by vessel,NCI,Chile,americas,3216,4.78
2020-03-15,2026-09-30,NGM_EPG0_EVE_NUS-NCO_MMCF,exports by vessel,NCO,Colombia,americas,0,
2020-03-15,2026-09-30,NGM_EPG0_EVE_NUS-NDR_MMCF,exports by vessel,NDR,Dominican Republic,americas,2872,4.67
2020-03-15,2026-09-30,NGM_EPG0_EVE_NUS-NEG_MMCF,exports by vessel,NEG,Egypt,middle_east_africa,0,
2020-03-15,2026-09-30,NGM_EPG0_EVE_NUS-NES_MMCF,exports by vessel,NES,El Salvador,americas,,
2020-03-15,2026-09-30,NGM_EPG0_EVE_NUS-NFI_MMCF,exports by vessel,NFI,Finland,europe,,
2020-03-15,2026-09-30,NGM_EPG0_EVE_NUS-NFR_MMCF,exports by vessel,NFR,France,europe,23491,5.29
2020-03-15,2026-09-30,NGM_EPG0_EVE_NUS-NGM_MMCF,exports by vessel,NGM,Germany,europe,,
2020-03-15,2026-09-30,NGM_EPG0_EVE_NUS-NGR_MMCF,exports by vessel,NGR,Greece,europe,8892,5.18
2020-03-15,2026-09-30,NGM_EPG0_EVE_NUS-NHA_MMCF,exports by vessel,NHA,Haiti,americas,9,10.39
2020-03-15,2026-09-30,NGM_EPG0_EVE_NUS-NHR_MMCF,exports by vessel,NHR,Croatia,europe,0,
2020-03-15,2026-09-30,NGM_EPG0_EVE_NUS-NID_MMCF,exports by vessel,NID,Indonesia,other_asia,,
2020-03-15,2026-09-30,NGM_EPG0_EVE_NUS-NIN_MMCF,exports by vessel,NIN,India,other_asia,17245,3.9
2020-03-15,2026-09-30,NGM_EPG0_EVE_NUS-NIS_MMCF,exports by vessel,NIS,Israel,middle_east_africa,3197,5.33
2020-03-15,2026-09-30,NGM_EPG0_EVE_NUS-NIT_MMCF,exports by vessel,NIT,Italy,europe,9895,5.29
2020-03-15,2026-09-30,NGM_EPG0_EVE_NUS-NJA_MMCF,exports by vessel,NJA,Japan,jkm_markets,21845,5.83
2020-03-15,2026-09-30,NGM_EPG0_EVE_NUS-NJM_MMCF,exports by vessel,NJM,Jamaica,americas,1,10.39
2020-03-15,2026-09-30,NGM_EPG0_EVE_NUS-NJO_MMCF,exports by vessel,NJO,Jordan,middle_east_africa,0,
2020-03-15,2026-09-30,NGM_EPG0_EVE_NUS-NKS_MMCF,exports by vessel,NKS,South Korea,jkm_markets,28095,5.16
2020-03-15,2026-09-30,NGM_EPG0_EVE_NUS-NKU_MMCF,exports by vessel,NKU,Kuwait,middle_east_africa,0,
2020-03-15,2026-09-30,NGM_EPG0_EVE_NUS-NLH_MMCF,exports by vessel,NLH,Lithuania,europe,0,
2020-03-15,2026-09-30,NGM_EPG0_EVE_NUS-NM6_MMCF,exports by vessel,NM6,Malta,europe,0,
2020-03-15,2026-09-30,NGM_EPG0_EVE_NUS-NMR_MMCF,exports by vessel,NMR,Mauritania,middle_east_africa,,
2020-03-15,2026-09-30,NGM_EPG0_EVE_NUS-NMX_MMCF,exports by vessel,NMX,Mexico,americas,7037,4.82
2020-03-15,2026-09-30,NGM_EPG0_EVE_NUS-NMY_MMCF,exports by vessel,NMY,Malaysia,other_asia,0,
2020-03-15,2026-09-30,NGM_EPG0_EVE_NUS-NNL_MMCF,exports by vessel,NNL,Netherlands,europe,13772,4.87
2020-03-15,2026-09-30,NGM_EPG0_EVE_NUS-NNU_MMCF,exports by vessel,NNU,Nicaragua,americas,0,
2020-03-15,2026-09-30,NGM_EPG0_EVE_NUS-NPK_MMCF,exports by vessel,NPK,Pakistan,other_asia,0,
2020-03-15,2026-09-30,NGM_EPG0_EVE_NUS-NPL_MMCF,exports by vessel,NPL,Poland,europe,3583,2.17
2020-03-15,2026-09-30,NGM_EPG0_EVE_NUS-NPM_MMCF,exports by vessel,NPM,Panama,americas,906,5.31
2020-03-15,2026-09-30,NGM_EPG0_EVE_NUS-NPO_MMCF,exports by vessel,NPO,Portugal,europe,0,
2020-03-15,2026-09-30,NGM_EPG0_EVE_NUS-NRP_MMCF,exports by vessel,NRP,Philippines,other_asia,,
2020-03-15,2026-09-30,NGM_EPG0_EVE_NUS-NRS_MMCF,exports by vessel,NRS,Russia,europe,0,
2020-03-15,2026-09-30,NGM_EPG0_EVE_NUS-NSG_MMCF,exports by vessel,NSG,Senegal,middle_east_africa,,
2020-03-15,2026-09-30,NGM_EPG0_EVE_NUS-NSN_MMCF,exports by vessel,NSN,Singapore,other_asia,10610,4.18
2020-03-15,2026-09-30,NGM_EPG0_EVE_NUS-NSP_MMCF,exports by vessel,NSP,Spain,europe,23657,5.41
2020-03-15,2026-09-30,NGM_EPG0_EVE_NUS-NTC_MMCF,exports by vessel,NTC,United Arab Emirates,middle_east_africa,0,
2020-03-15,2026-09-30,NGM_EPG0_EVE_NUS-NTH_MMCF,exports by vessel,NTH,Thailand,other_asia,3783,2.44
2020-03-15,2026-09-30,NGM_EPG0_EVE_NUS-NTU_MMCF,exports by vessel,NTU,Turkiye,europe,6489,5.31
2020-03-15,2026-09-30,NGM_EPG0_EVE_NUS-NTW_MMCF,exports by vessel,NTW,Taiwan,jkm_markets,6987,5.34
2020-03-15,2026-09-30,NGM_EPG0_EVE_NUS-NUK_MMCF,exports by vessel,NUK,United Kingdom,europe,20202,4.68
2020-03-15,2026-09-30,NGM_EPG0_EVE_NUS-Z00_MMCF,exports by vessel,Z00,,,244145,4.91
2020-03-15,2026-09-30,NGM_EPG0_EVT_NUS-Z00_MMCF,exports by vessel and truck,Z00,,,244269,4.91
2020-04-15,2026-09-30,N9133US2,LNG total including re-exports,Z00,,,210466,4.74
2020-04-15,2026-09-30,NGM_EPG0_ERE_NUS-NAT_MMCF,re-exports,NAT,Argentina,americas,0,
2020-04-15,2026-09-30,NGM_EPG0_ERE_NUS-NBR_MMCF,re-exports,NBR,Brazil,americas,0,
2020-04-15,2026-09-30,NGM_EPG0_ERE_NUS-NCH_MMCF,re-exports,NCH,China,jkm_markets,0,
2020-04-15,2026-09-30,NGM_EPG0_ERE_NUS-NCI_MMCF,re-exports,NCI,Chile,americas,,
2020-04-15,2026-09-30,NGM_EPG0_ERE_NUS-NEG_MMCF,re-exports,NEG,Egypt,middle_east_africa,0,
2020-04-15,2026-09-30,NGM_EPG0_ERE_NUS-NIN_MMCF,re-exports,NIN,India,other_asia,0,
2020-04-15,2026-09-30,NGM_EPG0_ERE_NUS-NJA_MMCF,re-exports,NJA,Japan,jkm_markets,0,
2020-04-15,2026-09-30,NGM_EPG0_ERE_NUS-NKS_MMCF,re-exports,NKS,South Korea,jkm_markets,0,
2020-04-15,2026-09-30,NGM_EPG0_ERE_NUS-NMX_MMCF,re-exports,NMX,Mexico,americas,0,
2020-04-15,2026-09-30,NGM_EPG0_ERE_NUS-NPO_MMCF,re-exports,NPO,Portugal,europe,,
2020-04-15,2026-09-30,NGM_EPG0_ERE_NUS-NSP_MMCF,re-exports,NSP,Spain,europe,0,
2020-04-15,2026-09-30,NGM_EPG0_ERE_NUS-NTU_MMCF,re-exports,NTU,Turkiye,europe,0,
2020-04-15,2026-09-30,NGM_EPG0_ERE_NUS-NUK_MMCF,re-exports,NUK,United Kingdom,europe,0,
2020-04-15,2026-09-30,NGM_EPG0_ERE_NUS-Z00_MMCF,re-exports,Z00,,,0,
2020-04-15,2026-09-30,NGM_EPG0_ETR_NUS-NCA_MMCF,exports by truck,NCA,Canada,americas,0,
2020-04-15,2026-09-30,NGM_EPG0_ETR_NUS-NMX_MMCF,exports by truck,NMX,Mexico,americas,23,6.05
2020-04-15,2026-09-30,NGM_EPG0_ETR_NUS-Z00_MMCF,exports by truck,Z00,,,23,6.05
2020-04-15,2026-09-30,NGM_EPG0_EVE_NUS-NAC_MMCF,exports by vessel,NAC,Antigua and Barbuda,americas,0,
2020-04-15,2026-09-30,NGM_EPG0_EVE_NUS-NAT_MMCF,exports by vessel,NAT,Argentina,americas,0,
2020-04-15,2026-09-30,NGM_EPG0_EVE_NUS-NBA_MMCF,exports by vessel,NBA,Bahrain,middle_east_africa,,
2020-04-15,2026-09-30,NGM_EPG0_EVE_NUS-NBB_MMCF,exports by vessel,NBB,Barbados,americas,15,10.39
2020-04-15,2026-09-30,NGM_EPG0_EVE_NUS-NBE_MMCF,exports by vessel,NBE,Belgium,europe,3324,3.38
2020-04-15,2026-09-30,NGM_EPG0_EVE_NUS-NBF_MMCF,exports by vessel,NBF,Bahamas,americas,23,10.39
2020-04-15,2026-09-30,NGM_EPG0_EVE_NUS-NBG_MMCF,exports by vessel,NBG,Bangladesh,other_asia,0,
2020-04-15,2026-09-30,NGM_EPG0_EVE_NUS-NBR_MMCF,exports by vessel,NBR,Brazil,americas,0,
2020-04-15,2026-09-30,NGM_EPG0_EVE_NUS-NCA_MMCF,exports by vessel,NCA,Canada,americas,,
2020-04-15,2026-09-30,NGM_EPG0_EVE_NUS-NCH_MMCF,exports by vessel,NCH,China,jkm_markets,21140,3.87
2020-04-15,2026-09-30,NGM_EPG0_EVE_NUS-NCI_MMCF,exports by vessel,NCI,Chile,americas,14098,4.55
2020-04-15,2026-09-30,NGM_EPG0_EVE_NUS-NCO_MMCF,exports by vessel,NCO,Colombia,americas,0,
2020-04-15,2026-09-30,NGM_EPG0_EVE_NUS-NDR_MMCF,exports by vessel,NDR,Dominican Republic,americas,1838,4.43
2020-04-15,2026-09-30,NGM_EPG0_EVE_NUS-NEG_MMCF,exports by vessel,NEG,Egypt,middle_east_africa,0,
2020-04-15,2026-09-30,NGM_EPG0_EVE_NUS-NES_MMCF,exports by vessel,NES,El Salvador,americas,,
2020-04-15,2026-09-30,NGM_EPG0_EVE_NUS-NFI_MMCF,exports by vessel,NFI,Finland,europe,,
2020-04-15,2026-09-30,NGM_EPG0_EVE_NUS-NFR_MMCF,exports by vessel,NFR,France,europe,16336,5.25
2020-04-15,2026-09-30,NGM_EPG0_EVE_NUS-NGM_MMCF,exports by vessel,NGM,Germany,europe,,
2020-04-15,2026-09-30,NGM_EPG0_EVE_NUS-NGR_MMCF,exports by vessel,NGR,Greece,europe,3233,5.08
2020-04-15,2026-09-30,NGM_EPG0_EVE_NUS-NHA_MMCF,exports by vessel,NHA,Haiti,americas,8,10.39
2020-04-15,2026-09-30,NGM_EPG0_EVE_NUS-NHR_MMCF,exports by vessel,NHR,Croatia,europe,0,
2020-04-15,2026-09-30,NGM_EPG0_EVE_NUS-NID_MMCF,exports by vessel,NID,Indonesia,other_asia,,
2020-04-15,2026-09-30,NGM_EPG0_EVE_NUS-NIN_MMCF,exports by vessel,NIN,India,other_asia,16674,4.74
2020-04-15,2026-09-30,NGM_EPG0_EVE_NUS-NIS_MMCF,exports by vessel,NIS,Israel,middle_east_africa,0,
2020-04-15,2026-09-30,NGM_EPG0_EVE_NUS-NIT_MMCF,exports by vessel,NIT,Italy,europe,3135,6.93
2020-04-15,2026-09-30,NGM_EPG0_EVE_NUS-NJA_MMCF,exports by vessel,NJA,Japan,jkm_markets,18387,4.98
2020-04-15,2026-09-30,NGM_EPG0_EVE_NUS-NJM_MMCF,exports by vessel,NJM,Jamaica,americas,5770,5.08
2020-04-15,2026-09-30,NGM_EPG0_EVE_NUS-NJO_MMCF,exports by vessel,NJO,Jordan,middle_east_africa,0,
2020-04-15,2026-09-30,NGM_EPG0_EVE_NUS-NKS_MMCF,exports by vessel,NKS,South Korea,jkm_markets,24258,5.36
2020-04-15,2026-09-30,NGM_EPG0_EVE_NUS-NKU_MMCF,exports by vessel,NKU,Kuwait,middle_east_africa,3297,4.56
2020-04-15,2026-09-30,NGM_EPG0_EVE_NUS-NLH_MMCF,exports by vessel,NLH,Lithuania,europe,2945,2.56
2020-04-15,2026-09-30,NGM_EPG0_EVE_NUS-NM6_MMCF,exports by vessel,NM6,Malta,europe,0,
2020-04-15,2026-09-30,NGM_EPG0_EVE_NUS-NMR_MMCF,exports by vessel,NMR,Mauritania,middle_east_africa,,
2020-04-15,2026-09-30,NGM_EPG0_EVE_NUS-NMX_MMCF,exports by vessel,NMX,Mexico,americas,0,
2020-04-15,2026-09-30,NGM_EPG0_EVE_NUS-NMY_MMCF,exports by vessel,NMY,Malaysia,other_asia,0,
2020-04-15,2026-09-30,NGM_EPG0_EVE_NUS-NNL_MMCF,exports by vessel,NNL,Netherlands,europe,10305,5.17
2020-04-15,2026-09-30,NGM_EPG0_EVE_NUS-NNU_MMCF,exports by vessel,NNU,Nicaragua,americas,0,
2020-04-15,2026-09-30,NGM_EPG0_EVE_NUS-NPK_MMCF,exports by vessel,NPK,Pakistan,other_asia,3334,2.56
2020-04-15,2026-09-30,NGM_EPG0_EVE_NUS-NPL_MMCF,exports by vessel,NPL,Poland,europe,3523,3.41
2020-04-15,2026-09-30,NGM_EPG0_EVE_NUS-NPM_MMCF,exports by vessel,NPM,Panama,americas,0,
2020-04-15,2026-09-30,NGM_EPG0_EVE_NUS-NPO_MMCF,exports by vessel,NPO,Portugal,europe,10777,5.14
2020-04-15,2026-09-30,NGM_EPG0_EVE_NUS-NRP_MMCF,exports by vessel,NRP,Philippines,other_asia,,
2020-04-15,2026-09-30,NGM_EPG0_EVE_NUS-NRS_MMCF,exports by vessel,NRS,Russia,europe,0,
2020-04-15,2026-09-30,NGM_EPG0_EVE_NUS-NSG_MMCF,exports by vessel,NSG,Senegal,middle_east_africa,,
2020-04-15,2026-09-30,NGM_EPG0_EVE_NUS-NSN_MMCF,exports by vessel,NSN,Singapore,other_asia,0,
2020-04-15,2026-09-30,NGM_EPG0_EVE_NUS-NSP_MMCF,exports by vessel,NSP,Spain,europe,22943,4.68
2020-04-15,2026-09-30,NGM_EPG0_EVE_NUS-NTC_MMCF,exports by vessel,NTC,United Arab Emirates,middle_east_africa,0,
2020-04-15,2026-09-30,NGM_EPG0_EVE_NUS-NTH_MMCF,exports by vessel,NTH,Thailand,other_asia,11049,4.77
2020-04-15,2026-09-30,NGM_EPG0_EVE_NUS-NTU_MMCF,exports by vessel,NTU,Turkiye,europe,14030,4.72
2020-04-15,2026-09-30,NGM_EPG0_EVE_NUS-NTW_MMCF,exports by vessel,NTW,Taiwan,jkm_markets,0,
2020-04-15,2026-09-30,NGM_EPG0_EVE_NUS-NUK_MMCF,exports by vessel,NUK,United Kingdom,europe,,
2020-04-15,2026-09-30,NGM_EPG0_EVE_NUS-Z00_MMCF,exports by vessel,Z00,,,210443,4.74
2020-04-15,2026-09-30,NGM_EPG0_EVT_NUS-Z00_MMCF,exports by vessel and truck,Z00,,,210466,4.74
2020-05-15,2026-09-30,N9133US2,LNG total including re-exports,Z00,,,182438,5.53
2020-05-15,2026-09-30,NGM_EPG0_ERE_NUS-NAT_MMCF,re-exports,NAT,Argentina,americas,0,
2020-05-15,2026-09-30,NGM_EPG0_ERE_NUS-NBR_MMCF,re-exports,NBR,Brazil,americas,0,
2020-05-15,2026-09-30,NGM_EPG0_ERE_NUS-NCH_MMCF,re-exports,NCH,China,jkm_markets,0,
2020-05-15,2026-09-30,NGM_EPG0_ERE_NUS-NCI_MMCF,re-exports,NCI,Chile,americas,,
2020-05-15,2026-09-30,NGM_EPG0_ERE_NUS-NEG_MMCF,re-exports,NEG,Egypt,middle_east_africa,0,
2020-05-15,2026-09-30,NGM_EPG0_ERE_NUS-NIN_MMCF,re-exports,NIN,India,other_asia,0,
2020-05-15,2026-09-30,NGM_EPG0_ERE_NUS-NJA_MMCF,re-exports,NJA,Japan,jkm_markets,0,
2020-05-15,2026-09-30,NGM_EPG0_ERE_NUS-NKS_MMCF,re-exports,NKS,South Korea,jkm_markets,0,
2020-05-15,2026-09-30,NGM_EPG0_ERE_NUS-NMX_MMCF,re-exports,NMX,Mexico,americas,0,
2020-05-15,2026-09-30,NGM_EPG0_ERE_NUS-NPO_MMCF,re-exports,NPO,Portugal,europe,,
2020-05-15,2026-09-30,NGM_EPG0_ERE_NUS-NSP_MMCF,re-exports,NSP,Spain,europe,0,
2020-05-15,2026-09-30,NGM_EPG0_ERE_NUS-NTU_MMCF,re-exports,NTU,Turkiye,europe,0,
2020-05-15,2026-09-30,NGM_EPG0_ERE_NUS-NUK_MMCF,re-exports,NUK,United Kingdom,europe,0,
2020-05-15,2026-09-30,NGM_EPG0_ERE_NUS-Z00_MMCF,re-exports,Z00,,,0,
2020-05-15,2026-09-30,NGM_EPG0_ETR_NUS-NCA_MMCF,exports by truck,NCA,Canada,americas,0,
2020-05-15,2026-09-30,NGM_EPG0_ETR_NUS-NMX_MMCF,exports by truck,NMX,Mexico,americas,18,5.85
2020-05-15,2026-09-30,NGM_EPG0_ETR_NUS-Z00_MMCF,exports by truck,Z00,,,18,5.85
2020-05-15,2026-09-30,NGM_EPG0_EVE_NUS-NAC_MMCF,exports by vessel,NAC,Antigua and Barbuda,americas,0,
2020-05-15,2026-09-30,NGM_EPG0_EVE_NUS-NAT_MMCF,exports by vessel,NAT,Argentina,americas,8372,5.04
2020-05-15,2026-09-30,NGM_EPG0_EVE_NUS-NBA_MMCF,exports by vessel,NBA,Bahrain,middle_east_africa,,
2020-05-15,2026-09-30,NGM_EPG0_EVE_NUS-NBB_MMCF,exports by vessel,NBB,Barbados,americas,20,10.39
2020-05-15,2026-09-30,NGM_EPG0_EVE_NUS-NBE_MMCF,exports by vessel,NBE,Belgium,europe,1348,5.28
2020-05-15,2026-09-30,NGM_EPG0_EVE_NUS-NBF_MMCF,exports by vessel,NBF,Bahamas,americas,20,10.39
2020-05-15,2026-09-30,NGM_EPG0_EVE_NUS-NBG_MMCF,exports by vessel,NBG,Bangladesh,other_asia,3406,5.8
2020-05-15,2026-09-30,NGM_EPG0_EVE_NUS-NBR_MMCF,exports by vessel,NBR,Brazil,americas,0,
2020-05-15,2026-09-30,NGM_EPG0_EVE_NUS-NCA_MMCF,exports by vessel,NCA,Canada,americas,,
2020-05-15,2026-09-30,NGM_EPG0_EVE_NUS-NCH_MMCF,exports by vessel,NCH,China,jkm_markets,14535,5.47
2020-05-15,2026-09-30,NGM_EPG0_EVE_NUS-NCI_MMCF,exports by vessel,NCI,Chile,americas,11068,5.03
2020-05-15,2026-09-30,NGM_EPG0_EVE_NUS-NCO_MMCF,exports by vessel,NCO,Colombia,americas,0,
2020-05-15,2026-09-30,NGM_EPG0_EVE_NUS-NDR_MMCF,exports by vessel,NDR,Dominican Republic,americas,2554,6.36
2020-05-15,2026-09-30,NGM_EPG0_EVE_NUS-NEG_MMCF,exports by vessel,NEG,Egypt,middle_east_africa,0,
2020-05-15,2026-09-30,NGM_EPG0_EVE_NUS-NES_MMCF,exports by vessel,NES,El Salvador,americas,,
2020-05-15,2026-09-30,NGM_EPG0_EVE_NUS-NFI_MMCF,exports by vessel,NFI,Finland,europe,,
2020-05-15,2026-09-30,NGM_EPG0_EVE_NUS-NFR_MMCF,exports by vessel,NFR,France,europe,9546,5.98
2020-05-15,2026-09-30,NGM_EPG0_EVE_NUS-NGM_MMCF,exports by vessel,NGM,Germany,europe,,
2020-05-15,2026-09-30,NGM_EPG0_EVE_NUS-NGR_MMCF,exports by vessel,NGR,Greece,europe,3430,5.08
2020-05-15,2026-09-30,NGM_EPG0_EVE_NUS-NHA_MMCF,exports by vessel,NHA,Haiti,americas,10,10.39
2020-05-15,2026-09-30,NGM_EPG0_EVE_NUS-NHR_MMCF,exports by vessel,NHR,Croatia,europe,0,
2020-05-15,2026-09-30,NGM_EPG0_EVE_NUS-NID_MMCF,exports by vessel,NID,Indonesia,other_asia,,
2020-05-15,2026-09-30,NGM_EPG0_EVE_NUS-NIN_MMCF,exports by vessel,NIN,India,other_asia,10534,5.45
2020-05-15,2026-09-30,NGM_EPG0_EVE_NUS-NIS_MMCF,exports by vessel,NIS,Israel,middle_east_africa,0,
2020-05-15,2026-09-30,NGM_EPG0_EVE_NUS-NIT_MMCF,exports by vessel,NIT,Italy,europe,6452,5.27
2020-05-15,2026-09-30,NGM_EPG0_EVE_NUS-NJA_MMCF,exports by vessel,NJA,Japan,jkm_markets,13729,6.42
2020-05-15,2026-09-30,NGM_EPG0_EVE_NUS-NJM_MMCF,exports by vessel,NJM,Jamaica,americas,0,
2020-05-15,2026-09-30,NGM_EPG0_EVE_NUS-NJO_MMCF,exports by vessel,NJO,Jordan,middle_east_africa,3294,4.8
2020-05-15,2026-09-30,NGM_EPG0_EVE_NUS-NKS_MMCF,exports by vessel,NKS,South Korea,jkm_markets,20921,5.31
2020-05-15,2026-09-30,NGM_EPG0_EVE_NUS-NKU_MMCF,exports by vessel,NKU,Kuwait,middle_east_africa,0,
2020-05-15,2026-09-30,NGM_EPG0_EVE_NUS-NLH_MMCF,exports by vessel,NLH,Lithuania,europe,3473,5.28
2020-05-15,2026-09-30,NGM_EPG0_EVE_NUS-NM6_MMCF,exports by vessel,NM6,Malta,europe,0,
2020-05-15,2026-09-30,NGM_EPG0_EVE_NUS-NMR_MMCF,exports by vessel,NMR,Mauritania,middle_east_africa,,
2020-05-15,2026-09-30,NGM_EPG0_EVE_NUS-NMX_MMCF,exports by vessel,NMX,Mexico,americas,0,
2020-05-15,2026-09-30,NGM_EPG0_EVE_NUS-NMY_MMCF,exports by vessel,NMY,Malaysia,other_asia,0,
2020-05-15,2026-09-30,NGM_EPG0_EVE_NUS-NNL_MMCF,exports by vessel,NNL,Netherlands,europe,6826,6.12
2020-05-15,2026-09-30,NGM_EPG0_EVE_NUS-NNU_MMCF,exports by vessel,NNU,Nicaragua,americas,0,
2020-05-15,2026-09-30,NGM_EPG0_EVE_NUS-NPK_MMCF,exports by vessel,NPK,Pakistan,other_asia,0,
2020-05-15,2026-09-30,NGM_EPG0_EVE_NUS-NPL_MMCF,exports by vessel,NPL,Poland,europe,6258,5.32
2020-05-15,2026-09-30,NGM_EPG0_EVE_NUS-NPM_MMCF,exports by vessel,NPM,Panama,americas,3070,5.54
2020-05-15,2026-09-30,NGM_EPG0_EVE_NUS-NPO_MMCF,exports by vessel,NPO,Portugal,europe,0,
2020-05-15,2026-09-30,NGM_EPG0_EVE_NUS-NRP_MMCF,exports by vessel,NRP,Philippines,other_asia,,
2020-05-15,2026-09-30,NGM_EPG0_EVE_NUS-NRS_MMCF,exports by vessel,NRS,Russia,europe,0,
2020-05-15,2026-09-30,NGM_EPG0_EVE_NUS-NSG_MMCF,exports by vessel,NSG,Senegal,middle_east_africa,,
2020-05-15,2026-09-30,NGM_EPG0_EVE_NUS-NSN_MMCF,exports by vessel,NSN,Singapore,other_asia,0,
2020-05-15,2026-09-30,NGM_EPG0_EVE_NUS-NSP_MMCF,exports by vessel,NSP,Spain,europe,29360,5.31
2020-05-15,2026-09-30,NGM_EPG0_EVE_NUS-NTC_MMCF,exports by vessel,NTC,United Arab Emirates,middle_east_africa,3474,5.28
2020-05-15,2026-09-30,NGM_EPG0_EVE_NUS-NTH_MMCF,exports by vessel,NTH,Thailand,other_asia,7397,5.04
2020-05-15,2026-09-30,NGM_EPG0_EVE_NUS-NTU_MMCF,exports by vessel,NTU,Turkiye,europe,6661,6.77
2020-05-15,2026-09-30,NGM_EPG0_EVE_NUS-NTW_MMCF,exports by vessel,NTW,Taiwan,jkm_markets,6662,5.97
2020-05-15,2026-09-30,NGM_EPG0_EVE_NUS-NUK_MMCF,exports by vessel,NUK,United Kingdom,europe,,
2020-05-15,2026-09-30,NGM_EPG0_EVE_NUS-Z00_MMCF,exports by vessel,Z00,,,182420,5.53
2020-05-15,2026-09-30,NGM_EPG0_EVT_NUS-Z00_MMCF,exports by vessel and truck,Z00,,,182438,5.53
2020-06-15,2026-09-30,N9133US2,LNG total including re-exports,Z00,,,109002,5.55
2020-06-15,2026-09-30,NGM_EPG0_ERE_NUS-NAT_MMCF,re-exports,NAT,Argentina,americas,0,
2020-06-15,2026-09-30,NGM_EPG0_ERE_NUS-NBR_MMCF,re-exports,NBR,Brazil,americas,0,
2020-06-15,2026-09-30,NGM_EPG0_ERE_NUS-NCH_MMCF,re-exports,NCH,China,jkm_markets,0,
2020-06-15,2026-09-30,NGM_EPG0_ERE_NUS-NCI_MMCF,re-exports,NCI,Chile,americas,,
2020-06-15,2026-09-30,NGM_EPG0_ERE_NUS-NEG_MMCF,re-exports,NEG,Egypt,middle_east_africa,0,
2020-06-15,2026-09-30,NGM_EPG0_ERE_NUS-NIN_MMCF,re-exports,NIN,India,other_asia,0,
2020-06-15,2026-09-30,NGM_EPG0_ERE_NUS-NJA_MMCF,re-exports,NJA,Japan,jkm_markets,0,
2020-06-15,2026-09-30,NGM_EPG0_ERE_NUS-NKS_MMCF,re-exports,NKS,South Korea,jkm_markets,0,
2020-06-15,2026-09-30,NGM_EPG0_ERE_NUS-NMX_MMCF,re-exports,NMX,Mexico,americas,0,
2020-06-15,2026-09-30,NGM_EPG0_ERE_NUS-NPO_MMCF,re-exports,NPO,Portugal,europe,,
2020-06-15,2026-09-30,NGM_EPG0_ERE_NUS-NSP_MMCF,re-exports,NSP,Spain,europe,0,
2020-06-15,2026-09-30,NGM_EPG0_ERE_NUS-NTU_MMCF,re-exports,NTU,Turkiye,europe,0,
2020-06-15,2026-09-30,NGM_EPG0_ERE_NUS-NUK_MMCF,re-exports,NUK,United Kingdom,europe,0,
2020-06-15,2026-09-30,NGM_EPG0_ERE_NUS-Z00_MMCF,re-exports,Z00,,,0,
2020-06-15,2026-09-30,NGM_EPG0_ETR_NUS-NCA_MMCF,exports by truck,NCA,Canada,americas,0,
2020-06-15,2026-09-30,NGM_EPG0_ETR_NUS-NMX_MMCF,exports by truck,NMX,Mexico,americas,61,7.67
2020-06-15,2026-09-30,NGM_EPG0_ETR_NUS-Z00_MMCF,exports by truck,Z00,,,61,7.67
2020-06-15,2026-09-30,NGM_EPG0_EVE_NUS-NAC_MMCF,exports by vessel,NAC,Antigua and Barbuda,americas,0,
2020-06-15,2026-09-30,NGM_EPG0_EVE_NUS-NAT_MMCF,exports by vessel,NAT,Argentina,americas,2229,4.05
2020-06-15,2026-09-30,NGM_EPG0_EVE_NUS-NBA_MMCF,exports by vessel,NBA,Bahrain,middle_east_africa,,
2020-06-15,2026-09-30,NGM_EPG0_EVE_NUS-NBB_MMCF,exports by vessel,NBB,Barbados,americas,20,10.39
2020-06-15,2026-09-30,NGM_EPG0_EVE_NUS-NBE_MMCF,exports by vessel,NBE,Belgium,europe,0,
2020-06-15,2026-09-30,NGM_EPG0_EVE_NUS-NBF_MMCF,exports by vessel,NBF,Bahamas,americas,18,10.39
2020-06-15,2026-09-30,NGM_EPG0_EVE_NUS-NBG_MMCF,exports by vessel,NBG,Bangladesh,other_asia,0,
2020-06-15,2026-09-30,NGM_EPG0_EVE_NUS-NBR_MMCF,exports by vessel,NBR,Brazil,americas,0,
2020-06-15,2026-09-30,NGM_EPG0_EVE_NUS-NCA_MMCF,exports by vessel,NCA,Canada,americas,,
2020-06-15,2026-09-30,NGM_EPG0_EVE_NUS-NCH_MMCF,exports by vessel,NCH,China,jkm_markets,0,
2020-06-15,2026-09-30,NGM_EPG0_EVE_NUS-NCI_MMCF,exports by vessel,NCI,Chile,americas,3313,5.8
2020-06-15,2026-09-30,NGM_EPG0_EVE_NUS-NCO_MMCF,exports by vessel,NCO,Colombia,americas,0,
2020-06-15,2026-09-30,NGM_EPG0_EVE_NUS-NDR_MMCF,exports by vessel,NDR,Dominican Republic,americas,0,
2020-06-15,2026-09-30,NGM_EPG0_EVE_NUS-NEG_MMCF,exports by vessel,NEG,Egypt,middle_east_africa,0,
2020-06-15,2026-09-30,NGM_EPG0_EVE_NUS-NES_MMCF,exports by vessel,NES,El Salvador,americas,,
2020-06-15,2026-09-30,NGM_EPG0_EVE_NUS-NFI_MMCF,exports by vessel,NFI,Finland,europe,,
2020-06-15,2026-09-30,NGM_EPG0_EVE_NUS-NFR_MMCF,exports by vessel,NFR,France,europe,0,
2020-06-15,2026-09-30,NGM_EPG0_EVE_NUS-NGM_MMCF,exports by vessel,NGM,Germany,europe,,
2020-06-15,2026-09-30,NGM_EPG0_EVE_NUS-NGR_MMCF,exports by vessel,NGR,Greece,europe,1076,5.47
2020-06-15,2026-09-30,NGM_EPG0_EVE_NUS-NHA_MMCF,exports by vessel,NHA,Haiti,americas,7,10.39
2020-06-15,2026-09-30,NGM_EPG0_EVE_NUS-NHR_MMCF,exports by vessel,NHR,Croatia,europe,0,
2020-06-15,2026-09-30,NGM_EPG0_EVE_NUS-NID_MMCF,exports by vessel,NID,Indonesia,other_asia,,
2020-06-15,2026-09-30,NGM_EPG0_EVE_NUS-NIN_MMCF,exports by vessel,NIN,India,other_asia,10100,5.81
2020-06-15,2026-09-30,NGM_EPG0_EVE_NUS-NIS_MMCF,exports by vessel,NIS,Israel,middle_east_africa,3277,4.05
2020-06-15,2026-09-30,NGM_EPG0_EVE_NUS-NIT_MMCF,exports by vessel,NIT,Italy,europe,12998,5.1
2020-06-15,2026-09-30,NGM_EPG0_EVE_NUS-NJA_MMCF,exports by vessel,NJA,Japan,jkm_markets,21836,6.19
2020-06-15,2026-09-30,NGM_EPG0_EVE_NUS-NJM_MMCF,exports by vessel,NJM,Jamaica,americas,0,
2020-06-15,2026-09-30,NGM_EPG0_EVE_NUS-NJO_MMCF,exports by vessel,NJO,Jordan,middle_east_africa,0,
2020-06-15,2026-09-30,NGM_EPG0_EVE_NUS-NKS_MMCF,exports by vessel,NKS,South Korea,jkm_markets,28171,5.2
2020-06-15,2026-09-30,NGM_EPG0_EVE_NUS-NKU_MMCF,exports by vessel,NKU,Kuwait,middle_east_africa,0,
2020-06-15,2026-09-30,NGM_EPG0_EVE_NUS-NLH_MMCF,exports by vessel,NLH,Lithuania,europe,3049,5.2
2020-06-15,2026-09-30,NGM_EPG0_EVE_NUS-NM6_MMCF,exports by vessel,NM6,Malta,europe,0,
2020-06-15,2026-09-30,NGM_EPG0_EVE_NUS-NMR_MMCF,exports by vessel,NMR,Mauritania,middle_east_africa,,
2020-06-15,2026-09-30,NGM_EPG0_EVE_NUS-NMX_MMCF,exports by vessel,NMX,Mexico,americas,0,
2020-06-15,2026-09-30,NGM_EPG0_EVE_NUS-NMY_MMCF,exports by vessel,NMY,Malaysia,other_asia,0,
2020-06-15,2026-09-30,NGM_EPG0_EVE_NUS-NNL_MMCF,exports by vessel,NNL,Netherlands,europe,6870,6.13
2020-06-15,2026-09-30,NGM_EPG0_EVE_NUS-NNU_MMCF,exports by vessel,NNU,Nicaragua,americas,0,
2020-06-15,2026-09-30,NGM_EPG0_EVE_NUS-NPK_MMCF,exports by vessel,NPK,Pakistan,other_asia,0,
2020-06-15,2026-09-30,NGM_EPG0_EVE_NUS-NPL_MMCF,exports by vessel,NPL,Poland,europe,3385,6.93
2020-06-15,2026-09-30,NGM_EPG0_EVE_NUS-NPM_MMCF,exports by vessel,NPM,Panama,americas,0,
2020-06-15,2026-09-30,NGM_EPG0_EVE_NUS-NPO_MMCF,exports by vessel,NPO,Portugal,europe,0,
2020-06-15,2026-09-30,NGM_EPG0_EVE_NUS-NRP_MMCF,exports by vessel,NRP,Philippines,other_asia,,
2020-06-15,2026-09-30,NGM_EPG0_EVE_NUS-NRS_MMCF,exports by vessel,NRS,Russia,europe,0,
2020-06-15,2026-09-30,NGM_EPG0_EVE_NUS-NSG_MMCF,exports by vessel,NSG,Senegal,middle_east_africa,,
2020-06-15,2026-09-30,NGM_EPG0_EVE_NUS-NSN_MMCF,exports by vessel,NSN,Singapore,other_asia,0,
2020-06-15,2026-09-30,NGM_EPG0_EVE_NUS-NSP_MMCF,exports by vessel,NSP,Spain,europe,9640,5.85
2020-06-15,2026-09-30,NGM_EPG0_EVE_NUS-NTC_MMCF,exports by vessel,NTC,United Arab Emirates,middle_east_africa,0,
2020-06-15,2026-09-30,NGM_EPG0_EVE_NUS-NTH_MMCF,exports by vessel,NTH,Thailand,other_asia,0,
2020-06-15,2026-09-30,NGM_EPG0_EVE_NUS-NTU_MMCF,exports by vessel,NTU,Turkiye,europe,0,
2020-06-15,2026-09-30,NGM_EPG0_EVE_NUS-NTW_MMCF,exports by vessel,NTW,Taiwan,jkm_markets,2953,4.05
2020-06-15,2026-09-30,NGM_EPG0_EVE_NUS-NUK_MMCF,exports by vessel,NUK,United Kingdom,europe,,
2020-06-15,2026-09-30,NGM_EPG0_EVE_NUS-Z00_MMCF,exports by vessel,Z00,,,108941,5.55
2020-06-15,2026-09-30,NGM_EPG0_EVT_NUS-Z00_MMCF,exports by vessel and truck,Z00,,,109002,5.55
2020-07-15,2026-09-30,N9133US2,LNG total including re-exports,Z00,,,96200,5.73
2020-07-15,2026-09-30,NGM_EPG0_ERE_NUS-NAT_MMCF,re-exports,NAT,Argentina,americas,0,
2020-07-15,2026-09-30,NGM_EPG0_ERE_NUS-NBR_MMCF,re-exports,NBR,Brazil,americas,0,
2020-07-15,2026-09-30,NGM_EPG0_ERE_NUS-NCH_MMCF,re-exports,NCH,China,jkm_markets,0,
2020-07-15,2026-09-30,NGM_EPG0_ERE_NUS-NCI_MMCF,re-exports,NCI,Chile,americas,,
2020-07-15,2026-09-30,NGM_EPG0_ERE_NUS-NEG_MMCF,re-exports,NEG,Egypt,middle_east_africa,0,
2020-07-15,2026-09-30,NGM_EPG0_ERE_NUS-NIN_MMCF,re-exports,NIN,India,other_asia,0,
2020-07-15,2026-09-30,NGM_EPG0_ERE_NUS-NJA_MMCF,re-exports,NJA,Japan,jkm_markets,0,
2020-07-15,2026-09-30,NGM_EPG0_ERE_NUS-NKS_MMCF,re-exports,NKS,South Korea,jkm_markets,0,
2020-07-15,2026-09-30,NGM_EPG0_ERE_NUS-NMX_MMCF,re-exports,NMX,Mexico,americas,0,
2020-07-15,2026-09-30,NGM_EPG0_ERE_NUS-NPO_MMCF,re-exports,NPO,Portugal,europe,,
2020-07-15,2026-09-30,NGM_EPG0_ERE_NUS-NSP_MMCF,re-exports,NSP,Spain,europe,0,
2020-07-15,2026-09-30,NGM_EPG0_ERE_NUS-NTU_MMCF,re-exports,NTU,Turkiye,europe,0,
2020-07-15,2026-09-30,NGM_EPG0_ERE_NUS-NUK_MMCF,re-exports,NUK,United Kingdom,europe,0,
2020-07-15,2026-09-30,NGM_EPG0_ERE_NUS-Z00_MMCF,re-exports,Z00,,,0,
2020-07-15,2026-09-30,NGM_EPG0_ETR_NUS-NCA_MMCF,exports by truck,NCA,Canada,americas,0,
2020-07-15,2026-09-30,NGM_EPG0_ETR_NUS-NMX_MMCF,exports by truck,NMX,Mexico,americas,72,7.56
2020-07-15,2026-09-30,NGM_EPG0_ETR_NUS-Z00_MMCF,exports by truck,Z00,,,72,7.56
2020-07-15,2026-09-30,NGM_EPG0_EVE_NUS-NAC_MMCF,exports by vessel,NAC,Antigua and Barbuda,americas,0,
2020-07-15,2026-09-30,NGM_EPG0_EVE_NUS-NAT_MMCF,exports by vessel,NAT,Argentina,americas,2218,6.69
2020-07-15,2026-09-30,NGM_EPG0_EVE_NUS-NBA_MMCF,exports by vessel,NBA,Bahrain,middle_east_africa,,
2020-07-15,2026-09-30,NGM_EPG0_EVE_NUS-NBB_MMCF,exports by vessel,NBB,Barbados,americas,15,10.39
2020-07-15,2026-09-30,NGM_EPG0_EVE_NUS-NBE_MMCF,exports by vessel,NBE,Belgium,europe,0,
2020-07-15,2026-09-30,NGM_EPG0_EVE_NUS-NBF_MMCF,exports by vessel,NBF,Bahamas,americas,15,10.39
2020-07-15,2026-09-30,NGM_EPG0_EVE_NUS-NBG_MMCF,exports by vessel,NBG,Bangladesh,other_asia,3614,5.44
2020-07-15,2026-09-30,NGM_EPG0_EVE_NUS-NBR_MMCF,exports by vessel,NBR,Brazil,americas,0,
2020-07-15,2026-09-30,NGM_EPG0_EVE_NUS-NCA_MMCF,exports by vessel,NCA,Canada,americas,,
2020-07-15,2026-09-30,NGM_EPG0_EVE_NUS-NCH_MMCF,exports by vessel,NCH,China,jkm_markets,10358,6.31
2020-07-15,2026-09-30,NGM_EPG0_EVE_NUS-NCI_MMCF,exports by vessel,NCI,Chile,americas,1515,6.69
2020-07-15,2026-09-30,NGM_EPG0_EVE_NUS-NCO_MMCF,exports by vessel,NCO,Colombia,americas,0,
2020-07-15,2026-09-30,NGM_EPG0_EVE_NUS-NDR_MMCF,exports by vessel,NDR,Dominican Republic,americas,0,
2020-07-15,2026-09-30,NGM_EPG0_EVE_NUS-NEG_MMCF,exports by vessel,NEG,Egypt,middle_east_africa,0,
2020-07-15,2026-09-30,NGM_EPG0_EVE_NUS-NES_MMCF,exports by vessel,NES,El Salvador,americas,,
2020-07-15,2026-09-30,NGM_EPG0_EVE_NUS-NFI_MMCF,exports by vessel,NFI,Finland,europe,,
2020-07-15,2026-09-30,NGM_EPG0_EVE_NUS-NFR_MMCF,exports by vessel,NFR,France,europe,0,
2020-07-15,2026-09-30,NGM_EPG0_EVE_NUS-NGM_MMCF,exports by vessel,NGM,Germany,europe,,
2020-07-15,2026-09-30,NGM_EPG0_EVE_NUS-NGR_MMCF,exports by vessel,NGR,Greece,europe,6544,6.67
2020-07-15,2026-09-30,NGM_EPG0_EVE_NUS-NHA_MMCF,exports by vessel,NHA,Haiti,americas,8,10.39
2020-07-15,2026-09-30,NGM_EPG0_EVE_NUS-NHR_MMCF,exports by vessel,NHR,Croatia,europe,0,
2020-07-15,2026-09-30,NGM_EPG0_EVE_NUS-NID_MMCF,exports by vessel,NID,Indonesia,other_asia,,
2020-07-15,2026-09-30,NGM_EPG0_EVE_NUS-NIN_MMCF,exports by vessel,NIN,India,other_asia,7404,4.79
2020-07-15,2026-09-30,NGM_EPG0_EVE_NUS-NIS_MMCF,exports by vessel,NIS,Israel,middle_east_africa,3317,5.44
2020-07-15,2026-09-30,NGM_EPG0_EVE_NUS-NIT_MMCF,exports by vessel,NIT,Italy,europe,3232,5.08
2020-07-15,2026-09-30,NGM_EPG0_EVE_NUS-NJA_MMCF,exports by vessel,NJA,Japan,jkm_markets,10618,7.15
2020-07-15,2026-09-30,NGM_EPG0_EVE_NUS-NJM_MMCF,exports by vessel,NJM,Jamaica,americas,0,
2020-07-15,2026-09-30,NGM_EPG0_EVE_NUS-NJO_MMCF,exports by vessel,NJO,Jordan,middle_east_africa,0,
2020-07-15,2026-09-30,NGM_EPG0_EVE_NUS-NKS_MMCF,exports by vessel,NKS,South Korea,jkm_markets,10492,4.91
2020-07-15,2026-09-30,NGM_EPG0_EVE_NUS-NKU_MMCF,exports by vessel,NKU,Kuwait,middle_east_africa,0,
2020-07-15,2026-09-30,NGM_EPG0_EVE_NUS-NLH_MMCF,exports by vessel,NLH,Lithuania,europe,0,
2020-07-15,2026-09-30,NGM_EPG0_EVE_NUS-NM6_MMCF,exports by vessel,NM6,Malta,europe,0,
2020-07-15,2026-09-30,NGM_EPG0_EVE_NUS-NMR_MMCF,exports by vessel,NMR,Mauritania,middle_east_africa,,
2020-07-15,2026-09-30,NGM_EPG0_EVE_NUS-NMX_MMCF,exports by vessel,NMX,Mexico,americas,0,
2020-07-15,2026-09-30,NGM_EPG0_EVE_NUS-NMY_MMCF,exports by vessel,NMY,Malaysia,other_asia,0,
2020-07-15,2026-09-30,NGM_EPG0_EVE_NUS-NNL_MMCF,exports by vessel,NNL,Netherlands,europe,6746,6.13
2020-07-15,2026-09-30,NGM_EPG0_EVE_NUS-NNU_MMCF,exports by vessel,NNU,Nicaragua,americas,0,
2020-07-15,2026-09-30,NGM_EPG0_EVE_NUS-NPK_MMCF,exports by vessel,NPK,Pakistan,other_asia,0,
2020-07-15,2026-09-30,NGM_EPG0_EVE_NUS-NPL_MMCF,exports by vessel,NPL,Poland,europe,0,
2020-07-15,2026-09-30,NGM_EPG0_EVE_NUS-NPM_MMCF,exports by vessel,NPM,Panama,americas,0,
2020-07-15,2026-09-30,NGM_EPG0_EVE_NUS-NPO_MMCF,exports by vessel,NPO,Portugal,europe,0,
2020-07-15,2026-09-30,NGM_EPG0_EVE_NUS-NRP_MMCF,exports by vessel,NRP,Philippines,other_asia,,
2020-07-15,2026-09-30,NGM_EPG0_EVE_NUS-NRS_MMCF,exports by vessel,NRS,Russia,europe,0,
2020-07-15,2026-09-30,NGM_EPG0_EVE_NUS-NSG_MMCF,exports by vessel,NSG,Senegal,middle_east_africa,,
2020-07-15,2026-09-30,NGM_EPG0_EVE_NUS-NSN_MMCF,exports by vessel,NSN,Singapore,other_asia,3690,5.71
2020-07-15,2026-09-30,NGM_EPG0_EVE_NUS-NSP_MMCF,exports by vessel,NSP,Spain,europe,13679,5.32
2020-07-15,2026-09-30,NGM_EPG0_EVE_NUS-NTC_MMCF,exports by vessel,NTC,United Arab Emirates,middle_east_africa,3277,5.28
2020-07-15,2026-09-30,NGM_EPG0_EVE_NUS-NTH_MMCF,exports by vessel,NTH,Thailand,other_asia,3254,4.91
2020-07-15,2026-09-30,NGM_EPG0_EVE_NUS-NTU_MMCF,exports by vessel,NTU,Turkiye,europe,3222,5.08
2020-07-15,2026-09-30,NGM_EPG0_EVE_NUS-NTW_MMCF,exports by vessel,NTW,Taiwan,jkm_markets,0,
2020-07-15,2026-09-30,NGM_EPG0_EVE_NUS-NUK_MMCF,exports by vessel,NUK,United Kingdom,europe,2908,4.91
2020-07-15,2026-09-30,NGM_EPG0_EVE_NUS-Z00_MMCF,exports by vessel,Z00,,,96128,5.73
2020-07-15,2026-09-30,NGM_EPG0_EVT_NUS-Z00_MMCF,exports by vessel and truck,Z00,,,96200,5.73
2020-08-15,2026-09-30,N9133US2,LNG total including re-exports,Z00,,,112462,5.85
2020-08-15,2026-09-30,NGM_EPG0_ERE_NUS-NAT_MMCF,re-exports,NAT,Argentina,americas,2164,1.86
2020-08-15,2026-09-30,NGM_EPG0_ERE_NUS-NBR_MMCF,re-exports,NBR,Brazil,americas,0,
2020-08-15,2026-09-30,NGM_EPG0_ERE_NUS-NCH_MMCF,re-exports,NCH,China,jkm_markets,0,
2020-08-15,2026-09-30,NGM_EPG0_ERE_NUS-NCI_MMCF,re-exports,NCI,Chile,americas,,
2020-08-15,2026-09-30,NGM_EPG0_ERE_NUS-NEG_MMCF,re-exports,NEG,Egypt,middle_east_africa,0,
2020-08-15,2026-09-30,NGM_EPG0_ERE_NUS-NIN_MMCF,re-exports,NIN,India,other_asia,0,
2020-08-15,2026-09-30,NGM_EPG0_ERE_NUS-NJA_MMCF,re-exports,NJA,Japan,jkm_markets,0,
2020-08-15,2026-09-30,NGM_EPG0_ERE_NUS-NKS_MMCF,re-exports,NKS,South Korea,jkm_markets,0,
2020-08-15,2026-09-30,NGM_EPG0_ERE_NUS-NMX_MMCF,re-exports,NMX,Mexico,americas,0,
2020-08-15,2026-09-30,NGM_EPG0_ERE_NUS-NPO_MMCF,re-exports,NPO,Portugal,europe,,
2020-08-15,2026-09-30,NGM_EPG0_ERE_NUS-NSP_MMCF,re-exports,NSP,Spain,europe,0,
2020-08-15,2026-09-30,NGM_EPG0_ERE_NUS-NTU_MMCF,re-exports,NTU,Turkiye,europe,0,
2020-08-15,2026-09-30,NGM_EPG0_ERE_NUS-NUK_MMCF,re-exports,NUK,United Kingdom,europe,0,
2020-08-15,2026-09-30,NGM_EPG0_ERE_NUS-Z00_MMCF,re-exports,Z00,,,2164,1.86
2020-08-15,2026-09-30,NGM_EPG0_ETR_NUS-NCA_MMCF,exports by truck,NCA,Canada,americas,0,
2020-08-15,2026-09-30,NGM_EPG0_ETR_NUS-NMX_MMCF,exports by truck,NMX,Mexico,americas,78,7.98
2020-08-15,2026-09-30,NGM_EPG0_ETR_NUS-Z00_MMCF,exports by truck,Z00,,,78,7.98
2020-08-15,2026-09-30,NGM_EPG0_EVE_NUS-NAC_MMCF,exports by vessel,NAC,Antigua and Barbuda,americas,0,
2020-08-15,2026-09-30,NGM_EPG0_EVE_NUS-NAT_MMCF,exports by vessel,NAT,Argentina,americas,2249,4.42
2020-08-15,2026-09-30,NGM_EPG0_EVE_NUS-NBA_MMCF,exports by vessel,NBA,Bahrain,middle_east_africa,,
2020-08-15,2026-09-30,NGM_EPG0_EVE_NUS-NBB_MMCF,exports by vessel,NBB,Barbados,americas,14,10.39
2020-08-15,2026-09-30,NGM_EPG0_EVE_NUS-NBE_MMCF,exports by vessel,NBE,Belgium,europe,0,
2020-08-15,2026-09-30,NGM_EPG0_EVE_NUS-NBF_MMCF,exports by vessel,NBF,Bahamas,americas,21,10.39
2020-08-15,2026-09-30,NGM_EPG0_EVE_NUS-NBG_MMCF,exports by vessel,NBG,Bangladesh,other_asia,0,
2020-08-15,2026-09-30,NGM_EPG0_EVE_NUS-NBR_MMCF,exports by vessel,NBR,Brazil,americas,3520,2.63
2020-08-15,2026-09-30,NGM_EPG0_EVE_NUS-NCA_MMCF,exports by vessel,NCA,Canada,americas,,
2020-08-15,2026-09-30,NGM_EPG0_EVE_NUS-NCH_MMCF,exports by vessel,NCH,China,jkm_markets,13699,6.84
2020-08-15,2026-09-30,NGM_EPG0_EVE_NUS-NCI_MMCF,exports by vessel,NCI,Chile,americas,7428,7.33
2020-08-15,2026-09-30,NGM_EPG0_EVE_NUS-NCO_MMCF,exports by vessel,NCO,Colombia,americas,550,5.38
2020-08-15,2026-09-30,NGM_EPG0_EVE_NUS-NDR_MMCF,exports by vessel,NDR,Dominican Republic,americas,2772,5.38
2020-08-15,2026-09-30,NGM_EPG0_EVE_NUS-NEG_MMCF,exports by vessel,NEG,Egypt,middle_east_africa,0,
2020-08-15,2026-09-30,NGM_EPG0_EVE_NUS-NES_MMCF,exports by vessel,NES,El Salvador,americas,,
2020-08-15,2026-09-30,NGM_EPG0_EVE_NUS-NFI_MMCF,exports by vessel,NFI,Finland,europe,,
2020-08-15,2026-09-30,NGM_EPG0_EVE_NUS-NFR_MMCF,exports by vessel,NFR,France,europe,0,
2020-08-15,2026-09-30,NGM_EPG0_EVE_NUS-NGM_MMCF,exports by vessel,NGM,Germany,europe,,
2020-08-15,2026-09-30,NGM_EPG0_EVE_NUS-NGR_MMCF,exports by vessel,NGR,Greece,europe,0,
2020-08-15,2026-09-30,NGM_EPG0_EVE_NUS-NHA_MMCF,exports by vessel,NHA,Haiti,americas,11,10.39
2020-08-15,2026-09-30,NGM_EPG0_EVE_NUS-NHR_MMCF,exports by vessel,NHR,Croatia,europe,0,
2020-08-15,2026-09-30,NGM_EPG0_EVE_NUS-NID_MMCF,exports by vessel,NID,Indonesia,other_asia,,
2020-08-15,2026-09-30,NGM_EPG0_EVE_NUS-NIN_MMCF,exports by vessel,NIN,India,other_asia,10319,6.63
2020-08-15,2026-09-30,NGM_EPG0_EVE_NUS-NIS_MMCF,exports by vessel,NIS,Israel,middle_east_africa,3001,4.84
2020-08-15,2026-09-30,NGM_EPG0_EVE_NUS-NIT_MMCF,exports by vessel,NIT,Italy,europe,6734,4.07
2020-08-15,2026-09-30,NGM_EPG0_EVE_NUS-NJA_MMCF,exports by vessel,NJA,Japan,jkm_markets,22541,6.96
2020-08-15,2026-09-30,NGM_EPG0_EVE_NUS-NJM_MMCF,exports by vessel,NJM,Jamaica,americas,0,
2020-08-15,2026-09-30,NGM_EPG0_EVE_NUS-NJO_MMCF,exports by vessel,NJO,Jordan,middle_east_africa,0,
2020-08-15,2026-09-30,NGM_EPG0_EVE_NUS-NKS_MMCF,exports by vessel,NKS,South Korea,jkm_markets,13814,5.23
2020-08-15,2026-09-30,NGM_EPG0_EVE_NUS-NKU_MMCF,exports by vessel,NKU,Kuwait,middle_east_africa,6886,6.33
2020-08-15,2026-09-30,NGM_EPG0_EVE_NUS-NLH_MMCF,exports by vessel,NLH,Lithuania,europe,0,
2020-08-15,2026-09-30,NGM_EPG0_EVE_NUS-NM6_MMCF,exports by vessel,NM6,Malta,europe,0,
2020-08-15,2026-09-30,NGM_EPG0_EVE_NUS-NMR_MMCF,exports by vessel,NMR,Mauritania,middle_east_africa,,
2020-08-15,2026-09-30,NGM_EPG0_EVE_NUS-NMX_MMCF,exports by vessel,NMX,Mexico,americas,3701,4.71
2020-08-15,2026-09-30,NGM_EPG0_EVE_NUS-NMY_MMCF,exports by vessel,NMY,Malaysia,other_asia,0,
2020-08-15,2026-09-30,NGM_EPG0_EVE_NUS-NNL_MMCF,exports by vessel,NNL,Netherlands,europe,0,
2020-08-15,2026-09-30,NGM_EPG0_EVE_NUS-NNU_MMCF,exports by vessel,NNU,Nicaragua,americas,0,
2020-08-15,2026-09-30,NGM_EPG0_EVE_NUS-NPK_MMCF,exports by vessel,NPK,Pakistan,other_asia,3412,2.25
2020-08-15,2026-09-30,NGM_EPG0_EVE_NUS-NPL_MMCF,exports by vessel,NPL,Poland,europe,0,
2020-08-15,2026-09-30,NGM_EPG0_EVE_NUS-NPM_MMCF,exports by vessel,NPM,Panama,americas,0,
2020-08-15,2026-09-30,NGM_EPG0_EVE_NUS-NPO_MMCF,exports by vessel,NPO,Portugal,europe,0,
2020-08-15,2026-09-30,NGM_EPG0_EVE_NUS-NRP_MMCF,exports by vessel,NRP,Philippines,other_asia,,
2020-08-15,2026-09-30,NGM_EPG0_EVE_NUS-NRS_MMCF,exports by vessel,NRS,Russia,europe,0,
2020-08-15,2026-09-30,NGM_EPG0_EVE_NUS-NSG_MMCF,exports by vessel,NSG,Senegal,middle_east_africa,,
2020-08-15,2026-09-30,NGM_EPG0_EVE_NUS-NSN_MMCF,exports by vessel,NSN,Singapore,other_asia,2967,5.88
2020-08-15,2026-09-30,NGM_EPG0_EVE_NUS-NSP_MMCF,exports by vessel,NSP,Spain,europe,3222,5.5
2020-08-15,2026-09-30,NGM_EPG0_EVE_NUS-NTC_MMCF,exports by vessel,NTC,United Arab Emirates,middle_east_africa,3359,7.19
2020-08-15,2026-09-30,NGM_EPG0_EVE_NUS-NTH_MMCF,exports by vessel,NTH,Thailand,other_asia,0,
2020-08-15,2026-09-30,NGM_EPG0_EVE_NUS-NTU_MMCF,exports by vessel,NTU,Turkiye,europe,0,
2020-08-15,2026-09-30,NGM_EPG0_EVE_NUS-NTW_MMCF,exports by vessel,NTW,Taiwan,jkm_markets,0,
2020-08-15,2026-09-30,NGM_EPG0_EVE_NUS-NUK_MMCF,exports by vessel,NUK,United Kingdom,europe,,
2020-08-15,2026-09-30,NGM_EPG0_EVE_NUS-Z00_MMCF,exports by vessel,Z00,,,110220,5.92
2020-08-15,2026-09-30,NGM_EPG0_EVT_NUS-Z00_MMCF,exports by vessel and truck,Z00,,,110298,5.93
2020-09-15,2026-09-30,N9133US2,LNG total including re-exports,Z00,,,151128,5.53
2020-09-15,2026-09-30,NGM_EPG0_ERE_NUS-NAT_MMCF,re-exports,NAT,Argentina,americas,0,
2020-09-15,2026-09-30,NGM_EPG0_ERE_NUS-NBR_MMCF,re-exports,NBR,Brazil,americas,0,
2020-09-15,2026-09-30,NGM_EPG0_ERE_NUS-NCH_MMCF,re-exports,NCH,China,jkm_markets,0,
2020-09-15,2026-09-30,NGM_EPG0_ERE_NUS-NCI_MMCF,re-exports,NCI,Chile,americas,,
2020-09-15,2026-09-30,NGM_EPG0_ERE_NUS-NEG_MMCF,re-exports,NEG,Egypt,middle_east_africa,0,
2020-09-15,2026-09-30,NGM_EPG0_ERE_NUS-NIN_MMCF,re-exports,NIN,India,other_asia,0,
2020-09-15,2026-09-30,NGM_EPG0_ERE_NUS-NJA_MMCF,re-exports,NJA,Japan,jkm_markets,0,
2020-09-15,2026-09-30,NGM_EPG0_ERE_NUS-NKS_MMCF,re-exports,NKS,South Korea,jkm_markets,0,
2020-09-15,2026-09-30,NGM_EPG0_ERE_NUS-NMX_MMCF,re-exports,NMX,Mexico,americas,0,
2020-09-15,2026-09-30,NGM_EPG0_ERE_NUS-NPO_MMCF,re-exports,NPO,Portugal,europe,,
2020-09-15,2026-09-30,NGM_EPG0_ERE_NUS-NSP_MMCF,re-exports,NSP,Spain,europe,0,
2020-09-15,2026-09-30,NGM_EPG0_ERE_NUS-NTU_MMCF,re-exports,NTU,Turkiye,europe,0,
2020-09-15,2026-09-30,NGM_EPG0_ERE_NUS-NUK_MMCF,re-exports,NUK,United Kingdom,europe,0,
2020-09-15,2026-09-30,NGM_EPG0_ERE_NUS-Z00_MMCF,re-exports,Z00,,,0,
2020-09-15,2026-09-30,NGM_EPG0_ETR_NUS-NCA_MMCF,exports by truck,NCA,Canada,americas,0,
2020-09-15,2026-09-30,NGM_EPG0_ETR_NUS-NMX_MMCF,exports by truck,NMX,Mexico,americas,73,8.57
2020-09-15,2026-09-30,NGM_EPG0_ETR_NUS-Z00_MMCF,exports by truck,Z00,,,73,8.57
2020-09-15,2026-09-30,NGM_EPG0_EVE_NUS-NAC_MMCF,exports by vessel,NAC,Antigua and Barbuda,americas,0,
2020-09-15,2026-09-30,NGM_EPG0_EVE_NUS-NAT_MMCF,exports by vessel,NAT,Argentina,americas,0,
2020-09-15,2026-09-30,NGM_EPG0_EVE_NUS-NBA_MMCF,exports by vessel,NBA,Bahrain,middle_east_africa,,
2020-09-15,2026-09-30,NGM_EPG0_EVE_NUS-NBB_MMCF,exports by vessel,NBB,Barbados,americas,14,10.39
2020-09-15,2026-09-30,NGM_EPG0_EVE_NUS-NBE_MMCF,exports by vessel,NBE,Belgium,europe,0,
2020-09-15,2026-09-30,NGM_EPG0_EVE_NUS-NBF_MMCF,exports by vessel,NBF,Bahamas,americas,20,10.39
2020-09-15,2026-09-30,NGM_EPG0_EVE_NUS-NBG_MMCF,exports by vessel,NBG,Bangladesh,other_asia,0,
2020-09-15,2026-09-30,NGM_EPG0_EVE_NUS-NBR_MMCF,exports by vessel,NBR,Brazil,americas,0,
2020-09-15,2026-09-30,NGM_EPG0_EVE_NUS-NCA_MMCF,exports by vessel,NCA,Canada,americas,,
2020-09-15,2026-09-30,NGM_EPG0_EVE_NUS-NCH_MMCF,exports by vessel,NCH,China,jkm_markets,11245,6.65
2020-09-15,2026-09-30,NGM_EPG0_EVE_NUS-NCI_MMCF,exports by vessel,NCI,Chile,americas,3277,6.2
2020-09-15,2026-09-30,NGM_EPG0_EVE_NUS-NCO_MMCF,exports by vessel,NCO,Colombia,americas,2548,6.23
2020-09-15,2026-09-30,NGM_EPG0_EVE_NUS-NDR_MMCF,exports by vessel,NDR,Dominican Republic,americas,0,
2020-09-15,2026-09-30,NGM_EPG0_EVE_NUS-NEG_MMCF,exports by vessel,NEG,Egypt,middle_east_africa,0,
2020-09-15,2026-09-30,NGM_EPG0_EVE_NUS-NES_MMCF,exports by vessel,NES,El Salvador,americas,,
2020-09-15,2026-09-30,NGM_EPG0_EVE_NUS-NFI_MMCF,exports by vessel,NFI,Finland,europe,,
2020-09-15,2026-09-30,NGM_EPG0_EVE_NUS-NFR_MMCF,exports by vessel,NFR,France,europe,0,
2020-09-15,2026-09-30,NGM_EPG0_EVE_NUS-NGM_MMCF,exports by vessel,NGM,Germany,europe,,
2020-09-15,2026-09-30,NGM_EPG0_EVE_NUS-NGR_MMCF,exports by vessel,NGR,Greece,europe,7027,4.52
2020-09-15,2026-09-30,NGM_EPG0_EVE_NUS-NHA_MMCF,exports by vessel,NHA,Haiti,americas,8,10.39
2020-09-15,2026-09-30,NGM_EPG0_EVE_NUS-NHR_MMCF,exports by vessel,NHR,Croatia,europe,0,
2020-09-15,2026-09-30,NGM_EPG0_EVE_NUS-NID_MMCF,exports by vessel,NID,Indonesia,other_asia,,
2020-09-15,2026-09-30,NGM_EPG0_EVE_NUS-NIN_MMCF,exports by vessel,NIN,India,other_asia,10514,5.67
2020-09-15,2026-09-30,NGM_EPG0_EVE_NUS-NIS_MMCF,exports by vessel,NIS,Israel,middle_east_africa,3041,6.23
2020-09-15,2026-09-30,NGM_EPG0_EVE_NUS-NIT_MMCF,exports by vessel,NIT,Italy,europe,0,
2020-09-15,2026-09-30,NGM_EPG0_EVE_NUS-NJA_MMCF,exports by vessel,NJA,Japan,jkm_markets,6855,5.37
2020-09-15,2026-09-30,NGM_EPG0_EVE_NUS-NJM_MMCF,exports by vessel,NJM,Jamaica,americas,2610,3.19
2020-09-15,2026-09-30,NGM_EPG0_EVE_NUS-NJO_MMCF,exports by vessel,NJO,Jordan,middle_east_africa,3578,5.71
2020-09-15,2026-09-30,NGM_EPG0_EVE_NUS-NKS_MMCF,exports by vessel,NKS,South Korea,jkm_markets,32126,5.1
2020-09-15,2026-09-30,NGM_EPG0_EVE_NUS-NKU_MMCF,exports by vessel,NKU,Kuwait,middle_east_africa,3508,5.67
2020-09-15,2026-09-30,NGM_EPG0_EVE_NUS-NLH_MMCF,exports by vessel,NLH,Lithuania,europe,3308,6.72
2020-09-15,2026-09-30,NGM_EPG0_EVE_NUS-NM6_MMCF,exports by vessel,NM6,Malta,europe,0,
2020-09-15,2026-09-30,NGM_EPG0_EVE_NUS-NMR_MMCF,exports by vessel,NMR,Mauritania,middle_east_africa,,
2020-09-15,2026-09-30,NGM_EPG0_EVE_NUS-NMX_MMCF,exports by vessel,NMX,Mexico,americas,3285,5.7
2020-09-15,2026-09-30,NGM_EPG0_EVE_NUS-NMY_MMCF,exports by vessel,NMY,Malaysia,other_asia,0,
2020-09-15,2026-09-30,NGM_EPG0_EVE_NUS-NNL_MMCF,exports by vessel,NNL,Netherlands,europe,6671,5.37
2020-09-15,2026-09-30,NGM_EPG0_EVE_NUS-NNU_MMCF,exports by vessel,NNU,Nicaragua,americas,0,
2020-09-15,2026-09-30,NGM_EPG0_EVE_NUS-NPK_MMCF,exports by vessel,NPK,Pakistan,other_asia,9853,5.16
2020-09-15,2026-09-30,NGM_EPG0_EVE_NUS-NPL_MMCF,exports by vessel,NPL,Poland,europe,0,
2020-09-15,2026-09-30,NGM_EPG0_EVE_NUS-NPM_MMCF,exports by vessel,NPM,Panama,americas,3228,8.1
2020-09-15,2026-09-30,NGM_EPG0_EVE_NUS-NPO_MMCF,exports by vessel,NPO,Portugal,europe,6853,5.08
2020-09-15,2026-09-30,NGM_EPG0_EVE_NUS-NRP_MMCF,exports by vessel,NRP,Philippines,other_asia,,
2020-09-15,2026-09-30,NGM_EPG0_EVE_NUS-NRS_MMCF,exports by vessel,NRS,Russia,europe,0,
2020-09-15,2026-09-30,NGM_EPG0_EVE_NUS-NSG_MMCF,exports by vessel,NSG,Senegal,middle_east_africa,,
2020-09-15,2026-09-30,NGM_EPG0_EVE_NUS-NSN_MMCF,exports by vessel,NSN,Singapore,other_asia,0,
2020-09-15,2026-09-30,NGM_EPG0_EVE_NUS-NSP_MMCF,exports by vessel,NSP,Spain,europe,15206,5.59
2020-09-15,2026-09-30,NGM_EPG0_EVE_NUS-NTC_MMCF,exports by vessel,NTC,United Arab Emirates,middle_east_africa,0,
2020-09-15,2026-09-30,NGM_EPG0_EVE_NUS-NTH_MMCF,exports by vessel,NTH,Thailand,other_asia,0,
2020-09-15,2026-09-30,NGM_EPG0_EVE_NUS-NTU_MMCF,exports by vessel,NTU,Turkiye,europe,3611,4.22
2020-09-15,2026-09-30,NGM_EPG0_EVE_NUS-NTW_MMCF,exports by vessel,NTW,Taiwan,jkm_markets,9007,5.61
2020-09-15,2026-09-30,NGM_EPG0_EVE_NUS-NUK_MMCF,exports by vessel,NUK,United Kingdom,europe,3664,6.85
2020-09-15,2026-09-30,NGM_EPG0_EVE_NUS-Z00_MMCF,exports by vessel,Z00,,,151055,5.53
2020-09-15,2026-09-30,NGM_EPG0_EVT_NUS-Z00_MMCF,exports by vessel and truck,Z00,,,151128,5.53
2020-10-15,2026-09-30,N9133US2,LNG total including re-exports,Z00,,,222963,5.8
2020-10-15,2026-09-30,NGM_EPG0_ERE_NUS-NAT_MMCF,re-exports,NAT,Argentina,americas,0,
2020-10-15,2026-09-30,NGM_EPG0_ERE_NUS-NBR_MMCF,re-exports,NBR,Brazil,americas,82,9.07
2020-10-15,2026-09-30,NGM_EPG0_ERE_NUS-NCH_MMCF,re-exports,NCH,China,jkm_markets,0,
2020-10-15,2026-09-30,NGM_EPG0_ERE_NUS-NCI_MMCF,re-exports,NCI,Chile,americas,,
2020-10-15,2026-09-30,NGM_EPG0_ERE_NUS-NEG_MMCF,re-exports,NEG,Egypt,middle_east_africa,0,
2020-10-15,2026-09-30,NGM_EPG0_ERE_NUS-NIN_MMCF,re-exports,NIN,India,other_asia,0,
2020-10-15,2026-09-30,NGM_EPG0_ERE_NUS-NJA_MMCF,re-exports,NJA,Japan,jkm_markets,82,9.07
2020-10-15,2026-09-30,NGM_EPG0_ERE_NUS-NKS_MMCF,re-exports,NKS,South Korea,jkm_markets,82,9.07
2020-10-15,2026-09-30,NGM_EPG0_ERE_NUS-NMX_MMCF,re-exports,NMX,Mexico,americas,0,
2020-10-15,2026-09-30,NGM_EPG0_ERE_NUS-NPO_MMCF,re-exports,NPO,Portugal,europe,,
2020-10-15,2026-09-30,NGM_EPG0_ERE_NUS-NSP_MMCF,re-exports,NSP,Spain,europe,0,
2020-10-15,2026-09-30,NGM_EPG0_ERE_NUS-NTU_MMCF,re-exports,NTU,Turkiye,europe,0,
2020-10-15,2026-09-30,NGM_EPG0_ERE_NUS-NUK_MMCF,re-exports,NUK,United Kingdom,europe,0,
2020-10-15,2026-09-30,NGM_EPG0_ERE_NUS-Z00_MMCF,re-exports,Z00,,,245,9.07
2020-10-15,2026-09-30,NGM_EPG0_ETR_NUS-NCA_MMCF,exports by truck,NCA,Canada,americas,0,
2020-10-15,2026-09-30,NGM_EPG0_ETR_NUS-NMX_MMCF,exports by truck,NMX,Mexico,americas,68,7.5
2020-10-15,2026-09-30,NGM_EPG0_ETR_NUS-Z00_MMCF,exports by truck,Z00,,,68,7.5
2020-10-15,2026-09-30,NGM_EPG0_EVE_NUS-NAC_MMCF,exports by vessel,NAC,Antigua and Barbuda,americas,0,
2020-10-15,2026-09-30,NGM_EPG0_EVE_NUS-NAT_MMCF,exports by vessel,NAT,Argentina,americas,0,
2020-10-15,2026-09-30,NGM_EPG0_EVE_NUS-NBA_MMCF,exports by vessel,NBA,Bahrain,middle_east_africa,,
2020-10-15,2026-09-30,NGM_EPG0_EVE_NUS-NBB_MMCF,exports by vessel,NBB,Barbados,americas,17,10.39
2020-10-15,2026-09-30,NGM_EPG0_EVE_NUS-NBE_MMCF,exports by vessel,NBE,Belgium,europe,3285,5.63
2020-10-15,2026-09-30,NGM_EPG0_EVE_NUS-NBF_MMCF,exports by vessel,NBF,Bahamas,americas,25,10.39
2020-10-15,2026-09-30,NGM_EPG0_EVE_NUS-NBG_MMCF,exports by vessel,NBG,Bangladesh,other_asia,0,
2020-10-15,2026-09-30,NGM_EPG0_EVE_NUS-NBR_MMCF,exports by vessel,NBR,Brazil,americas,22427,7.24
2020-10-15,2026-09-30,NGM_EPG0_EVE_NUS-NCA_MMCF,exports by vessel,NCA,Canada,americas,,
2020-10-15,2026-09-30,NGM_EPG0_EVE_NUS-NCH_MMCF,exports by vessel,NCH,China,jkm_markets,35115,5.5
2020-10-15,2026-09-30,NGM_EPG0_EVE_NUS-NCI_MMCF,exports by vessel,NCI,Chile,americas,6836,5.39
2020-10-15,2026-09-30,NGM_EPG0_EVE_NUS-NCO_MMCF,exports by vessel,NCO,Colombia,americas,0,
2020-10-15,2026-09-30,NGM_EPG0_EVE_NUS-NDR_MMCF,exports by vessel,NDR,Dominican Republic,americas,5909,5.92
2020-10-15,2026-09-30,NGM_EPG0_EVE_NUS-NEG_MMCF,exports by vessel,NEG,Egypt,middle_east_africa,0,
2020-10-15,2026-09-30,NGM_EPG0_EVE_NUS-NES_MMCF,exports by vessel,NES,El Salvador,americas,,
2020-10-15,2026-09-30,NGM_EPG0_EVE_NUS-NFI_MMCF,exports by vessel,NFI,Finland,europe,,
2020-10-15,2026-09-30,NGM_EPG0_EVE_NUS-NFR_MMCF,exports by vessel,NFR,France,europe,6639,3.54
2020-10-15,2026-09-30,NGM_EPG0_EVE_NUS-NGM_MMCF,exports by vessel,NGM,Germany,europe,,
2020-10-15,2026-09-30,NGM_EPG0_EVE_NUS-NGR_MMCF,exports by vessel,NGR,Greece,europe,0,
2020-10-15,2026-09-30,NGM_EPG0_EVE_NUS-NHA_MMCF,exports by vessel,NHA,Haiti,americas,9,10.39
2020-10-15,2026-09-30,NGM_EPG0_EVE_NUS-NHR_MMCF,exports by vessel,NHR,Croatia,europe,0,
2020-10-15,2026-09-30,NGM_EPG0_EVE_NUS-NID_MMCF,exports by vessel,NID,Indonesia,other_asia,,
2020-10-15,2026-09-30,NGM_EPG0_EVE_NUS-NIN_MMCF,exports by vessel,NIN,India,other_asia,17762,5.17
2020-10-15,2026-09-30,NGM_EPG0_EVE_NUS-NIS_MMCF,exports by vessel,NIS,Israel,middle_east_africa,0,
2020-10-15,2026-09-30,NGM_EPG0_EVE_NUS-NIT_MMCF,exports by vessel,NIT,Italy,europe,0,
2020-10-15,2026-09-30,NGM_EPG0_EVE_NUS-NJA_MMCF,exports by vessel,NJA,Japan,jkm_markets,31554,6.75
2020-10-15,2026-09-30,NGM_EPG0_EVE_NUS-NJM_MMCF,exports by vessel,NJM,Jamaica,americas,2514,4.25
2020-10-15,2026-09-30,NGM_EPG0_EVE_NUS-NJO_MMCF,exports by vessel,NJO,Jordan,middle_east_africa,0,
2020-10-15,2026-09-30,NGM_EPG0_EVE_NUS-NKS_MMCF,exports by vessel,NKS,South Korea,jkm_markets,14239,6.88
2020-10-15,2026-09-30,NGM_EPG0_EVE_NUS-NKU_MMCF,exports by vessel,NKU,Kuwait,middle_east_africa,3603,5.14
2020-10-15,2026-09-30,NGM_EPG0_EVE_NUS-NLH_MMCF,exports by vessel,NLH,Lithuania,europe,6191,3.64
2020-10-15,2026-09-30,NGM_EPG0_EVE_NUS-NM6_MMCF,exports by vessel,NM6,Malta,europe,0,
2020-10-15,2026-09-30,NGM_EPG0_EVE_NUS-NMR_MMCF,exports by vessel,NMR,Mauritania,middle_east_africa,,
2020-10-15,2026-09-30,NGM_EPG0_EVE_NUS-NMX_MMCF,exports by vessel,NMX,Mexico,americas,7398,5.26
2020-10-15,2026-09-30,NGM_EPG0_EVE_NUS-NMY_MMCF,exports by vessel,NMY,Malaysia,other_asia,0,
2020-10-15,2026-09-30,NGM_EPG0_EVE_NUS-NNL_MMCF,exports by vessel,NNL,Netherlands,europe,3603,5.1
2020-10-15,2026-09-30,NGM_EPG0_EVE_NUS-NNU_MMCF,exports by vessel,NNU,Nicaragua,americas,0,
2020-10-15,2026-09-30,NGM_EPG0_EVE_NUS-NPK_MMCF,exports by vessel,NPK,Pakistan,other_asia,10009,5.6
2020-10-15,2026-09-30,NGM_EPG0_EVE_NUS-NPL_MMCF,exports by vessel,NPL,Poland,europe,3157,5.5
2020-10-15,2026-09-30,NGM_EPG0_EVE_NUS-NPM_MMCF,exports by vessel,NPM,Panama,americas,433,5.64
2020-10-15,2026-09-30,NGM_EPG0_EVE_NUS-NPO_MMCF,exports by vessel,NPO,Portugal,europe,3564,3.93
2020-10-15,2026-09-30,NGM_EPG0_EVE_NUS-NRP_MMCF,exports by vessel,NRP,Philippines,other_asia,,
2020-10-15,2026-09-30,NGM_EPG0_EVE_NUS-NRS_MMCF,exports by vessel,NRS,Russia,europe,0,
2020-10-15,2026-09-30,NGM_EPG0_EVE_NUS-NSG_MMCF,exports by vessel,NSG,Senegal,middle_east_africa,,
2020-10-15,2026-09-30,NGM_EPG0_EVE_NUS-NSN_MMCF,exports by vessel,NSN,Singapore,other_asia,3416,5.63
2020-10-15,2026-09-30,NGM_EPG0_EVE_NUS-NSP_MMCF,exports by vessel,NSP,Spain,europe,14118,5.71
2020-10-15,2026-09-30,NGM_EPG0_EVE_NUS-NTC_MMCF,exports by vessel,NTC,United Arab Emirates,middle_east_africa,0,
2020-10-15,2026-09-30,NGM_EPG0_EVE_NUS-NTH_MMCF,exports by vessel,NTH,Thailand,other_asia,0,
2020-10-15,2026-09-30,NGM_EPG0_EVE_NUS-NTU_MMCF,exports by vessel,NTU,Turkiye,europe,0,
2020-10-15,2026-09-30,NGM_EPG0_EVE_NUS-NTW_MMCF,exports by vessel,NTW,Taiwan,jkm_markets,3636,6.07
2020-10-15,2026-09-30,NGM_EPG0_EVE_NUS-NUK_MMCF,exports by vessel,NUK,United Kingdom,europe,17191,5.64
2020-10-15,2026-09-30,NGM_EPG0_EVE_NUS-Z00_MMCF,exports by vessel,Z00,,,222650,5.8
2020-10-15,2026-09-30,NGM_EPG0_EVT_NUS-Z00_MMCF,exports by vessel and truck,Z00,,,222717,5.8
2020-11-15,2026-09-30,N9133US2,LNG total including re-exports,Z00,,,280682,6.58
2020-11-15,2026-09-30,NGM_EPG0_ERE_NUS-NAT_MMCF,re-exports,NAT,Argentina,americas,0,
2020-11-15,2026-09-30,NGM_EPG0_ERE_NUS-NBR_MMCF,re-exports,NBR,Brazil,americas,0,
2020-11-15,2026-09-30,NGM_EPG0_ERE_NUS-NCH_MMCF,re-exports,NCH,China,jkm_markets,0,
2020-11-15,2026-09-30,NGM_EPG0_ERE_NUS-NCI_MMCF,re-exports,NCI,Chile,americas,,
2020-11-15,2026-09-30,NGM_EPG0_ERE_NUS-NEG_MMCF,re-exports,NEG,Egypt,middle_east_africa,0,
2020-11-15,2026-09-30,NGM_EPG0_ERE_NUS-NIN_MMCF,re-exports,NIN,India,other_asia,0,
2020-11-15,2026-09-30,NGM_EPG0_ERE_NUS-NJA_MMCF,re-exports,NJA,Japan,jkm_markets,0,
2020-11-15,2026-09-30,NGM_EPG0_ERE_NUS-NKS_MMCF,re-exports,NKS,South Korea,jkm_markets,0,
2020-11-15,2026-09-30,NGM_EPG0_ERE_NUS-NMX_MMCF,re-exports,NMX,Mexico,americas,0,
2020-11-15,2026-09-30,NGM_EPG0_ERE_NUS-NPO_MMCF,re-exports,NPO,Portugal,europe,,
2020-11-15,2026-09-30,NGM_EPG0_ERE_NUS-NSP_MMCF,re-exports,NSP,Spain,europe,0,
2020-11-15,2026-09-30,NGM_EPG0_ERE_NUS-NTU_MMCF,re-exports,NTU,Turkiye,europe,0,
2020-11-15,2026-09-30,NGM_EPG0_ERE_NUS-NUK_MMCF,re-exports,NUK,United Kingdom,europe,0,
2020-11-15,2026-09-30,NGM_EPG0_ERE_NUS-Z00_MMCF,re-exports,Z00,,,0,
2020-11-15,2026-09-30,NGM_EPG0_ETR_NUS-NCA_MMCF,exports by truck,NCA,Canada,americas,0,
2020-11-15,2026-09-30,NGM_EPG0_ETR_NUS-NMX_MMCF,exports by truck,NMX,Mexico,americas,52,8.62
2020-11-15,2026-09-30,NGM_EPG0_ETR_NUS-Z00_MMCF,exports by truck,Z00,,,52,8.62
2020-11-15,2026-09-30,NGM_EPG0_EVE_NUS-NAC_MMCF,exports by vessel,NAC,Antigua and Barbuda,americas,0,
2020-11-15,2026-09-30,NGM_EPG0_EVE_NUS-NAT_MMCF,exports by vessel,NAT,Argentina,americas,0,
2020-11-15,2026-09-30,NGM_EPG0_EVE_NUS-NBA_MMCF,exports by vessel,NBA,Bahrain,middle_east_africa,,
2020-11-15,2026-09-30,NGM_EPG0_EVE_NUS-NBB_MMCF,exports by vessel,NBB,Barbados,americas,15,10.39
2020-11-15,2026-09-30,NGM_EPG0_EVE_NUS-NBE_MMCF,exports by vessel,NBE,Belgium,europe,3633,7.24
2020-11-15,2026-09-30,NGM_EPG0_EVE_NUS-NBF_MMCF,exports by vessel,NBF,Bahamas,americas,31,10.39
2020-11-15,2026-09-30,NGM_EPG0_EVE_NUS-NBG_MMCF,exports by vessel,NBG,Bangladesh,other_asia,0,
2020-11-15,2026-09-30,NGM_EPG0_EVE_NUS-NBR_MMCF,exports by vessel,NBR,Brazil,americas,30191,7.1
2020-11-15,2026-09-30,NGM_EPG0_EVE_NUS-NCA_MMCF,exports by vessel,NCA,Canada,americas,,
2020-11-15,2026-09-30,NGM_EPG0_EVE_NUS-NCH_MMCF,exports by vessel,NCH,China,jkm_markets,45083,6.33
2020-11-15,2026-09-30,NGM_EPG0_EVE_NUS-NCI_MMCF,exports by vessel,NCI,Chile,americas,3252,6.01
2020-11-15,2026-09-30,NGM_EPG0_EVE_NUS-NCO_MMCF,exports by vessel,NCO,Colombia,americas,0,
2020-11-15,2026-09-30,NGM_EPG0_EVE_NUS-NDR_MMCF,exports by vessel,NDR,Dominican Republic,americas,5106,6.11
2020-11-15,2026-09-30,NGM_EPG0_EVE_NUS-NEG_MMCF,exports by vessel,NEG,Egypt,middle_east_africa,0,
2020-11-15,2026-09-30,NGM_EPG0_EVE_NUS-NES_MMCF,exports by vessel,NES,El Salvador,americas,,
2020-11-15,2026-09-30,NGM_EPG0_EVE_NUS-NFI_MMCF,exports by vessel,NFI,Finland,europe,,
2020-11-15,2026-09-30,NGM_EPG0_EVE_NUS-NFR_MMCF,exports by vessel,NFR,France,europe,3390,6.19
2020-11-15,2026-09-30,NGM_EPG0_EVE_NUS-NGM_MMCF,exports by vessel,NGM,Germany,europe,,
2020-11-15,2026-09-30,NGM_EPG0_EVE_NUS-NGR_MMCF,exports by vessel,NGR,Greece,europe,3543,6.11
2020-11-15,2026-09-30,NGM_EPG0_EVE_NUS-NHA_MMCF,exports by vessel,NHA,Haiti,americas,11,10.39
2020-11-15,2026-09-30,NGM_EPG0_EVE_NUS-NHR_MMCF,exports by vessel,NHR,Croatia,europe,0,
2020-11-15,2026-09-30,NGM_EPG0_EVE_NUS-NID_MMCF,exports by vessel,NID,Indonesia,other_asia,,
2020-11-15,2026-09-30,NGM_EPG0_EVE_NUS-NIN_MMCF,exports by vessel,NIN,India,other_asia,10299,6.73
2020-11-15,2026-09-30,NGM_EPG0_EVE_NUS-NIS_MMCF,exports by vessel,NIS,Israel,middle_east_africa,0,
2020-11-15,2026-09-30,NGM_EPG0_EVE_NUS-NIT_MMCF,exports by vessel,NIT,Italy,europe,3083,8.49
2020-11-15,2026-09-30,NGM_EPG0_EVE_NUS-NJA_MMCF,exports by vessel,NJA,Japan,jkm_markets,32967,6.95
2020-11-15,2026-09-30,NGM_EPG0_EVE_NUS-NJM_MMCF,exports by vessel,NJM,Jamaica,americas,0,
2020-11-15,2026-09-30,NGM_EPG0_EVE_NUS-NJO_MMCF,exports by vessel,NJO,Jordan,middle_east_africa,0,
2020-11-15,2026-09-30,NGM_EPG0_EVE_NUS-NKS_MMCF,exports by vessel,NKS,South Korea,jkm_markets,49103,6.86
2020-11-15,2026-09-30,NGM_EPG0_EVE_NUS-NKU_MMCF,exports by vessel,NKU,Kuwait,middle_east_africa,0,
2020-11-15,2026-09-30,NGM_EPG0_EVE_NUS-NLH_MMCF,exports by vessel,NLH,Lithuania,europe,3621,6.41
2020-11-15,2026-09-30,NGM_EPG0_EVE_NUS-NM6_MMCF,exports by vessel,NM6,Malta,europe,0,
2020-11-15,2026-09-30,NGM_EPG0_EVE_NUS-NMR_MMCF,exports by vessel,NMR,Mauritania,middle_east_africa,,
2020-11-15,2026-09-30,NGM_EPG0_EVE_NUS-NMX_MMCF,exports by vessel,NMX,Mexico,americas,3056,6.73
2020-11-15,2026-09-30,NGM_EPG0_EVE_NUS-NMY_MMCF,exports by vessel,NMY,Malaysia,other_asia,0,
2020-11-15,2026-09-30,NGM_EPG0_EVE_NUS-NNL_MMCF,exports by vessel,NNL,Netherlands,europe,6684,6.3
2020-11-15,2026-09-30,NGM_EPG0_EVE_NUS-NNU_MMCF,exports by vessel,NNU,Nicaragua,americas,0,
2020-11-15,2026-09-30,NGM_EPG0_EVE_NUS-NPK_MMCF,exports by vessel,NPK,Pakistan,other_asia,3436,6.11
2020-11-15,2026-09-30,NGM_EPG0_EVE_NUS-NPL_MMCF,exports by vessel,NPL,Poland,europe,0,
2020-11-15,2026-09-30,NGM_EPG0_EVE_NUS-NPM_MMCF,exports by vessel,NPM,Panama,americas,1448,6.11
2020-11-15,2026-09-30,NGM_EPG0_EVE_NUS-NPO_MMCF,exports by vessel,NPO,Portugal,europe,5830,5.62
2020-11-15,2026-09-30,NGM_EPG0_EVE_NUS-NRP_MMCF,exports by vessel,NRP,Philippines,other_asia,,
2020-11-15,2026-09-30,NGM_EPG0_EVE_NUS-NRS_MMCF,exports by vessel,NRS,Russia,europe,0,
2020-11-15,2026-09-30,NGM_EPG0_EVE_NUS-NSG_MMCF,exports by vessel,NSG,Senegal,middle_east_africa,,
2020-11-15,2026-09-30,NGM_EPG0_EVE_NUS-NSN_MMCF,exports by vessel,NSN,Singapore,other_asia,7658,6.29
2020-11-15,2026-09-30,NGM_EPG0_EVE_NUS-NSP_MMCF,exports by vessel,NSP,Spain,europe,9907,6.57
2020-11-15,2026-09-30,NGM_EPG0_EVE_NUS-NTC_MMCF,exports by vessel,NTC,United Arab Emirates,middle_east_africa,0,
2020-11-15,2026-09-30,NGM_EPG0_EVE_NUS-NTH_MMCF,exports by vessel,NTH,Thailand,other_asia,3705,6.22
2020-11-15,2026-09-30,NGM_EPG0_EVE_NUS-NTU_MMCF,exports by vessel,NTU,Turkiye,europe,12817,6.1
2020-11-15,2026-09-30,NGM_EPG0_EVE_NUS-NTW_MMCF,exports by vessel,NTW,Taiwan,jkm_markets,6216,5.21
2020-11-15,2026-09-30,NGM_EPG0_EVE_NUS-NUK_MMCF,exports by vessel,NUK,United Kingdom,europe,26544,6.37
2020-11-15,2026-09-30,NGM_EPG0_EVE_NUS-Z00_MMCF,exports by vessel,Z00,,,280630,6.58
2020-11-15,2026-09-30,NGM_EPG0_EVT_NUS-Z00_MMCF,exports by vessel and truck,Z00,,,280682,6.58
2020-12-15,2026-09-30,N9133US2,LNG total including re-exports,Z00,,,304263,6.48
2020-12-15,2026-09-30,NGM_EPG0_ERE_NUS-NAT_MMCF,re-exports,NAT,Argentina,americas,0,
2020-12-15,2026-09-30,NGM_EPG0_ERE_NUS-NBR_MMCF,re-exports,NBR,Brazil,americas,0,
2020-12-15,2026-09-30,NGM_EPG0_ERE_NUS-NCH_MMCF,re-exports,NCH,China,jkm_markets,0,
2020-12-15,2026-09-30,NGM_EPG0_ERE_NUS-NCI_MMCF,re-exports,NCI,Chile,americas,,
2020-12-15,2026-09-30,NGM_EPG0_ERE_NUS-NEG_MMCF,re-exports,NEG,Egypt,middle_east_africa,0,
2020-12-15,2026-09-30,NGM_EPG0_ERE_NUS-NIN_MMCF,re-exports,NIN,India,other_asia,0,
2020-12-15,2026-09-30,NGM_EPG0_ERE_NUS-NJA_MMCF,re-exports,NJA,Japan,jkm_markets,0,
2020-12-15,2026-09-30,NGM_EPG0_ERE_NUS-NKS_MMCF,re-exports,NKS,South Korea,jkm_markets,0,
2020-12-15,2026-09-30,NGM_EPG0_ERE_NUS-NMX_MMCF,re-exports,NMX,Mexico,americas,0,
2020-12-15,2026-09-30,NGM_EPG0_ERE_NUS-NPO_MMCF,re-exports,NPO,Portugal,europe,,
2020-12-15,2026-09-30,NGM_EPG0_ERE_NUS-NSP_MMCF,re-exports,NSP,Spain,europe,0,
2020-12-15,2026-09-30,NGM_EPG0_ERE_NUS-NTU_MMCF,re-exports,NTU,Turkiye,europe,0,
2020-12-15,2026-09-30,NGM_EPG0_ERE_NUS-NUK_MMCF,re-exports,NUK,United Kingdom,europe,0,
2020-12-15,2026-09-30,NGM_EPG0_ERE_NUS-Z00_MMCF,re-exports,Z00,,,0,
2020-12-15,2026-09-30,NGM_EPG0_ETR_NUS-NCA_MMCF,exports by truck,NCA,Canada,americas,8,9.99
2020-12-15,2026-09-30,NGM_EPG0_ETR_NUS-NMX_MMCF,exports by truck,NMX,Mexico,americas,46,8.45
2020-12-15,2026-09-30,NGM_EPG0_ETR_NUS-Z00_MMCF,exports by truck,Z00,,,53,8.67
2020-12-15,2026-09-30,NGM_EPG0_EVE_NUS-NAC_MMCF,exports by vessel,NAC,Antigua and Barbuda,americas,0,
2020-12-15,2026-09-30,NGM_EPG0_EVE_NUS-NAT_MMCF,exports by vessel,NAT,Argentina,americas,0,
2020-12-15,2026-09-30,NGM_EPG0_EVE_NUS-NBA_MMCF,exports by vessel,NBA,Bahrain,middle_east_africa,,
2020-12-15,2026-09-30,NGM_EPG0_EVE_NUS-NBB_MMCF,exports by vessel,NBB,Barbados,americas,25,10.39
2020-12-15,2026-09-30,NGM_EPG0_EVE_NUS-NBE_MMCF,exports by vessel,NBE,Belgium,europe,0,
2020-12-15,2026-09-30,NGM_EPG0_EVE_NUS-NBF_MMCF,exports by vessel,NBF,Bahamas,americas,36,10.39
2020-12-15,2026-09-30,NGM_EPG0_EVE_NUS-NBG_MMCF,exports by vessel,NBG,Bangladesh,other_asia,0,
2020-12-15,2026-09-30,NGM_EPG0_EVE_NUS-NBR_MMCF,exports by vessel,NBR,Brazil,americas,29927,6.59
2020-12-15,2026-09-30,NGM_EPG0_EVE_NUS-NCA_MMCF,exports by vessel,NCA,Canada,americas,,
2020-12-15,2026-09-30,NGM_EPG0_EVE_NUS-NCH_MMCF,exports by vessel,NCH,China,jkm_markets,45525,6.33
2020-12-15,2026-09-30,NGM_EPG0_EVE_NUS-NCI_MMCF,exports by vessel,NCI,Chile,americas,9793,5.99
2020-12-15,2026-09-30,NGM_EPG0_EVE_NUS-NCO_MMCF,exports by vessel,NCO,Colombia,americas,0,
2020-12-15,2026-09-30,NGM_EPG0_EVE_NUS-NDR_MMCF,exports by vessel,NDR,Dominican Republic,americas,5000,6.32
2020-12-15,2026-09-30,NGM_EPG0_EVE_NUS-NEG_MMCF,exports by vessel,NEG,Egypt,middle_east_africa,0,
2020-12-15,2026-09-30,NGM_EPG0_EVE_NUS-NES_MMCF,exports by vessel,NES,El Salvador,americas,,
2020-12-15,2026-09-30,NGM_EPG0_EVE_NUS-NFI_MMCF,exports by vessel,NFI,Finland,europe,,
2020-12-15,2026-09-30,NGM_EPG0_EVE_NUS-NFR_MMCF,exports by vessel,NFR,France,europe,3752,7.12
2020-12-15,2026-09-30,NGM_EPG0_EVE_NUS-NGM_MMCF,exports by vessel,NGM,Germany,europe,,
2020-12-15,2026-09-30,NGM_EPG0_EVE_NUS-NGR_MMCF,exports by vessel,NGR,Greece,europe,3382,6.08
2020-12-15,2026-09-30,NGM_EPG0_EVE_NUS-NHA_MMCF,exports by vessel,NHA,Haiti,americas,17,10.39
2020-12-15,2026-09-30,NGM_EPG0_EVE_NUS-NHR_MMCF,exports by vessel,NHR,Croatia,europe,3275,6.75
2020-12-15,2026-09-30,NGM_EPG0_EVE_NUS-NID_MMCF,exports by vessel,NID,Indonesia,other_asia,,
2020-12-15,2026-09-30,NGM_EPG0_EVE_NUS-NIN_MMCF,exports by vessel,NIN,India,other_asia,10241,6.33
2020-12-15,2026-09-30,NGM_EPG0_EVE_NUS-NIS_MMCF,exports by vessel,NIS,Israel,middle_east_africa,0,
2020-12-15,2026-09-30,NGM_EPG0_EVE_NUS-NIT_MMCF,exports by vessel,NIT,Italy,europe,0,
2020-12-15,2026-09-30,NGM_EPG0_EVE_NUS-NJA_MMCF,exports by vessel,NJA,Japan,jkm_markets,54004,6.78
2020-12-15,2026-09-30,NGM_EPG0_EVE_NUS-NJM_MMCF,exports by vessel,NJM,Jamaica,americas,2374,6.27
2020-12-15,2026-09-30,NGM_EPG0_EVE_NUS-NJO_MMCF,exports by vessel,NJO,Jordan,middle_east_africa,0,
2020-12-15,2026-09-30,NGM_EPG0_EVE_NUS-NKS_MMCF,exports by vessel,NKS,South Korea,jkm_markets,39617,6.2
2020-12-15,2026-09-30,NGM_EPG0_EVE_NUS-NKU_MMCF,exports by vessel,NKU,Kuwait,middle_east_africa,0,
2020-12-15,2026-09-30,NGM_EPG0_EVE_NUS-NLH_MMCF,exports by vessel,NLH,Lithuania,europe,6291,6.28
2020-12-15,2026-09-30,NGM_EPG0_EVE_NUS-NM6_MMCF,exports by vessel,NM6,Malta,europe,0,
2020-12-15,2026-09-30,NGM_EPG0_EVE_NUS-NMR_MMCF,exports by vessel,NMR,Mauritania,middle_east_africa,,
2020-12-15,2026-09-30,NGM_EPG0_EVE_NUS-NMX_MMCF,exports by vessel,NMX,Mexico,americas,0,
2020-12-15,2026-09-30,NGM_EPG0_EVE_NUS-NMY_MMCF,exports by vessel,NMY,Malaysia,other_asia,0,
2020-12-15,2026-09-30,NGM_EPG0_EVE_NUS-NNL_MMCF,exports by vessel,NNL,Netherlands,europe,3316,8.37
2020-12-15,2026-09-30,NGM_EPG0_EVE_NUS-NNU_MMCF,exports by vessel,NNU,Nicaragua,americas,0,
2020-12-15,2026-09-30,NGM_EPG0_EVE_NUS-NPK_MMCF,exports by vessel,NPK,Pakistan,other_asia,0,
2020-12-15,2026-09-30,NGM_EPG0_EVE_NUS-NPL_MMCF,exports by vessel,NPL,Poland,europe,7033,7.25
2020-12-15,2026-09-30,NGM_EPG0_EVE_NUS-NPM_MMCF,exports by vessel,NPM,Panama,americas,271,6.08
2020-12-15,2026-09-30,NGM_EPG0_EVE_NUS-NPO_MMCF,exports by vessel,NPO,Portugal,europe,3711,7.12
2020-12-15,2026-09-30,NGM_EPG0_EVE_NUS-NRP_MMCF,exports by vessel,NRP,Philippines,other_asia,,
2020-12-15,2026-09-30,NGM_EPG0_EVE_NUS-NRS_MMCF,exports by vessel,NRS,Russia,europe,0,
2020-12-15,2026-09-30,NGM_EPG0_EVE_NUS-NSG_MMCF,exports by vessel,NSG,Senegal,middle_east_africa,,
2020-12-15,2026-09-30,NGM_EPG0_EVE_NUS-NSN_MMCF,exports by vessel,NSN,Singapore,other_asia,0,
2020-12-15,2026-09-30,NGM_EPG0_EVE_NUS-NSP_MMCF,exports by vessel,NSP,Spain,europe,13583,6.94
2020-12-15,2026-09-30,NGM_EPG0_EVE_NUS-NTC_MMCF,exports by vessel,NTC,United Arab Emirates,middle_east_africa,0,
2020-12-15,2026-09-30,NGM_EPG0_EVE_NUS-NTH_MMCF,exports by vessel,NTH,Thailand,other_asia,0,
2020-12-15,2026-09-30,NGM_EPG0_EVE_NUS-NTU_MMCF,exports by vessel,NTU,Turkiye,europe,20188,6.22
2020-12-15,2026-09-30,NGM_EPG0_EVE_NUS-NTW_MMCF,exports by vessel,NTW,Taiwan,jkm_markets,12470,6.19
2020-12-15,2026-09-30,NGM_EPG0_EVE_NUS-NUK_MMCF,exports by vessel,NUK,United Kingdom,europe,30378,6.23
2020-12-15,2026-09-30,NGM_EPG0_EVE_NUS-Z00_MMCF,exports by vessel,Z00,,,304209,6.48
2020-12-15,2026-09-30,NGM_EPG0_EVT_NUS-Z00_MMCF,exports by vessel and truck,Z00,,,304263,6.48
2021-01-15,2026-09-30,N9133US2,LNG total including re-exports,Z00,,,305196,6.08
2021-01-15,2026-09-30,NGM_EPG0_ERE_NUS-NAT_MMCF,re-exports,NAT,Argentina,americas,0,
2021-01-15,2026-09-30,NGM_EPG0_ERE_NUS-NBR_MMCF,re-exports,NBR,Brazil,americas,0,
2021-01-15,2026-09-30,NGM_EPG0_ERE_NUS-NCH_MMCF,re-exports,NCH,China,jkm_markets,0,
2021-01-15,2026-09-30,NGM_EPG0_ERE_NUS-NCI_MMCF,re-exports,NCI,Chile,americas,,
2021-01-15,2026-09-30,NGM_EPG0_ERE_NUS-NEG_MMCF,re-exports,NEG,Egypt,middle_east_africa,0,
2021-01-15,2026-09-30,NGM_EPG0_ERE_NUS-NIN_MMCF,re-exports,NIN,India,other_asia,0,
2021-01-15,2026-09-30,NGM_EPG0_ERE_NUS-NJA_MMCF,re-exports,NJA,Japan,jkm_markets,0,
2021-01-15,2026-09-30,NGM_EPG0_ERE_NUS-NKS_MMCF,re-exports,NKS,South Korea,jkm_markets,0,
2021-01-15,2026-09-30,NGM_EPG0_ERE_NUS-NMX_MMCF,re-exports,NMX,Mexico,americas,0,
2021-01-15,2026-09-30,NGM_EPG0_ERE_NUS-NPO_MMCF,re-exports,NPO,Portugal,europe,,
2021-01-15,2026-09-30,NGM_EPG0_ERE_NUS-NSP_MMCF,re-exports,NSP,Spain,europe,0,
2021-01-15,2026-09-30,NGM_EPG0_ERE_NUS-NTU_MMCF,re-exports,NTU,Turkiye,europe,0,
2021-01-15,2026-09-30,NGM_EPG0_ERE_NUS-NUK_MMCF,re-exports,NUK,United Kingdom,europe,0,
2021-01-15,2026-09-30,NGM_EPG0_ERE_NUS-Z00_MMCF,re-exports,Z00,,,0,
2021-01-15,2026-09-30,NGM_EPG0_ETR_NUS-NCA_MMCF,exports by truck,NCA,Canada,americas,0,
2021-01-15,2026-09-30,NGM_EPG0_ETR_NUS-NMX_MMCF,exports by truck,NMX,Mexico,americas,83,9.16
2021-01-15,2026-09-30,NGM_EPG0_ETR_NUS-Z00_MMCF,exports by truck,Z00,,,83,9.16
2021-01-15,2026-09-30,NGM_EPG0_EVE_NUS-NAC_MMCF,exports by vessel,NAC,Antigua and Barbuda,americas,0,
2021-01-15,2026-09-30,NGM_EPG0_EVE_NUS-NAT_MMCF,exports by vessel,NAT,Argentina,americas,0,
2021-01-15,2026-09-30,NGM_EPG0_EVE_NUS-NBA_MMCF,exports by vessel,NBA,Bahrain,middle_east_africa,,
2021-01-15,2026-09-30,NGM_EPG0_EVE_NUS-NBB_MMCF,exports by vessel,NBB,Barbados,americas,17,10.39
2021-01-15,2026-09-30,NGM_EPG0_EVE_NUS-NBE_MMCF,exports by vessel,NBE,Belgium,europe,0,
2021-01-15,2026-09-30,NGM_EPG0_EVE_NUS-NBF_MMCF,exports by vessel,NBF,Bahamas,americas,28,10.39
2021-01-15,2026-09-30,NGM_EPG0_EVE_NUS-NBG_MMCF,exports by vessel,NBG,Bangladesh,other_asia,3148,2.95
2021-01-15,2026-09-30,NGM_EPG0_EVE_NUS-NBR_MMCF,exports by vessel,NBR,Brazil,americas,21132,7.35
2021-01-15,2026-09-30,NGM_EPG0_EVE_NUS-NCA_MMCF,exports by vessel,NCA,Canada,americas,,
2021-01-15,2026-09-30,NGM_EPG0_EVE_NUS-NCH_MMCF,exports by vessel,NCH,China,jkm_markets,38940,6.09
2021-01-15,2026-09-30,NGM_EPG0_EVE_NUS-NCI_MMCF,exports by vessel,NCI,Chile,americas,9784,5.91
2021-01-15,2026-09-30,NGM_EPG0_EVE_NUS-NCO_MMCF,exports by vessel,NCO,Colombia,americas,0,
2021-01-15,2026-09-30,NGM_EPG0_EVE_NUS-NDR_MMCF,exports by vessel,NDR,Dominican Republic,americas,6895,6.23
2021-01-15,2026-09-30,NGM_EPG0_EVE_NUS-NEG_MMCF,exports by vessel,NEG,Egypt,middle_east_africa,0,
2021-01-15,2026-09-30,NGM_EPG0_EVE_NUS-NES_MMCF,exports by vessel,NES,El Salvador,americas,,
2021-01-15,2026-09-30,NGM_EPG0_EVE_NUS-NFI_MMCF,exports by vessel,NFI,Finland,europe,,
2021-01-15,2026-09-30,NGM_EPG0_EVE_NUS-NFR_MMCF,exports by vessel,NFR,France,europe,3587,6.09
2021-01-15,2026-09-30,NGM_EPG0_EVE_NUS-NGM_MMCF,exports by vessel,NGM,Germany,europe,,
2021-01-15,2026-09-30,NGM_EPG0_EVE_NUS-NGR_MMCF,exports by vessel,NGR,Greece,europe,600,5.56
2021-01-15,2026-09-30,NGM_EPG0_EVE_NUS-NHA_MMCF,exports by vessel,NHA,Haiti,americas,12,10.39
2021-01-15,2026-09-30,NGM_EPG0_EVE_NUS-NHR_MMCF,exports by vessel,NHR,Croatia,europe,0,
2021-01-15,2026-09-30,NGM_EPG0_EVE_NUS-NID_MMCF,exports by vessel,NID,Indonesia,other_asia,,
2021-01-15,2026-09-30,NGM_EPG0_EVE_NUS-NIN_MMCF,exports by vessel,NIN,India,other_asia,20367,6.1
2021-01-15,2026-09-30,NGM_EPG0_EVE_NUS-NIS_MMCF,exports by vessel,NIS,Israel,middle_east_africa,0,
2021-01-15,2026-09-30,NGM_EPG0_EVE_NUS-NIT_MMCF,exports by vessel,NIT,Italy,europe,0,
2021-01-15,2026-09-30,NGM_EPG0_EVE_NUS-NJA_MMCF,exports by vessel,NJA,Japan,jkm_markets,64331,6.2
2021-01-15,2026-09-30,NGM_EPG0_EVE_NUS-NJM_MMCF,exports by vessel,NJM,Jamaica,americas,3708,6.09
2021-01-15,2026-09-30,NGM_EPG0_EVE_NUS-NJO_MMCF,exports by vessel,NJO,Jordan,middle_east_africa,0,
2021-01-15,2026-09-30,NGM_EPG0_EVE_NUS-NKS_MMCF,exports by vessel,NKS,South Korea,jkm_markets,55936,6.01
2021-01-15,2026-09-30,NGM_EPG0_EVE_NUS-NKU_MMCF,exports by vessel,NKU,Kuwait,middle_east_africa,0,
2021-01-15,2026-09-30,NGM_EPG0_EVE_NUS-NLH_MMCF,exports by vessel,NLH,Lithuania,europe,0,
2021-01-15,2026-09-30,NGM_EPG0_EVE_NUS-NM6_MMCF,exports by vessel,NM6,Malta,europe,0,
2021-01-15,2026-09-30,NGM_EPG0_EVE_NUS-NMR_MMCF,exports by vessel,NMR,Mauritania,middle_east_africa,,
2021-01-15,2026-09-30,NGM_EPG0_EVE_NUS-NMX_MMCF,exports by vessel,NMX,Mexico,americas,0,
2021-01-15,2026-09-30,NGM_EPG0_EVE_NUS-NMY_MMCF,exports by vessel,NMY,Malaysia,other_asia,,
2021-01-15,2026-09-30,NGM_EPG0_EVE_NUS-NNL_MMCF,exports by vessel,NNL,Netherlands,europe,2949,5.57
2021-01-15,2026-09-30,NGM_EPG0_EVE_NUS-NNU_MMCF,exports by vessel,NNU,Nicaragua,americas,0,
2021-01-15,2026-09-30,NGM_EPG0_EVE_NUS-NPK_MMCF,exports by vessel,NPK,Pakistan,other_asia,3682,4.54
2021-01-15,2026-09-30,NGM_EPG0_EVE_NUS-NPL_MMCF,exports by vessel,NPL,Poland,europe,0,
2021-01-15,2026-09-30,NGM_EPG0_EVE_NUS-NPM_MMCF,exports by vessel,NPM,Panama,americas,516,6.09
2021-01-15,2026-09-30,NGM_EPG0_EVE_NUS-NPO_MMCF,exports by vessel,NPO,Portugal,europe,0,
2021-01-15,2026-09-30,NGM_EPG0_EVE_NUS-NRP_MMCF,exports by vessel,NRP,Philippines,other_asia,,
2021-01-15,2026-09-30,NGM_EPG0_EVE_NUS-NRS_MMCF,exports by vessel,NRS,Russia,europe,0,
2021-01-15,2026-09-30,NGM_EPG0_EVE_NUS-NSG_MMCF,exports by vessel,NSG,Senegal,middle_east_africa,,
2021-01-15,2026-09-30,NGM_EPG0_EVE_NUS-NSN_MMCF,exports by vessel,NSN,Singapore,other_asia,3688,6.11
2021-01-15,2026-09-30,NGM_EPG0_EVE_NUS-NSP_MMCF,exports by vessel,NSP,Spain,europe,7377,6.31
2021-01-15,2026-09-30,NGM_EPG0_EVE_NUS-NTC_MMCF,exports by vessel,NTC,United Arab Emirates,middle_east_africa,0,
2021-01-15,2026-09-30,NGM_EPG0_EVE_NUS-NTH_MMCF,exports by vessel,NTH,Thailand,other_asia,0,
2021-01-15,2026-09-30,NGM_EPG0_EVE_NUS-NTU_MMCF,exports by vessel,NTU,Turkiye,europe,26659,6.13
2021-01-15,2026-09-30,NGM_EPG0_EVE_NUS-NTW_MMCF,exports by vessel,NTW,Taiwan,jkm_markets,10319,5.17
2021-01-15,2026-09-30,NGM_EPG0_EVE_NUS-NUK_MMCF,exports by vessel,NUK,United Kingdom,europe,21436,5.74
2021-01-15,2026-09-30,NGM_EPG0_EVE_NUS-Z00_MMCF,exports by vessel,Z00,,,305113,6.08
2021-01-15,2026-09-30,NGM_EPG0_EVT_NUS-Z00_MMCF,exports by vessel and truck,Z00,,,305196,6.08
2021-02-15,2026-09-30,N9133US2,LNG total including re-exports,Z00,,,208394,6.52
2021-02-15,2026-09-30,NGM_EPG0_ERE_NUS-NAT_MMCF,re-exports,NAT,Argentina,americas,0,
2021-02-15,2026-09-30,NGM_EPG0_ERE_NUS-NBR_MMCF,re-exports,NBR,Brazil,americas,0,
2021-02-15,2026-09-30,NGM_EPG0_ERE_NUS-NCH_MMCF,re-exports,NCH,China,jkm_markets,0,
2021-02-15,2026-09-30,NGM_EPG0_ERE_NUS-NCI_MMCF,re-exports,NCI,Chile,americas,,
2021-02-15,2026-09-30,NGM_EPG0_ERE_NUS-NEG_MMCF,re-exports,NEG,Egypt,middle_east_africa,0,
2021-02-15,2026-09-30,NGM_EPG0_ERE_NUS-NIN_MMCF,re-exports,NIN,India,other_asia,0,
2021-02-15,2026-09-30,NGM_EPG0_ERE_NUS-NJA_MMCF,re-exports,NJA,Japan,jkm_markets,0,
2021-02-15,2026-09-30,NGM_EPG0_ERE_NUS-NKS_MMCF,re-exports,NKS,South Korea,jkm_markets,0,
2021-02-15,2026-09-30,NGM_EPG0_ERE_NUS-NMX_MMCF,re-exports,NMX,Mexico,americas,0,
2021-02-15,2026-09-30,NGM_EPG0_ERE_NUS-NPO_MMCF,re-exports,NPO,Portugal,europe,,
2021-02-15,2026-09-30,NGM_EPG0_ERE_NUS-NSP_MMCF,re-exports,NSP,Spain,europe,0,
2021-02-15,2026-09-30,NGM_EPG0_ERE_NUS-NTU_MMCF,re-exports,NTU,Turkiye,europe,0,
2021-02-15,2026-09-30,NGM_EPG0_ERE_NUS-NUK_MMCF,re-exports,NUK,United Kingdom,europe,0,
2021-02-15,2026-09-30,NGM_EPG0_ERE_NUS-Z00_MMCF,re-exports,Z00,,,0,
2021-02-15,2026-09-30,NGM_EPG0_ETR_NUS-NCA_MMCF,exports by truck,NCA,Canada,americas,0,
2021-02-15,2026-09-30,NGM_EPG0_ETR_NUS-NMX_MMCF,exports by truck,NMX,Mexico,americas,63,9.52
2021-02-15,2026-09-30,NGM_EPG0_ETR_NUS-Z00_MMCF,exports by truck,Z00,,,63,9.52
2021-02-15,2026-09-30,NGM_EPG0_EVE_NUS-NAC_MMCF,exports by vessel,NAC,Antigua and Barbuda,americas,0,
2021-02-15,2026-09-30,NGM_EPG0_EVE_NUS-NAT_MMCF,exports by vessel,NAT,Argentina,americas,0,
2021-02-15,2026-09-30,NGM_EPG0_EVE_NUS-NBA_MMCF,exports by vessel,NBA,Bahrain,middle_east_africa,,
2021-02-15,2026-09-30,NGM_EPG0_EVE_NUS-NBB_MMCF,exports by vessel,NBB,Barbados,americas,19,10.39
2021-02-15,2026-09-30,NGM_EPG0_EVE_NUS-NBE_MMCF,exports by vessel,NBE,Belgium,europe,0,
2021-02-15,2026-09-30,NGM_EPG0_EVE_NUS-NBF_MMCF,exports by vessel,NBF,Bahamas,americas,29,10.39
2021-02-15,2026-09-30,NGM_EPG0_EVE_NUS-NBG_MMCF,exports by vessel,NBG,Bangladesh,other_asia,0,
2021-02-15,2026-09-30,NGM_EPG0_EVE_NUS-NBR_MMCF,exports by vessel,NBR,Brazil,americas,13118,7.51
2021-02-15,2026-09-30,NGM_EPG0_EVE_NUS-NCA_MMCF,exports by vessel,NCA,Canada,americas,,
2021-02-15,2026-09-30,NGM_EPG0_EVE_NUS-NCH_MMCF,exports by vessel,NCH,China,jkm_markets,3415,4.46
2021-02-15,2026-09-30,NGM_EPG0_EVE_NUS-NCI_MMCF,exports by vessel,NCI,Chile,americas,6524,6.97
2021-02-15,2026-09-30,NGM_EPG0_EVE_NUS-NCO_MMCF,exports by vessel,NCO,Colombia,americas,0,
2021-02-15,2026-09-30,NGM_EPG0_EVE_NUS-NDR_MMCF,exports by vessel,NDR,Dominican Republic,americas,5689,8.99
2021-02-15,2026-09-30,NGM_EPG0_EVE_NUS-NEG_MMCF,exports by vessel,NEG,Egypt,middle_east_africa,0,
2021-02-15,2026-09-30,NGM_EPG0_EVE_NUS-NES_MMCF,exports by vessel,NES,El Salvador,americas,,
2021-02-15,2026-09-30,NGM_EPG0_EVE_NUS-NFI_MMCF,exports by vessel,NFI,Finland,europe,,
2021-02-15,2026-09-30,NGM_EPG0_EVE_NUS-NFR_MMCF,exports by vessel,NFR,France,europe,14851,6.72
2021-02-15,2026-09-30,NGM_EPG0_EVE_NUS-NGM_MMCF,exports by vessel,NGM,Germany,europe,,
2021-02-15,2026-09-30,NGM_EPG0_EVE_NUS-NGR_MMCF,exports by vessel,NGR,Greece,europe,0,
2021-02-15,2026-09-30,NGM_EPG0_EVE_NUS-NHA_MMCF,exports by vessel,NHA,Haiti,americas,11,10.39
2021-02-15,2026-09-30,NGM_EPG0_EVE_NUS-NHR_MMCF,exports by vessel,NHR,Croatia,europe,0,
2021-02-15,2026-09-30,NGM_EPG0_EVE_NUS-NID_MMCF,exports by vessel,NID,Indonesia,other_asia,,
2021-02-15,2026-09-30,NGM_EPG0_EVE_NUS-NIN_MMCF,exports by vessel,NIN,India,other_asia,13776,6.62
2021-02-15,2026-09-30,NGM_EPG0_EVE_NUS-NIS_MMCF,exports by vessel,NIS,Israel,middle_east_africa,0,
2021-02-15,2026-09-30,NGM_EPG0_EVE_NUS-NIT_MMCF,exports by vessel,NIT,Italy,europe,0,
2021-02-15,2026-09-30,NGM_EPG0_EVE_NUS-NJA_MMCF,exports by vessel,NJA,Japan,jkm_markets,18271,6.6
2021-02-15,2026-09-30,NGM_EPG0_EVE_NUS-NJM_MMCF,exports by vessel,NJM,Jamaica,americas,2365,6.43
2021-02-15,2026-09-30,NGM_EPG0_EVE_NUS-NJO_MMCF,exports by vessel,NJO,Jordan,middle_east_africa,0,
2021-02-15,2026-09-30,NGM_EPG0_EVE_NUS-NKS_MMCF,exports by vessel,NKS,South Korea,jkm_markets,18094,6.64
2021-02-15,2026-09-30,NGM_EPG0_EVE_NUS-NKU_MMCF,exports by vessel,NKU,Kuwait,middle_east_africa,0,
2021-02-15,2026-09-30,NGM_EPG0_EVE_NUS-NLH_MMCF,exports by vessel,NLH,Lithuania,europe,6851,6.14
2021-02-15,2026-09-30,NGM_EPG0_EVE_NUS-NM6_MMCF,exports by vessel,NM6,Malta,europe,0,
2021-02-15,2026-09-30,NGM_EPG0_EVE_NUS-NMR_MMCF,exports by vessel,NMR,Mauritania,middle_east_africa,,
2021-02-15,2026-09-30,NGM_EPG0_EVE_NUS-NMX_MMCF,exports by vessel,NMX,Mexico,americas,13354,5.68
2021-02-15,2026-09-30,NGM_EPG0_EVE_NUS-NMY_MMCF,exports by vessel,NMY,Malaysia,other_asia,,
2021-02-15,2026-09-30,NGM_EPG0_EVE_NUS-NNL_MMCF,exports by vessel,NNL,Netherlands,europe,22777,5.87
2021-02-15,2026-09-30,NGM_EPG0_EVE_NUS-NNU_MMCF,exports by vessel,NNU,Nicaragua,americas,0,
2021-02-15,2026-09-30,NGM_EPG0_EVE_NUS-NPK_MMCF,exports by vessel,NPK,Pakistan,other_asia,0,
2021-02-15,2026-09-30,NGM_EPG0_EVE_NUS-NPL_MMCF,exports by vessel,NPL,Poland,europe,7099,6.95
2021-02-15,2026-09-30,NGM_EPG0_EVE_NUS-NPM_MMCF,exports by vessel,NPM,Panama,americas,0,
2021-02-15,2026-09-30,NGM_EPG0_EVE_NUS-NPO_MMCF,exports by vessel,NPO,Portugal,europe,3360,5.37
2021-02-15,2026-09-30,NGM_EPG0_EVE_NUS-NRP_MMCF,exports by vessel,NRP,Philippines,other_asia,,
2021-02-15,2026-09-30,NGM_EPG0_EVE_NUS-NRS_MMCF,exports by vessel,NRS,Russia,europe,0,
2021-02-15,2026-09-30,NGM_EPG0_EVE_NUS-NSG_MMCF,exports by vessel,NSG,Senegal,middle_east_africa,,
2021-02-15,2026-09-30,NGM_EPG0_EVE_NUS-NSN_MMCF,exports by vessel,NSN,Singapore,other_asia,0,
2021-02-15,2026-09-30,NGM_EPG0_EVE_NUS-NSP_MMCF,exports by vessel,NSP,Spain,europe,3733,6.48
2021-02-15,2026-09-30,NGM_EPG0_EVE_NUS-NTC_MMCF,exports by vessel,NTC,United Arab Emirates,middle_east_africa,0,
2021-02-15,2026-09-30,NGM_EPG0_EVE_NUS-NTH_MMCF,exports by vessel,NTH,Thailand,other_asia,0,
2021-02-15,2026-09-30,NGM_EPG0_EVE_NUS-NTU_MMCF,exports by vessel,NTU,Turkiye,europe,20652,7
2021-02-15,2026-09-30,NGM_EPG0_EVE_NUS-NTW_MMCF,exports by vessel,NTW,Taiwan,jkm_markets,0,
2021-02-15,2026-09-30,NGM_EPG0_EVE_NUS-NUK_MMCF,exports by vessel,NUK,United Kingdom,europe,34343,6.16
2021-02-15,2026-09-30,NGM_EPG0_EVE_NUS-Z00_MMCF,exports by vessel,Z00,,,208331,6.51
2021-02-15,2026-09-30,NGM_EPG0_EVT_NUS-Z00_MMCF,exports by vessel and truck,Z00,,,208394,6.52
2021-03-15,2026-09-30,N9133US2,LNG total including re-exports,Z00,,,321023,6.25
2021-03-15,2026-09-30,NGM_EPG0_ERE_NUS-NAT_MMCF,re-exports,NAT,Argentina,americas,0,
2021-03-15,2026-09-30,NGM_EPG0_ERE_NUS-NBR_MMCF,re-exports,NBR,Brazil,americas,0,
2021-03-15,2026-09-30,NGM_EPG0_ERE_NUS-NCH_MMCF,re-exports,NCH,China,jkm_markets,0,
2021-03-15,2026-09-30,NGM_EPG0_ERE_NUS-NCI_MMCF,re-exports,NCI,Chile,americas,,
2021-03-15,2026-09-30,NGM_EPG0_ERE_NUS-NEG_MMCF,re-exports,NEG,Egypt,middle_east_africa,0,
2021-03-15,2026-09-30,NGM_EPG0_ERE_NUS-NIN_MMCF,re-exports,NIN,India,other_asia,0,
2021-03-15,2026-09-30,NGM_EPG0_ERE_NUS-NJA_MMCF,re-exports,NJA,Japan,jkm_markets,0,
2021-03-15,2026-09-30,NGM_EPG0_ERE_NUS-NKS_MMCF,re-exports,NKS,South Korea,jkm_markets,0,
2021-03-15,2026-09-30,NGM_EPG0_ERE_NUS-NMX_MMCF,re-exports,NMX,Mexico,americas,0,
2021-03-15,2026-09-30,NGM_EPG0_ERE_NUS-NPO_MMCF,re-exports,NPO,Portugal,europe,,
2021-03-15,2026-09-30,NGM_EPG0_ERE_NUS-NSP_MMCF,re-exports,NSP,Spain,europe,0,
2021-03-15,2026-09-30,NGM_EPG0_ERE_NUS-NTU_MMCF,re-exports,NTU,Turkiye,europe,0,
2021-03-15,2026-09-30,NGM_EPG0_ERE_NUS-NUK_MMCF,re-exports,NUK,United Kingdom,europe,0,
2021-03-15,2026-09-30,NGM_EPG0_ERE_NUS-Z00_MMCF,re-exports,Z00,,,0,
2021-03-15,2026-09-30,NGM_EPG0_ETR_NUS-NCA_MMCF,exports by truck,NCA,Canada,americas,0,
2021-03-15,2026-09-30,NGM_EPG0_ETR_NUS-NMX_MMCF,exports by truck,NMX,Mexico,americas,19,10.39
2021-03-15,2026-09-30,NGM_EPG0_ETR_NUS-Z00_MMCF,exports by truck,Z00,,,19,10.39
2021-03-15,2026-09-30,NGM_EPG0_EVE_NUS-NAC_MMCF,exports by vessel,NAC,Antigua and Barbuda,americas,0,
2021-03-15,2026-09-30,NGM_EPG0_EVE_NUS-NAT_MMCF,exports by vessel,NAT,Argentina,americas,2238,6.55
2021-03-15,2026-09-30,NGM_EPG0_EVE_NUS-NBA_MMCF,exports by vessel,NBA,Bahrain,middle_east_africa,,
2021-03-15,2026-09-30,NGM_EPG0_EVE_NUS-NBB_MMCF,exports by vessel,NBB,Barbados,americas,14,10.39
2021-03-15,2026-09-30,NGM_EPG0_EVE_NUS-NBE_MMCF,exports by vessel,NBE,Belgium,europe,3484,4.65
2021-03-15,2026-09-30,NGM_EPG0_EVE_NUS-NBF_MMCF,exports by vessel,NBF,Bahamas,americas,39,10.39
2021-03-15,2026-09-30,NGM_EPG0_EVE_NUS-NBG_MMCF,exports by vessel,NBG,Bangladesh,other_asia,3566,6.07
2021-03-15,2026-09-30,NGM_EPG0_EVE_NUS-NBR_MMCF,exports by vessel,NBR,Brazil,americas,21977,6.53
2021-03-15,2026-09-30,NGM_EPG0_EVE_NUS-NCA_MMCF,exports by vessel,NCA,Canada,americas,,
2021-03-15,2026-09-30,NGM_EPG0_EVE_NUS-NCH_MMCF,exports by vessel,NCH,China,jkm_markets,28476,6.39
2021-03-15,2026-09-30,NGM_EPG0_EVE_NUS-NCI_MMCF,exports by vessel,NCI,Chile,americas,21320,6.15
2021-03-15,2026-09-30,NGM_EPG0_EVE_NUS-NCO_MMCF,exports by vessel,NCO,Colombia,americas,0,
2021-03-15,2026-09-30,NGM_EPG0_EVE_NUS-NDR_MMCF,exports by vessel,NDR,Dominican Republic,americas,5577,6.14
2021-03-15,2026-09-30,NGM_EPG0_EVE_NUS-NEG_MMCF,exports by vessel,NEG,Egypt,middle_east_africa,0,
2021-03-15,2026-09-30,NGM_EPG0_EVE_NUS-NES_MMCF,exports by vessel,NES,El Salvador,americas,,
2021-03-15,2026-09-30,NGM_EPG0_EVE_NUS-NFI_MMCF,exports by vessel,NFI,Finland,europe,,
2021-03-15,2026-09-30,NGM_EPG0_EVE_NUS-NFR_MMCF,exports by vessel,NFR,France,europe,33678,6.75
2021-03-15,2026-09-30,NGM_EPG0_EVE_NUS-NGM_MMCF,exports by vessel,NGM,Germany,europe,,
2021-03-15,2026-09-30,NGM_EPG0_EVE_NUS-NGR_MMCF,exports by vessel,NGR,Greece,europe,6805,5.33
2021-03-15,2026-09-30,NGM_EPG0_EVE_NUS-NHA_MMCF,exports by vessel,NHA,Haiti,americas,10,10.39
2021-03-15,2026-09-30,NGM_EPG0_EVE_NUS-NHR_MMCF,exports by vessel,NHR,Croatia,europe,7367,6.58
2021-03-15,2026-09-30,NGM_EPG0_EVE_NUS-NID_MMCF,exports by vessel,NID,Indonesia,other_asia,,
2021-03-15,2026-09-30,NGM_EPG0_EVE_NUS-NIN_MMCF,exports by vessel,NIN,India,other_asia,17381,6.07
2021-03-15,2026-09-30,NGM_EPG0_EVE_NUS-NIS_MMCF,exports by vessel,NIS,Israel,middle_east_africa,2826,6.46
2021-03-15,2026-09-30,NGM_EPG0_EVE_NUS-NIT_MMCF,exports by vessel,NIT,Italy,europe,10739,6.65
2021-03-15,2026-09-30,NGM_EPG0_EVE_NUS-NJA_MMCF,exports by vessel,NJA,Japan,jkm_markets,27673,7.01
2021-03-15,2026-09-30,NGM_EPG0_EVE_NUS-NJM_MMCF,exports by vessel,NJM,Jamaica,americas,2458,6.55
2021-03-15,2026-09-30,NGM_EPG0_EVE_NUS-NJO_MMCF,exports by vessel,NJO,Jordan,middle_east_africa,0,
2021-03-15,2026-09-30,NGM_EPG0_EVE_NUS-NKS_MMCF,exports by vessel,NKS,South Korea,jkm_markets,32203,5.48
2021-03-15,2026-09-30,NGM_EPG0_EVE_NUS-NKU_MMCF,exports by vessel,NKU,Kuwait,middle_east_africa,3821,6.64
2021-03-15,2026-09-30,NGM_EPG0_EVE_NUS-NLH_MMCF,exports by vessel,NLH,Lithuania,europe,3228,7.08
2021-03-15,2026-09-30,NGM_EPG0_EVE_NUS-NM6_MMCF,exports by vessel,NM6,Malta,europe,0,
2021-03-15,2026-09-30,NGM_EPG0_EVE_NUS-NMR_MMCF,exports by vessel,NMR,Mauritania,middle_east_africa,,
2021-03-15,2026-09-30,NGM_EPG0_EVE_NUS-NMX_MMCF,exports by vessel,NMX,Mexico,americas,0,
2021-03-15,2026-09-30,NGM_EPG0_EVE_NUS-NMY_MMCF,exports by vessel,NMY,Malaysia,other_asia,,
2021-03-15,2026-09-30,NGM_EPG0_EVE_NUS-NNL_MMCF,exports by vessel,NNL,Netherlands,europe,24204,5.81
2021-03-15,2026-09-30,NGM_EPG0_EVE_NUS-NNU_MMCF,exports by vessel,NNU,Nicaragua,americas,0,
2021-03-15,2026-09-30,NGM_EPG0_EVE_NUS-NPK_MMCF,exports by vessel,NPK,Pakistan,other_asia,3421,8.42
2021-03-15,2026-09-30,NGM_EPG0_EVE_NUS-NPL_MMCF,exports by vessel,NPL,Poland,europe,3507,6.55
2021-03-15,2026-09-30,NGM_EPG0_EVE_NUS-NPM_MMCF,exports by vessel,NPM,Panama,americas,3279,6.07
2021-03-15,2026-09-30,NGM_EPG0_EVE_NUS-NPO_MMCF,exports by vessel,NPO,Portugal,europe,0,
2021-03-15,2026-09-30,NGM_EPG0_EVE_NUS-NRP_MMCF,exports by vessel,NRP,Philippines,other_asia,,
2021-03-15,2026-09-30,NGM_EPG0_EVE_NUS-NRS_MMCF,exports by vessel,NRS,Russia,europe,0,
2021-03-15,2026-09-30,NGM_EPG0_EVE_NUS-NSG_MMCF,exports by vessel,NSG,Senegal,middle_east_africa,,
2021-03-15,2026-09-30,NGM_EPG0_EVE_NUS-NSN_MMCF,exports by vessel,NSN,Singapore,other_asia,3303,4.37
2021-03-15,2026-09-30,NGM_EPG0_EVE_NUS-NSP_MMCF,exports by vessel,NSP,Spain,europe,13900,5.95
2021-03-15,2026-09-30,NGM_EPG0_EVE_NUS-NTC_MMCF,exports by vessel,NTC,United Arab Emirates,middle_east_africa,0,
2021-03-15,2026-09-30,NGM_EPG0_EVE_NUS-NTH_MMCF,exports by vessel,NTH,Thailand,other_asia,0,
2021-03-15,2026-09-30,NGM_EPG0_EVE_NUS-NTU_MMCF,exports by vessel,NTU,Turkiye,europe,3619,6.59
2021-03-15,2026-09-30,NGM_EPG0_EVE_NUS-NTW_MMCF,exports by vessel,NTW,Taiwan,jkm_markets,13450,5.59
2021-03-15,2026-09-30,NGM_EPG0_EVE_NUS-NUK_MMCF,exports by vessel,NUK,United Kingdom,europe,17440,6.47
2021-03-15,2026-09-30,NGM_EPG0_EVE_NUS-Z00_MMCF,exports by vessel,Z00,,,321004,6.25
2021-03-15,2026-09-30,NGM_EPG0_EVT_NUS-Z00_MMCF,exports by vessel and truck,Z00,,,321023,6.25
2021-04-15,2026-09-30,N9133US2,LNG total including re-exports,Z00,,,306818,5.92
2021-04-15,2026-09-30,NGM_EPG0_ERE_NUS-NAT_MMCF,re-exports,NAT,Argentina,americas,0,
2021-04-15,2026-09-30,NGM_EPG0_ERE_NUS-NBR_MMCF,re-exports,NBR,Brazil,americas,0,
2021-04-15,2026-09-30,NGM_EPG0_ERE_NUS-NCH_MMCF,re-exports,NCH,China,jkm_markets,0,
2021-04-15,2026-09-30,NGM_EPG0_ERE_NUS-NCI_MMCF,re-exports,NCI,Chile,americas,,
2021-04-15,2026-09-30,NGM_EPG0_ERE_NUS-NEG_MMCF,re-exports,NEG,Egypt,middle_east_africa,0,
2021-04-15,2026-09-30,NGM_EPG0_ERE_NUS-NIN_MMCF,re-exports,NIN,India,other_asia,0,
2021-04-15,2026-09-30,NGM_EPG0_ERE_NUS-NJA_MMCF,re-exports,NJA,Japan,jkm_markets,0,
2021-04-15,2026-09-30,NGM_EPG0_ERE_NUS-NKS_MMCF,re-exports,NKS,South Korea,jkm_markets,0,
2021-04-15,2026-09-30,NGM_EPG0_ERE_NUS-NMX_MMCF,re-exports,NMX,Mexico,americas,0,
2021-04-15,2026-09-30,NGM_EPG0_ERE_NUS-NPO_MMCF,re-exports,NPO,Portugal,europe,,
2021-04-15,2026-09-30,NGM_EPG0_ERE_NUS-NSP_MMCF,re-exports,NSP,Spain,europe,0,
2021-04-15,2026-09-30,NGM_EPG0_ERE_NUS-NTU_MMCF,re-exports,NTU,Turkiye,europe,0,
2021-04-15,2026-09-30,NGM_EPG0_ERE_NUS-NUK_MMCF,re-exports,NUK,United Kingdom,europe,0,
2021-04-15,2026-09-30,NGM_EPG0_ERE_NUS-Z00_MMCF,re-exports,Z00,,,0,
2021-04-15,2026-09-30,NGM_EPG0_ETR_NUS-NCA_MMCF,exports by truck,NCA,Canada,americas,15,11.14
2021-04-15,2026-09-30,NGM_EPG0_ETR_NUS-NMX_MMCF,exports by truck,NMX,Mexico,americas,48,11.66
2021-04-15,2026-09-30,NGM_EPG0_ETR_NUS-Z00_MMCF,exports by truck,Z00,,,63,11.53
2021-04-15,2026-09-30,NGM_EPG0_EVE_NUS-NAC_MMCF,exports by vessel,NAC,Antigua and Barbuda,americas,0,
2021-04-15,2026-09-30,NGM_EPG0_EVE_NUS-NAT_MMCF,exports by vessel,NAT,Argentina,americas,4485,6.25
2021-04-15,2026-09-30,NGM_EPG0_EVE_NUS-NBA_MMCF,exports by vessel,NBA,Bahrain,middle_east_africa,,
2021-04-15,2026-09-30,NGM_EPG0_EVE_NUS-NBB_MMCF,exports by vessel,NBB,Barbados,americas,30,10.39
2021-04-15,2026-09-30,NGM_EPG0_EVE_NUS-NBE_MMCF,exports by vessel,NBE,Belgium,europe,0,
2021-04-15,2026-09-30,NGM_EPG0_EVE_NUS-NBF_MMCF,exports by vessel,NBF,Bahamas,americas,46,10.39
2021-04-15,2026-09-30,NGM_EPG0_EVE_NUS-NBG_MMCF,exports by vessel,NBG,Bangladesh,other_asia,10219,5.56
2021-04-15,2026-09-30,NGM_EPG0_EVE_NUS-NBR_MMCF,exports by vessel,NBR,Brazil,americas,11615,5.81
2021-04-15,2026-09-30,NGM_EPG0_EVE_NUS-NCA_MMCF,exports by vessel,NCA,Canada,americas,,
2021-04-15,2026-09-30,NGM_EPG0_EVE_NUS-NCH_MMCF,exports by vessel,NCH,China,jkm_markets,50474,5.74
2021-04-15,2026-09-30,NGM_EPG0_EVE_NUS-NCI_MMCF,exports by vessel,NCI,Chile,americas,10293,5.95
2021-04-15,2026-09-30,NGM_EPG0_EVE_NUS-NCO_MMCF,exports by vessel,NCO,Colombia,americas,892,6.25
2021-04-15,2026-09-30,NGM_EPG0_EVE_NUS-NDR_MMCF,exports by vessel,NDR,Dominican Republic,americas,2905,5.9
2021-04-15,2026-09-30,NGM_EPG0_EVE_NUS-NEG_MMCF,exports by vessel,NEG,Egypt,middle_east_africa,0,
2021-04-15,2026-09-30,NGM_EPG0_EVE_NUS-NES_MMCF,exports by vessel,NES,El Salvador,americas,,
2021-04-15,2026-09-30,NGM_EPG0_EVE_NUS-NFI_MMCF,exports by vessel,NFI,Finland,europe,,
2021-04-15,2026-09-30,NGM_EPG0_EVE_NUS-NFR_MMCF,exports by vessel,NFR,France,europe,36120,5.76
2021-04-15,2026-09-30,NGM_EPG0_EVE_NUS-NGM_MMCF,exports by vessel,NGM,Germany,europe,,
2021-04-15,2026-09-30,NGM_EPG0_EVE_NUS-NGR_MMCF,exports by vessel,NGR,Greece,europe,0,
2021-04-15,2026-09-30,NGM_EPG0_EVE_NUS-NHA_MMCF,exports by vessel,NHA,Haiti,americas,3,10.39
2021-04-15,2026-09-30,NGM_EPG0_EVE_NUS-NHR_MMCF,exports by vessel,NHR,Croatia,europe,3666,6.25
2021-04-15,2026-09-30,NGM_EPG0_EVE_NUS-NID_MMCF,exports by vessel,NID,Indonesia,other_asia,,
2021-04-15,2026-09-30,NGM_EPG0_EVE_NUS-NIN_MMCF,exports by vessel,NIN,India,other_asia,13752,5.48
2021-04-15,2026-09-30,NGM_EPG0_EVE_NUS-NIS_MMCF,exports by vessel,NIS,Israel,middle_east_africa,3225,5.11
2021-04-15,2026-09-30,NGM_EPG0_EVE_NUS-NIT_MMCF,exports by vessel,NIT,Italy,europe,6896,6.88
2021-04-15,2026-09-30,NGM_EPG0_EVE_NUS-NJA_MMCF,exports by vessel,NJA,Japan,jkm_markets,28756,6.06
2021-04-15,2026-09-30,NGM_EPG0_EVE_NUS-NJM_MMCF,exports by vessel,NJM,Jamaica,americas,2370,6.22
2021-04-15,2026-09-30,NGM_EPG0_EVE_NUS-NJO_MMCF,exports by vessel,NJO,Jordan,middle_east_africa,0,
2021-04-15,2026-09-30,NGM_EPG0_EVE_NUS-NKS_MMCF,exports by vessel,NKS,South Korea,jkm_markets,21683,6.21
2021-04-15,2026-09-30,NGM_EPG0_EVE_NUS-NKU_MMCF,exports by vessel,NKU,Kuwait,middle_east_africa,3705,5.75
2021-04-15,2026-09-30,NGM_EPG0_EVE_NUS-NLH_MMCF,exports by vessel,NLH,Lithuania,europe,3078,6.16
2021-04-15,2026-09-30,NGM_EPG0_EVE_NUS-NM6_MMCF,exports by vessel,NM6,Malta,europe,2928,6.22
2021-04-15,2026-09-30,NGM_EPG0_EVE_NUS-NMR_MMCF,exports by vessel,NMR,Mauritania,middle_east_africa,,
2021-04-15,2026-09-30,NGM_EPG0_EVE_NUS-NMX_MMCF,exports by vessel,NMX,Mexico,americas,0,
2021-04-15,2026-09-30,NGM_EPG0_EVE_NUS-NMY_MMCF,exports by vessel,NMY,Malaysia,other_asia,,
2021-04-15,2026-09-30,NGM_EPG0_EVE_NUS-NNL_MMCF,exports by vessel,NNL,Netherlands,europe,17060,6.18
2021-04-15,2026-09-30,NGM_EPG0_EVE_NUS-NNU_MMCF,exports by vessel,NNU,Nicaragua,americas,0,
2021-04-15,2026-09-30,NGM_EPG0_EVE_NUS-NPK_MMCF,exports by vessel,NPK,Pakistan,other_asia,3323,6
2021-04-15,2026-09-30,NGM_EPG0_EVE_NUS-NPL_MMCF,exports by vessel,NPL,Poland,europe,7382,6.15
2021-04-15,2026-09-30,NGM_EPG0_EVE_NUS-NPM_MMCF,exports by vessel,NPM,Panama,americas,0,
2021-04-15,2026-09-30,NGM_EPG0_EVE_NUS-NPO_MMCF,exports by vessel,NPO,Portugal,europe,7358,5.96
2021-04-15,2026-09-30,NGM_EPG0_EVE_NUS-NRP_MMCF,exports by vessel,NRP,Philippines,other_asia,,
2021-04-15,2026-09-30,NGM_EPG0_EVE_NUS-NRS_MMCF,exports by vessel,NRS,Russia,europe,0,
2021-04-15,2026-09-30,NGM_EPG0_EVE_NUS-NSG_MMCF,exports by vessel,NSG,Senegal,middle_east_africa,,
2021-04-15,2026-09-30,NGM_EPG0_EVE_NUS-NSN_MMCF,exports by vessel,NSN,Singapore,other_asia,3660,4.12
2021-04-15,2026-09-30,NGM_EPG0_EVE_NUS-NSP_MMCF,exports by vessel,NSP,Spain,europe,22974,6.34
2021-04-15,2026-09-30,NGM_EPG0_EVE_NUS-NTC_MMCF,exports by vessel,NTC,United Arab Emirates,middle_east_africa,0,
2021-04-15,2026-09-30,NGM_EPG0_EVE_NUS-NTH_MMCF,exports by vessel,NTH,Thailand,other_asia,7388,4.08
2021-04-15,2026-09-30,NGM_EPG0_EVE_NUS-NTU_MMCF,exports by vessel,NTU,Turkiye,europe,0,
2021-04-15,2026-09-30,NGM_EPG0_EVE_NUS-NTW_MMCF,exports by vessel,NTW,Taiwan,jkm_markets,6594,5.42
2021-04-15,2026-09-30,NGM_EPG0_EVE_NUS-NUK_MMCF,exports by vessel,NUK,United Kingdom,europe,13877,6.91
2021-04-15,2026-09-30,NGM_EPG0_EVE_NUS-Z00_MMCF,exports by vessel,Z00,,,306755,5.92
2021-04-15,2026-09-30,NGM_EPG0_EVT_NUS-Z00_MMCF,exports by vessel and truck,Z00,,,306818,5.92
2021-05-15,2026-09-30,N9133US2,LNG total including re-exports,Z00,,,314922,6.46
2021-05-15,2026-09-30,NGM_EPG0_ERE_NUS-NAT_MMCF,re-exports,NAT,Argentina,americas,0,
2021-05-15,2026-09-30,NGM_EPG0_ERE_NUS-NBR_MMCF,re-exports,NBR,Brazil,americas,0,
2021-05-15,2026-09-30,NGM_EPG0_ERE_NUS-NCH_MMCF,re-exports,NCH,China,jkm_markets,0,
2021-05-15,2026-09-30,NGM_EPG0_ERE_NUS-NCI_MMCF,re-exports,NCI,Chile,americas,,
2021-05-15,2026-09-30,NGM_EPG0_ERE_NUS-NEG_MMCF,re-exports,NEG,Egypt,middle_east_africa,0,
2021-05-15,2026-09-30,NGM_EPG0_ERE_NUS-NIN_MMCF,re-exports,NIN,India,other_asia,0,
2021-05-15,2026-09-30,NGM_EPG0_ERE_NUS-NJA_MMCF,re-exports,NJA,Japan,jkm_markets,0,
2021-05-15,2026-09-30,NGM_EPG0_ERE_NUS-NKS_MMCF,re-exports,NKS,South Korea,jkm_markets,0,
2021-05-15,2026-09-30,NGM_EPG0_ERE_NUS-NMX_MMCF,re-exports,NMX,Mexico,americas,0,
2021-05-15,2026-09-30,NGM_EPG0_ERE_NUS-NPO_MMCF,re-exports,NPO,Portugal,europe,,
2021-05-15,2026-09-30,NGM_EPG0_ERE_NUS-NSP_MMCF,re-exports,NSP,Spain,europe,0,
2021-05-15,2026-09-30,NGM_EPG0_ERE_NUS-NTU_MMCF,re-exports,NTU,Turkiye,europe,0,
2021-05-15,2026-09-30,NGM_EPG0_ERE_NUS-NUK_MMCF,re-exports,NUK,United Kingdom,europe,0,
2021-05-15,2026-09-30,NGM_EPG0_ERE_NUS-Z00_MMCF,re-exports,Z00,,,0,
2021-05-15,2026-09-30,NGM_EPG0_ETR_NUS-NCA_MMCF,exports by truck,NCA,Canada,americas,18,11.34
2021-05-15,2026-09-30,NGM_EPG0_ETR_NUS-NMX_MMCF,exports by truck,NMX,Mexico,americas,48,10.47
2021-05-15,2026-09-30,NGM_EPG0_ETR_NUS-Z00_MMCF,exports by truck,Z00,,,66,10.71
2021-05-15,2026-09-30,NGM_EPG0_EVE_NUS-NAC_MMCF,exports by vessel,NAC,Antigua and Barbuda,americas,0,
2021-05-15,2026-09-30,NGM_EPG0_EVE_NUS-NAT_MMCF,exports by vessel,NAT,Argentina,americas,16226,6.11
2021-05-15,2026-09-30,NGM_EPG0_EVE_NUS-NBA_MMCF,exports by vessel,NBA,Bahrain,middle_east_africa,,
2021-05-15,2026-09-30,NGM_EPG0_EVE_NUS-NBB_MMCF,exports by vessel,NBB,Barbados,americas,19,10.39
2021-05-15,2026-09-30,NGM_EPG0_EVE_NUS-NBE_MMCF,exports by vessel,NBE,Belgium,europe,2100,7.35
2021-05-15,2026-09-30,NGM_EPG0_EVE_NUS-NBF_MMCF,exports by vessel,NBF,Bahamas,americas,45,10.39
2021-05-15,2026-09-30,NGM_EPG0_EVE_NUS-NBG_MMCF,exports by vessel,NBG,Bangladesh,other_asia,6948,7.01
2021-05-15,2026-09-30,NGM_EPG0_EVE_NUS-NBR_MMCF,exports by vessel,NBR,Brazil,americas,19726,6.08
2021-05-15,2026-09-30,NGM_EPG0_EVE_NUS-NCA_MMCF,exports by vessel,NCA,Canada,americas,,
2021-05-15,2026-09-30,NGM_EPG0_EVE_NUS-NCH_MMCF,exports by vessel,NCH,China,jkm_markets,37731,6.43
2021-05-15,2026-09-30,NGM_EPG0_EVE_NUS-NCI_MMCF,exports by vessel,NCI,Chile,americas,17598,6.55
2021-05-15,2026-09-30,NGM_EPG0_EVE_NUS-NCO_MMCF,exports by vessel,NCO,Colombia,americas,0,
2021-05-15,2026-09-30,NGM_EPG0_EVE_NUS-NDR_MMCF,exports by vessel,NDR,Dominican Republic,americas,5283,6.59
2021-05-15,2026-09-30,NGM_EPG0_EVE_NUS-NEG_MMCF,exports by vessel,NEG,Egypt,middle_east_africa,0,
2021-05-15,2026-09-30,NGM_EPG0_EVE_NUS-NES_MMCF,exports by vessel,NES,El Salvador,americas,,
2021-05-15,2026-09-30,NGM_EPG0_EVE_NUS-NFI_MMCF,exports by vessel,NFI,Finland,europe,,
2021-05-15,2026-09-30,NGM_EPG0_EVE_NUS-NFR_MMCF,exports by vessel,NFR,France,europe,11926,6.95
2021-05-15,2026-09-30,NGM_EPG0_EVE_NUS-NGM_MMCF,exports by vessel,NGM,Germany,europe,,
2021-05-15,2026-09-30,NGM_EPG0_EVE_NUS-NGR_MMCF,exports by vessel,NGR,Greece,europe,6796,6.11
2021-05-15,2026-09-30,NGM_EPG0_EVE_NUS-NHA_MMCF,exports by vessel,NHA,Haiti,americas,12,10.39
2021-05-15,2026-09-30,NGM_EPG0_EVE_NUS-NHR_MMCF,exports by vessel,NHR,Croatia,europe,3364,6.67
2021-05-15,2026-09-30,NGM_EPG0_EVE_NUS-NID_MMCF,exports by vessel,NID,Indonesia,other_asia,,
2021-05-15,2026-09-30,NGM_EPG0_EVE_NUS-NIN_MMCF,exports by vessel,NIN,India,other_asia,28259,6.36
2021-05-15,2026-09-30,NGM_EPG0_EVE_NUS-NIS_MMCF,exports by vessel,NIS,Israel,middle_east_africa,0,
2021-05-15,2026-09-30,NGM_EPG0_EVE_NUS-NIT_MMCF,exports by vessel,NIT,Italy,europe,2923,6.11
2021-05-15,2026-09-30,NGM_EPG0_EVE_NUS-NJA_MMCF,exports by vessel,NJA,Japan,jkm_markets,25058,6.94
2021-05-15,2026-09-30,NGM_EPG0_EVE_NUS-NJM_MMCF,exports by vessel,NJM,Jamaica,americas,2925,6.63
2021-05-15,2026-09-30,NGM_EPG0_EVE_NUS-NJO_MMCF,exports by vessel,NJO,Jordan,middle_east_africa,0,
2021-05-15,2026-09-30,NGM_EPG0_EVE_NUS-NKS_MMCF,exports by vessel,NKS,South Korea,jkm_markets,46033,6.81
2021-05-15,2026-09-30,NGM_EPG0_EVE_NUS-NKU_MMCF,exports by vessel,NKU,Kuwait,middle_east_africa,0,
2021-05-15,2026-09-30,NGM_EPG0_EVE_NUS-NLH_MMCF,exports by vessel,NLH,Lithuania,europe,3049,6.61
2021-05-15,2026-09-30,NGM_EPG0_EVE_NUS-NM6_MMCF,exports by vessel,NM6,Malta,europe,0,
2021-05-15,2026-09-30,NGM_EPG0_EVE_NUS-NMR_MMCF,exports by vessel,NMR,Mauritania,middle_east_africa,,
2021-05-15,2026-09-30,NGM_EPG0_EVE_NUS-NMX_MMCF,exports by vessel,NMX,Mexico,americas,0,
2021-05-15,2026-09-30,NGM_EPG0_EVE_NUS-NMY_MMCF,exports by vessel,NMY,Malaysia,other_asia,,
2021-05-15,2026-09-30,NGM_EPG0_EVE_NUS-NNL_MMCF,exports by vessel,NNL,Netherlands,europe,26611,6.3
2021-05-15,2026-09-30,NGM_EPG0_EVE_NUS-NNU_MMCF,exports by vessel,NNU,Nicaragua,americas,0,
2021-05-15,2026-09-30,NGM_EPG0_EVE_NUS-NPK_MMCF,exports by vessel,NPK,Pakistan,other_asia,0,
2021-05-15,2026-09-30,NGM_EPG0_EVE_NUS-NPL_MMCF,exports by vessel,NPL,Poland,europe,3581,6.61
2021-05-15,2026-09-30,NGM_EPG0_EVE_NUS-NPM_MMCF,exports by vessel,NPM,Panama,americas,2341,7.35
2021-05-15,2026-09-30,NGM_EPG0_EVE_NUS-NPO_MMCF,exports by vessel,NPO,Portugal,europe,10765,4.7
2021-05-15,2026-09-30,NGM_EPG0_EVE_NUS-NRP_MMCF,exports by vessel,NRP,Philippines,other_asia,,
2021-05-15,2026-09-30,NGM_EPG0_EVE_NUS-NRS_MMCF,exports by vessel,NRS,Russia,europe,0,
2021-05-15,2026-09-30,NGM_EPG0_EVE_NUS-NSG_MMCF,exports by vessel,NSG,Senegal,middle_east_africa,,
2021-05-15,2026-09-30,NGM_EPG0_EVE_NUS-NSN_MMCF,exports by vessel,NSN,Singapore,other_asia,3089,6.67
2021-05-15,2026-09-30,NGM_EPG0_EVE_NUS-NSP_MMCF,exports by vessel,NSP,Spain,europe,5234,6.77
2021-05-15,2026-09-30,NGM_EPG0_EVE_NUS-NTC_MMCF,exports by vessel,NTC,United Arab Emirates,middle_east_africa,0,
2021-05-15,2026-09-30,NGM_EPG0_EVE_NUS-NTH_MMCF,exports by vessel,NTH,Thailand,other_asia,3453,6.66
2021-05-15,2026-09-30,NGM_EPG0_EVE_NUS-NTU_MMCF,exports by vessel,NTU,Turkiye,europe,3017,6.42
2021-05-15,2026-09-30,NGM_EPG0_EVE_NUS-NTW_MMCF,exports by vessel,NTW,Taiwan,jkm_markets,10157,6.65
2021-05-15,2026-09-30,NGM_EPG0_EVE_NUS-NUK_MMCF,exports by vessel,NUK,United Kingdom,europe,10586,5.78
2021-05-15,2026-09-30,NGM_EPG0_EVE_NUS-Z00_MMCF,exports by vessel,Z00,,,314855,6.46
2021-05-15,2026-09-30,NGM_EPG0_EVT_NUS-Z00_MMCF,exports by vessel and truck,Z00,,,314922,6.46
2021-06-15,2026-09-30,N9133US2,LNG total including re-exports,Z00,,,271368,6.57
2021-06-15,2026-09-30,NGM_EPG0_ERE_NUS-NAT_MMCF,re-exports,NAT,Argentina,americas,0,
2021-06-15,2026-09-30,NGM_EPG0_ERE_NUS-NBR_MMCF,re-exports,NBR,Brazil,americas,0,
2021-06-15,2026-09-30,NGM_EPG0_ERE_NUS-NCH_MMCF,re-exports,NCH,China,jkm_markets,0,
2021-06-15,2026-09-30,NGM_EPG0_ERE_NUS-NCI_MMCF,re-exports,NCI,Chile,americas,,
2021-06-15,2026-09-30,NGM_EPG0_ERE_NUS-NEG_MMCF,re-exports,NEG,Egypt,middle_east_africa,0,
2021-06-15,2026-09-30,NGM_EPG0_ERE_NUS-NIN_MMCF,re-exports,NIN,India,other_asia,0,
2021-06-15,2026-09-30,NGM_EPG0_ERE_NUS-NJA_MMCF,re-exports,NJA,Japan,jkm_markets,0,
2021-06-15,2026-09-30,NGM_EPG0_ERE_NUS-NKS_MMCF,re-exports,NKS,South Korea,jkm_markets,0,
2021-06-15,2026-09-30,NGM_EPG0_ERE_NUS-NMX_MMCF,re-exports,NMX,Mexico,americas,0,
2021-06-15,2026-09-30,NGM_EPG0_ERE_NUS-NPO_MMCF,re-exports,NPO,Portugal,europe,,
2021-06-15,2026-09-30,NGM_EPG0_ERE_NUS-NSP_MMCF,re-exports,NSP,Spain,europe,0,
2021-06-15,2026-09-30,NGM_EPG0_ERE_NUS-NTU_MMCF,re-exports,NTU,Turkiye,europe,0,
2021-06-15,2026-09-30,NGM_EPG0_ERE_NUS-NUK_MMCF,re-exports,NUK,United Kingdom,europe,0,
2021-06-15,2026-09-30,NGM_EPG0_ERE_NUS-Z00_MMCF,re-exports,Z00,,,0,
2021-06-15,2026-09-30,NGM_EPG0_ETR_NUS-NCA_MMCF,exports by truck,NCA,Canada,americas,7,11.64
2021-06-15,2026-09-30,NGM_EPG0_ETR_NUS-NMX_MMCF,exports by truck,NMX,Mexico,americas,105,10.26
2021-06-15,2026-09-30,NGM_EPG0_ETR_NUS-Z00_MMCF,exports by truck,Z00,,,112,10.35
2021-06-15,2026-09-30,NGM_EPG0_EVE_NUS-NAC_MMCF,exports by vessel,NAC,Antigua and Barbuda,americas,0,
2021-06-15,2026-09-30,NGM_EPG0_EVE_NUS-NAT_MMCF,exports by vessel,NAT,Argentina,americas,19312,6.18
2021-06-15,2026-09-30,NGM_EPG0_EVE_NUS-NBA_MMCF,exports by vessel,NBA,Bahrain,middle_east_africa,,
2021-06-15,2026-09-30,NGM_EPG0_EVE_NUS-NBB_MMCF,exports by vessel,NBB,Barbados,americas,22,10.39
2021-06-15,2026-09-30,NGM_EPG0_EVE_NUS-NBE_MMCF,exports by vessel,NBE,Belgium,europe,0,
2021-06-15,2026-09-30,NGM_EPG0_EVE_NUS-NBF_MMCF,exports by vessel,NBF,Bahamas,americas,48,10.39
2021-06-15,2026-09-30,NGM_EPG0_EVE_NUS-NBG_MMCF,exports by vessel,NBG,Bangladesh,other_asia,3493,6.08
2021-06-15,2026-09-30,NGM_EPG0_EVE_NUS-NBR_MMCF,exports by vessel,NBR,Brazil,americas,32293,6.73
2021-06-15,2026-09-30,NGM_EPG0_EVE_NUS-NCA_MMCF,exports by vessel,NCA,Canada,americas,,
2021-06-15,2026-09-30,NGM_EPG0_EVE_NUS-NCH_MMCF,exports by vessel,NCH,China,jkm_markets,42319,6.63
2021-06-15,2026-09-30,NGM_EPG0_EVE_NUS-NCI_MMCF,exports by vessel,NCI,Chile,americas,0,
2021-06-15,2026-09-30,NGM_EPG0_EVE_NUS-NCO_MMCF,exports by vessel,NCO,Colombia,americas,0,
2021-06-15,2026-09-30,NGM_EPG0_EVE_NUS-NDR_MMCF,exports by vessel,NDR,Dominican Republic,americas,4670,7.48
2021-06-15,2026-09-30,NGM_EPG0_EVE_NUS-NEG_MMCF,exports by vessel,NEG,Egypt,middle_east_africa,0,
2021-06-15,2026-09-30,NGM_EPG0_EVE_NUS-NES_MMCF,exports by vessel,NES,El Salvador,americas,,
2021-06-15,2026-09-30,NGM_EPG0_EVE_NUS-NFI_MMCF,exports by vessel,NFI,Finland,europe,,
2021-06-15,2026-09-30,NGM_EPG0_EVE_NUS-NFR_MMCF,exports by vessel,NFR,France,europe,3683,4.6
2021-06-15,2026-09-30,NGM_EPG0_EVE_NUS-NGM_MMCF,exports by vessel,NGM,Germany,europe,,
2021-06-15,2026-09-30,NGM_EPG0_EVE_NUS-NGR_MMCF,exports by vessel,NGR,Greece,europe,0,
2021-06-15,2026-09-30,NGM_EPG0_EVE_NUS-NHA_MMCF,exports by vessel,NHA,Haiti,americas,18,10.39
2021-06-15,2026-09-30,NGM_EPG0_EVE_NUS-NHR_MMCF,exports by vessel,NHR,Croatia,europe,2923,6.7
2021-06-15,2026-09-30,NGM_EPG0_EVE_NUS-NID_MMCF,exports by vessel,NID,Indonesia,other_asia,,
2021-06-15,2026-09-30,NGM_EPG0_EVE_NUS-NIN_MMCF,exports by vessel,NIN,India,other_asia,16503,6.6
2021-06-15,2026-09-30,NGM_EPG0_EVE_NUS-NIS_MMCF,exports by vessel,NIS,Israel,middle_east_africa,0,
2021-06-15,2026-09-30,NGM_EPG0_EVE_NUS-NIT_MMCF,exports by vessel,NIT,Italy,europe,3425,4.18
2021-06-15,2026-09-30,NGM_EPG0_EVE_NUS-NJA_MMCF,exports by vessel,NJA,Japan,jkm_markets,39783,7.16
2021-06-15,2026-09-30,NGM_EPG0_EVE_NUS-NJM_MMCF,exports by vessel,NJM,Jamaica,americas,2927,6.7
2021-06-15,2026-09-30,NGM_EPG0_EVE_NUS-NJO_MMCF,exports by vessel,NJO,Jordan,middle_east_africa,0,
2021-06-15,2026-09-30,NGM_EPG0_EVE_NUS-NKS_MMCF,exports by vessel,NKS,South Korea,jkm_markets,55918,6.52
2021-06-15,2026-09-30,NGM_EPG0_EVE_NUS-NKU_MMCF,exports by vessel,NKU,Kuwait,middle_east_africa,7126,6.45
2021-06-15,2026-09-30,NGM_EPG0_EVE_NUS-NLH_MMCF,exports by vessel,NLH,Lithuania,europe,3285,6.91
2021-06-15,2026-09-30,NGM_EPG0_EVE_NUS-NM6_MMCF,exports by vessel,NM6,Malta,europe,0,
2021-06-15,2026-09-30,NGM_EPG0_EVE_NUS-NMR_MMCF,exports by vessel,NMR,Mauritania,middle_east_africa,,
2021-06-15,2026-09-30,NGM_EPG0_EVE_NUS-NMX_MMCF,exports by vessel,NMX,Mexico,americas,0,
2021-06-15,2026-09-30,NGM_EPG0_EVE_NUS-NMY_MMCF,exports by vessel,NMY,Malaysia,other_asia,,
2021-06-15,2026-09-30,NGM_EPG0_EVE_NUS-NNL_MMCF,exports by vessel,NNL,Netherlands,europe,3030,6.7
2021-06-15,2026-09-30,NGM_EPG0_EVE_NUS-NNU_MMCF,exports by vessel,NNU,Nicaragua,americas,0,
2021-06-15,2026-09-30,NGM_EPG0_EVE_NUS-NPK_MMCF,exports by vessel,NPK,Pakistan,other_asia,3376,3.56
2021-06-15,2026-09-30,NGM_EPG0_EVE_NUS-NPL_MMCF,exports by vessel,NPL,Poland,europe,10635,8.1
2021-06-15,2026-09-30,NGM_EPG0_EVE_NUS-NPM_MMCF,exports by vessel,NPM,Panama,americas,0,
2021-06-15,2026-09-30,NGM_EPG0_EVE_NUS-NPO_MMCF,exports by vessel,NPO,Portugal,europe,5538,5.1
2021-06-15,2026-09-30,NGM_EPG0_EVE_NUS-NRP_MMCF,exports by vessel,NRP,Philippines,other_asia,,
2021-06-15,2026-09-30,NGM_EPG0_EVE_NUS-NRS_MMCF,exports by vessel,NRS,Russia,europe,0,
2021-06-15,2026-09-30,NGM_EPG0_EVE_NUS-NSG_MMCF,exports by vessel,NSG,Senegal,middle_east_africa,,
2021-06-15,2026-09-30,NGM_EPG0_EVE_NUS-NSN_MMCF,exports by vessel,NSN,Singapore,other_asia,0,
2021-06-15,2026-09-30,NGM_EPG0_EVE_NUS-NSP_MMCF,exports by vessel,NSP,Spain,europe,7833,5.91
2021-06-15,2026-09-30,NGM_EPG0_EVE_NUS-NTC_MMCF,exports by vessel,NTC,United Arab Emirates,middle_east_africa,0,
2021-06-15,2026-09-30,NGM_EPG0_EVE_NUS-NTH_MMCF,exports by vessel,NTH,Thailand,other_asia,0,
2021-06-15,2026-09-30,NGM_EPG0_EVE_NUS-NTU_MMCF,exports by vessel,NTU,Turkiye,europe,0,
2021-06-15,2026-09-30,NGM_EPG0_EVE_NUS-NTW_MMCF,exports by vessel,NTW,Taiwan,jkm_markets,3097,5.58
2021-06-15,2026-09-30,NGM_EPG0_EVE_NUS-NUK_MMCF,exports by vessel,NUK,United Kingdom,europe,,
2021-06-15,2026-09-30,NGM_EPG0_EVE_NUS-Z00_MMCF,exports by vessel,Z00,,,271256,6.57
2021-06-15,2026-09-30,NGM_EPG0_EVT_NUS-Z00_MMCF,exports by vessel and truck,Z00,,,271368,6.57
2021-07-15,2026-09-30,N9133US2,LNG total including re-exports,Z00,,,300143,7.23
2021-07-15,2026-09-30,NGM_EPG0_ERE_NUS-NAT_MMCF,re-exports,NAT,Argentina,americas,0,
2021-07-15,2026-09-30,NGM_EPG0_ERE_NUS-NBR_MMCF,re-exports,NBR,Brazil,americas,0,
2021-07-15,2026-09-30,NGM_EPG0_ERE_NUS-NCH_MMCF,re-exports,NCH,China,jkm_markets,0,
2021-07-15,2026-09-30,NGM_EPG0_ERE_NUS-NCI_MMCF,re-exports,NCI,Chile,americas,,
2021-07-15,2026-09-30,NGM_EPG0_ERE_NUS-NEG_MMCF,re-exports,NEG,Egypt,middle_east_africa,0,
2021-07-15,2026-09-30,NGM_EPG0_ERE_NUS-NIN_MMCF,re-exports,NIN,India,other_asia,0,
2021-07-15,2026-09-30,NGM_EPG0_ERE_NUS-NJA_MMCF,re-exports,NJA,Japan,jkm_markets,0,
2021-07-15,2026-09-30,NGM_EPG0_ERE_NUS-NKS_MMCF,re-exports,NKS,South Korea,jkm_markets,0,
2021-07-15,2026-09-30,NGM_EPG0_ERE_NUS-NMX_MMCF,re-exports,NMX,Mexico,americas,0,
2021-07-15,2026-09-30,NGM_EPG0_ERE_NUS-NPO_MMCF,re-exports,NPO,Portugal,europe,,
2021-07-15,2026-09-30,NGM_EPG0_ERE_NUS-NSP_MMCF,re-exports,NSP,Spain,europe,0,
2021-07-15,2026-09-30,NGM_EPG0_ERE_NUS-NTU_MMCF,re-exports,NTU,Turkiye,europe,0,
2021-07-15,2026-09-30,NGM_EPG0_ERE_NUS-NUK_MMCF,re-exports,NUK,United Kingdom,europe,0,
2021-07-15,2026-09-30,NGM_EPG0_ERE_NUS-Z00_MMCF,re-exports,Z00,,,0,
2021-07-15,2026-09-30,NGM_EPG0_ETR_NUS-NCA_MMCF,exports by truck,NCA,Canada,americas,16,12.47
2021-07-15,2026-09-30,NGM_EPG0_ETR_NUS-NMX_MMCF,exports by truck,NMX,Mexico,americas,97,10.71
2021-07-15,2026-09-30,NGM_EPG0_ETR_NUS-Z00_MMCF,exports by truck,Z00,,,113,10.96
2021-07-15,2026-09-30,NGM_EPG0_EVE_NUS-NAC_MMCF,exports by vessel,NAC,Antigua and Barbuda,americas,0,
2021-07-15,2026-09-30,NGM_EPG0_EVE_NUS-NAT_MMCF,exports by vessel,NAT,Argentina,americas,22798,7.25
2021-07-15,2026-09-30,NGM_EPG0_EVE_NUS-NBA_MMCF,exports by vessel,NBA,Bahrain,middle_east_africa,,
2021-07-15,2026-09-30,NGM_EPG0_EVE_NUS-NBB_MMCF,exports by vessel,NBB,Barbados,americas,31,10.39
2021-07-15,2026-09-30,NGM_EPG0_EVE_NUS-NBE_MMCF,exports by vessel,NBE,Belgium,europe,0,
2021-07-15,2026-09-30,NGM_EPG0_EVE_NUS-NBF_MMCF,exports by vessel,NBF,Bahamas,americas,46,10.39
2021-07-15,2026-09-30,NGM_EPG0_EVE_NUS-NBG_MMCF,exports by vessel,NBG,Bangladesh,other_asia,0,
2021-07-15,2026-09-30,NGM_EPG0_EVE_NUS-NBR_MMCF,exports by vessel,NBR,Brazil,americas,39637,6.97
2021-07-15,2026-09-30,NGM_EPG0_EVE_NUS-NCA_MMCF,exports by vessel,NCA,Canada,americas,,
2021-07-15,2026-09-30,NGM_EPG0_EVE_NUS-NCH_MMCF,exports by vessel,NCH,China,jkm_markets,42222,7.02
2021-07-15,2026-09-30,NGM_EPG0_EVE_NUS-NCI_MMCF,exports by vessel,NCI,Chile,americas,19913,7.98
2021-07-15,2026-09-30,NGM_EPG0_EVE_NUS-NCO_MMCF,exports by vessel,NCO,Colombia,americas,0,
2021-07-15,2026-09-30,NGM_EPG0_EVE_NUS-NDR_MMCF,exports by vessel,NDR,Dominican Republic,americas,1806,7.55
2021-07-15,2026-09-30,NGM_EPG0_EVE_NUS-NEG_MMCF,exports by vessel,NEG,Egypt,middle_east_africa,0,
2021-07-15,2026-09-30,NGM_EPG0_EVE_NUS-NES_MMCF,exports by vessel,NES,El Salvador,americas,,
2021-07-15,2026-09-30,NGM_EPG0_EVE_NUS-NFI_MMCF,exports by vessel,NFI,Finland,europe,,
2021-07-15,2026-09-30,NGM_EPG0_EVE_NUS-NFR_MMCF,exports by vessel,NFR,France,europe,0,
2021-07-15,2026-09-30,NGM_EPG0_EVE_NUS-NGM_MMCF,exports by vessel,NGM,Germany,europe,,
2021-07-15,2026-09-30,NGM_EPG0_EVE_NUS-NGR_MMCF,exports by vessel,NGR,Greece,europe,6651,7.19
2021-07-15,2026-09-30,NGM_EPG0_EVE_NUS-NHA_MMCF,exports by vessel,NHA,Haiti,americas,8,10.39
2021-07-15,2026-09-30,NGM_EPG0_EVE_NUS-NHR_MMCF,exports by vessel,NHR,Croatia,europe,3299,5.26
2021-07-15,2026-09-30,NGM_EPG0_EVE_NUS-NID_MMCF,exports by vessel,NID,Indonesia,other_asia,,
2021-07-15,2026-09-30,NGM_EPG0_EVE_NUS-NIN_MMCF,exports by vessel,NIN,India,other_asia,13090,7.69
2021-07-15,2026-09-30,NGM_EPG0_EVE_NUS-NIS_MMCF,exports by vessel,NIS,Israel,middle_east_africa,0,
2021-07-15,2026-09-30,NGM_EPG0_EVE_NUS-NIT_MMCF,exports by vessel,NIT,Italy,europe,6826,7.2
2021-07-15,2026-09-30,NGM_EPG0_EVE_NUS-NJA_MMCF,exports by vessel,NJA,Japan,jkm_markets,24895,7.8
2021-07-15,2026-09-30,NGM_EPG0_EVE_NUS-NJM_MMCF,exports by vessel,NJM,Jamaica,americas,0,
2021-07-15,2026-09-30,NGM_EPG0_EVE_NUS-NJO_MMCF,exports by vessel,NJO,Jordan,middle_east_africa,0,
2021-07-15,2026-09-30,NGM_EPG0_EVE_NUS-NKS_MMCF,exports by vessel,NKS,South Korea,jkm_markets,39314,7.51
2021-07-15,2026-09-30,NGM_EPG0_EVE_NUS-NKU_MMCF,exports by vessel,NKU,Kuwait,middle_east_africa,0,
2021-07-15,2026-09-30,NGM_EPG0_EVE_NUS-NLH_MMCF,exports by vessel,NLH,Lithuania,europe,6469,7.34
2021-07-15,2026-09-30,NGM_EPG0_EVE_NUS-NM6_MMCF,exports by vessel,NM6,Malta,europe,0,
2021-07-15,2026-09-30,NGM_EPG0_EVE_NUS-NMR_MMCF,exports by vessel,NMR,Mauritania,middle_east_africa,,
2021-07-15,2026-09-30,NGM_EPG0_EVE_NUS-NMX_MMCF,exports by vessel,NMX,Mexico,americas,758,7.46
2021-07-15,2026-09-30,NGM_EPG0_EVE_NUS-NMY_MMCF,exports by vessel,NMY,Malaysia,other_asia,,
2021-07-15,2026-09-30,NGM_EPG0_EVE_NUS-NNL_MMCF,exports by vessel,NNL,Netherlands,europe,10597,6.48
2021-07-15,2026-09-30,NGM_EPG0_EVE_NUS-NNU_MMCF,exports by vessel,NNU,Nicaragua,americas,1,10.39
2021-07-15,2026-09-30,NGM_EPG0_EVE_NUS-NPK_MMCF,exports by vessel,NPK,Pakistan,other_asia,13428,7.31
2021-07-15,2026-09-30,NGM_EPG0_EVE_NUS-NPL_MMCF,exports by vessel,NPL,Poland,europe,6619,7.83
2021-07-15,2026-09-30,NGM_EPG0_EVE_NUS-NPM_MMCF,exports by vessel,NPM,Panama,americas,0,
2021-07-15,2026-09-30,NGM_EPG0_EVE_NUS-NPO_MMCF,exports by vessel,NPO,Portugal,europe,3296,7.44
2021-07-15,2026-09-30,NGM_EPG0_EVE_NUS-NRP_MMCF,exports by vessel,NRP,Philippines,other_asia,,
2021-07-15,2026-09-30,NGM_EPG0_EVE_NUS-NRS_MMCF,exports by vessel,NRS,Russia,europe,0,
2021-07-15,2026-09-30,NGM_EPG0_EVE_NUS-NSG_MMCF,exports by vessel,NSG,Senegal,middle_east_africa,,
2021-07-15,2026-09-30,NGM_EPG0_EVE_NUS-NSN_MMCF,exports by vessel,NSN,Singapore,other_asia,3449,7.42
2021-07-15,2026-09-30,NGM_EPG0_EVE_NUS-NSP_MMCF,exports by vessel,NSP,Spain,europe,8630,6.38
2021-07-15,2026-09-30,NGM_EPG0_EVE_NUS-NTC_MMCF,exports by vessel,NTC,United Arab Emirates,middle_east_africa,0,
2021-07-15,2026-09-30,NGM_EPG0_EVE_NUS-NTH_MMCF,exports by vessel,NTH,Thailand,other_asia,0,
2021-07-15,2026-09-30,NGM_EPG0_EVE_NUS-NTU_MMCF,exports by vessel,NTU,Turkiye,europe,5591,7.81
2021-07-15,2026-09-30,NGM_EPG0_EVE_NUS-NTW_MMCF,exports by vessel,NTW,Taiwan,jkm_markets,20653,6.46
2021-07-15,2026-09-30,NGM_EPG0_EVE_NUS-NUK_MMCF,exports by vessel,NUK,United Kingdom,europe,,
2021-07-15,2026-09-30,NGM_EPG0_EVE_NUS-Z00_MMCF,exports by vessel,Z00,,,300030,7.23
2021-07-15,2026-09-30,NGM_EPG0_EVT_NUS-Z00_MMCF,exports by vessel and truck,Z00,,,300143,7.23
2021-08-15,2026-09-30,N9133US2,LNG total including re-exports,Z00,,,298262,7.75
2021-08-15,2026-09-30,NGM_EPG0_ERE_NUS-NAT_MMCF,re-exports,NAT,Argentina,americas,0,
2021-08-15,2026-09-30,NGM_EPG0_ERE_NUS-NBR_MMCF,re-exports,NBR,Brazil,americas,0,
2021-08-15,2026-09-30,NGM_EPG0_ERE_NUS-NCH_MMCF,re-exports,NCH,China,jkm_markets,0,
2021-08-15,2026-09-30,NGM_EPG0_ERE_NUS-NCI_MMCF,re-exports,NCI,Chile,americas,,
2021-08-15,2026-09-30,NGM_EPG0_ERE_NUS-NEG_MMCF,re-exports,NEG,Egypt,middle_east_africa,0,
2021-08-15,2026-09-30,NGM_EPG0_ERE_NUS-NIN_MMCF,re-exports,NIN,India,other_asia,0,
2021-08-15,2026-09-30,NGM_EPG0_ERE_NUS-NJA_MMCF,re-exports,NJA,Japan,jkm_markets,0,
2021-08-15,2026-09-30,NGM_EPG0_ERE_NUS-NKS_MMCF,re-exports,NKS,South Korea,jkm_markets,0,
2021-08-15,2026-09-30,NGM_EPG0_ERE_NUS-NMX_MMCF,re-exports,NMX,Mexico,americas,0,
2021-08-15,2026-09-30,NGM_EPG0_ERE_NUS-NPO_MMCF,re-exports,NPO,Portugal,europe,,
2021-08-15,2026-09-30,NGM_EPG0_ERE_NUS-NSP_MMCF,re-exports,NSP,Spain,europe,0,
2021-08-15,2026-09-30,NGM_EPG0_ERE_NUS-NTU_MMCF,re-exports,NTU,Turkiye,europe,0,
2021-08-15,2026-09-30,NGM_EPG0_ERE_NUS-NUK_MMCF,re-exports,NUK,United Kingdom,europe,0,
2021-08-15,2026-09-30,NGM_EPG0_ERE_NUS-Z00_MMCF,re-exports,Z00,,,0,
2021-08-15,2026-09-30,NGM_EPG0_ETR_NUS-NCA_MMCF,exports by truck,NCA,Canada,americas,18,12.53
2021-08-15,2026-09-30,NGM_EPG0_ETR_NUS-NMX_MMCF,exports by truck,NMX,Mexico,americas,147,11.17
2021-08-15,2026-09-30,NGM_EPG0_ETR_NUS-Z00_MMCF,exports by truck,Z00,,,165,11.31
2021-08-15,2026-09-30,NGM_EPG0_EVE_NUS-NAC_MMCF,exports by vessel,NAC,Antigua and Barbuda,americas,0,
2021-08-15,2026-09-30,NGM_EPG0_EVE_NUS-NAT_MMCF,exports by vessel,NAT,Argentina,americas,14363,7.91
2021-08-15,2026-09-30,NGM_EPG0_EVE_NUS-NBA_MMCF,exports by vessel,NBA,Bahrain,middle_east_africa,,
2021-08-15,2026-09-30,NGM_EPG0_EVE_NUS-NBB_MMCF,exports by vessel,NBB,Barbados,americas,27,10.39
2021-08-15,2026-09-30,NGM_EPG0_EVE_NUS-NBE_MMCF,exports by vessel,NBE,Belgium,europe,0,
2021-08-15,2026-09-30,NGM_EPG0_EVE_NUS-NBF_MMCF,exports by vessel,NBF,Bahamas,americas,56,10.39
2021-08-15,2026-09-30,NGM_EPG0_EVE_NUS-NBG_MMCF,exports by vessel,NBG,Bangladesh,other_asia,7085,6.11
2021-08-15,2026-09-30,NGM_EPG0_EVE_NUS-NBR_MMCF,exports by vessel,NBR,Brazil,americas,34204,8.29
2021-08-15,2026-09-30,NGM_EPG0_EVE_NUS-NCA_MMCF,exports by vessel,NCA,Canada,americas,,
2021-08-15,2026-09-30,NGM_EPG0_EVE_NUS-NCH_MMCF,exports by vessel,NCH,China,jkm_markets,51662,7.53
2021-08-15,2026-09-30,NGM_EPG0_EVE_NUS-NCI_MMCF,exports by vessel,NCI,Chile,americas,16262,6.76
2021-08-15,2026-09-30,NGM_EPG0_EVE_NUS-NCO_MMCF,exports by vessel,NCO,Colombia,americas,919,7.99
2021-08-15,2026-09-30,NGM_EPG0_EVE_NUS-NDR_MMCF,exports by vessel,NDR,Dominican Republic,americas,5901,8.55
2021-08-15,2026-09-30,NGM_EPG0_EVE_NUS-NEG_MMCF,exports by vessel,NEG,Egypt,middle_east_africa,0,
2021-08-15,2026-09-30,NGM_EPG0_EVE_NUS-NES_MMCF,exports by vessel,NES,El Salvador,americas,,
2021-08-15,2026-09-30,NGM_EPG0_EVE_NUS-NFI_MMCF,exports by vessel,NFI,Finland,europe,,
2021-08-15,2026-09-30,NGM_EPG0_EVE_NUS-NFR_MMCF,exports by vessel,NFR,France,europe,7111,6.87
2021-08-15,2026-09-30,NGM_EPG0_EVE_NUS-NGM_MMCF,exports by vessel,NGM,Germany,europe,,
2021-08-15,2026-09-30,NGM_EPG0_EVE_NUS-NGR_MMCF,exports by vessel,NGR,Greece,europe,3607,7.97
2021-08-15,2026-09-30,NGM_EPG0_EVE_NUS-NHA_MMCF,exports by vessel,NHA,Haiti,americas,24,10.39
2021-08-15,2026-09-30,NGM_EPG0_EVE_NUS-NHR_MMCF,exports by vessel,NHR,Croatia,europe,2980,7.96
2021-08-15,2026-09-30,NGM_EPG0_EVE_NUS-NID_MMCF,exports by vessel,NID,Indonesia,other_asia,,
2021-08-15,2026-09-30,NGM_EPG0_EVE_NUS-NIN_MMCF,exports by vessel,NIN,India,other_asia,20592,8.05
2021-08-15,2026-09-30,NGM_EPG0_EVE_NUS-NIS_MMCF,exports by vessel,NIS,Israel,middle_east_africa,0,
2021-08-15,2026-09-30,NGM_EPG0_EVE_NUS-NIT_MMCF,exports by vessel,NIT,Italy,europe,3401,7.96
2021-08-15,2026-09-30,NGM_EPG0_EVE_NUS-NJA_MMCF,exports by vessel,NJA,Japan,jkm_markets,19979,8.36
2021-08-15,2026-09-30,NGM_EPG0_EVE_NUS-NJM_MMCF,exports by vessel,NJM,Jamaica,americas,2907,7.97
2021-08-15,2026-09-30,NGM_EPG0_EVE_NUS-NJO_MMCF,exports by vessel,NJO,Jordan,middle_east_africa,0,
2021-08-15,2026-09-30,NGM_EPG0_EVE_NUS-NKS_MMCF,exports by vessel,NKS,South Korea,jkm_markets,50101,7.43
2021-08-15,2026-09-30,NGM_EPG0_EVE_NUS-NKU_MMCF,exports by vessel,NKU,Kuwait,middle_east_africa,3298,9
2021-08-15,2026-09-30,NGM_EPG0_EVE_NUS-NLH_MMCF,exports by vessel,NLH,Lithuania,europe,1677,8.56
2021-08-15,2026-09-30,NGM_EPG0_EVE_NUS-NM6_MMCF,exports by vessel,NM6,Malta,europe,0,
2021-08-15,2026-09-30,NGM_EPG0_EVE_NUS-NMR_MMCF,exports by vessel,NMR,Mauritania,middle_east_africa,,
2021-08-15,2026-09-30,NGM_EPG0_EVE_NUS-NMX_MMCF,exports by vessel,NMX,Mexico,americas,0,
2021-08-15,2026-09-30,NGM_EPG0_EVE_NUS-NMY_MMCF,exports by vessel,NMY,Malaysia,other_asia,,
2021-08-15,2026-09-30,NGM_EPG0_EVE_NUS-NNL_MMCF,exports by vessel,NNL,Netherlands,europe,7347,8.46
2021-08-15,2026-09-30,NGM_EPG0_EVE_NUS-NNU_MMCF,exports by vessel,NNU,Nicaragua,americas,0,
2021-08-15,2026-09-30,NGM_EPG0_EVE_NUS-NPK_MMCF,exports by vessel,NPK,Pakistan,other_asia,3319,7.92
2021-08-15,2026-09-30,NGM_EPG0_EVE_NUS-NPL_MMCF,exports by vessel,NPL,Poland,europe,0,
2021-08-15,2026-09-30,NGM_EPG0_EVE_NUS-NPM_MMCF,exports by vessel,NPM,Panama,americas,1390,7.58
2021-08-15,2026-09-30,NGM_EPG0_EVE_NUS-NPO_MMCF,exports by vessel,NPO,Portugal,europe,6382,7.93
2021-08-15,2026-09-30,NGM_EPG0_EVE_NUS-NRP_MMCF,exports by vessel,NRP,Philippines,other_asia,,
2021-08-15,2026-09-30,NGM_EPG0_EVE_NUS-NRS_MMCF,exports by vessel,NRS,Russia,europe,0,
2021-08-15,2026-09-30,NGM_EPG0_EVE_NUS-NSG_MMCF,exports by vessel,NSG,Senegal,middle_east_africa,,
2021-08-15,2026-09-30,NGM_EPG0_EVE_NUS-NSN_MMCF,exports by vessel,NSN,Singapore,other_asia,0,
2021-08-15,2026-09-30,NGM_EPG0_EVE_NUS-NSP_MMCF,exports by vessel,NSP,Spain,europe,23068,8.16
2021-08-15,2026-09-30,NGM_EPG0_EVE_NUS-NTC_MMCF,exports by vessel,NTC,United Arab Emirates,middle_east_africa,0,
2021-08-15,2026-09-30,NGM_EPG0_EVE_NUS-NTH_MMCF,exports by vessel,NTH,Thailand,other_asia,3707,7.99
2021-08-15,2026-09-30,NGM_EPG0_EVE_NUS-NTU_MMCF,exports by vessel,NTU,Turkiye,europe,0,
2021-08-15,2026-09-30,NGM_EPG0_EVE_NUS-NTW_MMCF,exports by vessel,NTW,Taiwan,jkm_markets,6728,6.45
2021-08-15,2026-09-30,NGM_EPG0_EVE_NUS-NUK_MMCF,exports by vessel,NUK,United Kingdom,europe,,
2021-08-15,2026-09-30,NGM_EPG0_EVE_NUS-Z00_MMCF,exports by vessel,Z00,,,298097,7.75
2021-08-15,2026-09-30,NGM_EPG0_EVT_NUS-Z00_MMCF,exports by vessel and truck,Z00,,,298262,7.75
2021-09-15,2026-09-30,N9133US2,LNG total including re-exports,Z00,,,284813,8.34
2021-09-15,2026-09-30,NGM_EPG0_ERE_NUS-NAT_MMCF,re-exports,NAT,Argentina,americas,0,
2021-09-15,2026-09-30,NGM_EPG0_ERE_NUS-NBR_MMCF,re-exports,NBR,Brazil,americas,0,
2021-09-15,2026-09-30,NGM_EPG0_ERE_NUS-NCH_MMCF,re-exports,NCH,China,jkm_markets,0,
2021-09-15,2026-09-30,NGM_EPG0_ERE_NUS-NCI_MMCF,re-exports,NCI,Chile,americas,,
2021-09-15,2026-09-30,NGM_EPG0_ERE_NUS-NEG_MMCF,re-exports,NEG,Egypt,middle_east_africa,0,
2021-09-15,2026-09-30,NGM_EPG0_ERE_NUS-NIN_MMCF,re-exports,NIN,India,other_asia,0,
2021-09-15,2026-09-30,NGM_EPG0_ERE_NUS-NJA_MMCF,re-exports,NJA,Japan,jkm_markets,0,
2021-09-15,2026-09-30,NGM_EPG0_ERE_NUS-NKS_MMCF,re-exports,NKS,South Korea,jkm_markets,0,
2021-09-15,2026-09-30,NGM_EPG0_ERE_NUS-NMX_MMCF,re-exports,NMX,Mexico,americas,0,
2021-09-15,2026-09-30,NGM_EPG0_ERE_NUS-NPO_MMCF,re-exports,NPO,Portugal,europe,,
2021-09-15,2026-09-30,NGM_EPG0_ERE_NUS-NSP_MMCF,re-exports,NSP,Spain,europe,0,
2021-09-15,2026-09-30,NGM_EPG0_ERE_NUS-NTU_MMCF,re-exports,NTU,Turkiye,europe,0,
2021-09-15,2026-09-30,NGM_EPG0_ERE_NUS-NUK_MMCF,re-exports,NUK,United Kingdom,europe,0,
2021-09-15,2026-09-30,NGM_EPG0_ERE_NUS-Z00_MMCF,re-exports,Z00,,,0,
2021-09-15,2026-09-30,NGM_EPG0_ETR_NUS-NCA_MMCF,exports by truck,NCA,Canada,americas,19,13.12
2021-09-15,2026-09-30,NGM_EPG0_ETR_NUS-NMX_MMCF,exports by truck,NMX,Mexico,americas,150,11.39
2021-09-15,2026-09-30,NGM_EPG0_ETR_NUS-Z00_MMCF,exports by truck,Z00,,,168,11.58
2021-09-15,2026-09-30,NGM_EPG0_EVE_NUS-NAC_MMCF,exports by vessel,NAC,Antigua and Barbuda,americas,3,10.8
2021-09-15,2026-09-30,NGM_EPG0_EVE_NUS-NAT_MMCF,exports by vessel,NAT,Argentina,americas,1950,6.7
2021-09-15,2026-09-30,NGM_EPG0_EVE_NUS-NBA_MMCF,exports by vessel,NBA,Bahrain,middle_east_africa,,
2021-09-15,2026-09-30,NGM_EPG0_EVE_NUS-NBB_MMCF,exports by vessel,NBB,Barbados,americas,33,10.39
2021-09-15,2026-09-30,NGM_EPG0_EVE_NUS-NBE_MMCF,exports by vessel,NBE,Belgium,europe,0,
2021-09-15,2026-09-30,NGM_EPG0_EVE_NUS-NBF_MMCF,exports by vessel,NBF,Bahamas,americas,43,10.39
2021-09-15,2026-09-30,NGM_EPG0_EVE_NUS-NBG_MMCF,exports by vessel,NBG,Bangladesh,other_asia,3276,8.35
2021-09-15,2026-09-30,NGM_EPG0_EVE_NUS-NBR_MMCF,exports by vessel,NBR,Brazil,americas,38282,8.74
2021-09-15,2026-09-30,NGM_EPG0_EVE_NUS-NCA_MMCF,exports by vessel,NCA,Canada,americas,,
2021-09-15,2026-09-30,NGM_EPG0_EVE_NUS-NCH_MMCF,exports by vessel,NCH,China,jkm_markets,48584,8.28
2021-09-15,2026-09-30,NGM_EPG0_EVE_NUS-NCI_MMCF,exports by vessel,NCI,Chile,americas,7929,7.83
2021-09-15,2026-09-30,NGM_EPG0_EVE_NUS-NCO_MMCF,exports by vessel,NCO,Colombia,americas,436,8.37
2021-09-15,2026-09-30,NGM_EPG0_EVE_NUS-NDR_MMCF,exports by vessel,NDR,Dominican Republic,americas,0,
2021-09-15,2026-09-30,NGM_EPG0_EVE_NUS-NEG_MMCF,exports by vessel,NEG,Egypt,middle_east_africa,0,
2021-09-15,2026-09-30,NGM_EPG0_EVE_NUS-NES_MMCF,exports by vessel,NES,El Salvador,americas,,
2021-09-15,2026-09-30,NGM_EPG0_EVE_NUS-NFI_MMCF,exports by vessel,NFI,Finland,europe,,
2021-09-15,2026-09-30,NGM_EPG0_EVE_NUS-NFR_MMCF,exports by vessel,NFR,France,europe,6578,8.04
2021-09-15,2026-09-30,NGM_EPG0_EVE_NUS-NGM_MMCF,exports by vessel,NGM,Germany,europe,,
2021-09-15,2026-09-30,NGM_EPG0_EVE_NUS-NGR_MMCF,exports by vessel,NGR,Greece,europe,799,8.99
2021-09-15,2026-09-30,NGM_EPG0_EVE_NUS-NHA_MMCF,exports by vessel,NHA,Haiti,americas,10,10.39
2021-09-15,2026-09-30,NGM_EPG0_EVE_NUS-NHR_MMCF,exports by vessel,NHR,Croatia,europe,0,
2021-09-15,2026-09-30,NGM_EPG0_EVE_NUS-NID_MMCF,exports by vessel,NID,Indonesia,other_asia,1118,8.07
2021-09-15,2026-09-30,NGM_EPG0_EVE_NUS-NIN_MMCF,exports by vessel,NIN,India,other_asia,23941,8.29
2021-09-15,2026-09-30,NGM_EPG0_EVE_NUS-NIS_MMCF,exports by vessel,NIS,Israel,middle_east_africa,2855,8.37
2021-09-15,2026-09-30,NGM_EPG0_EVE_NUS-NIT_MMCF,exports by vessel,NIT,Italy,europe,0,
2021-09-15,2026-09-30,NGM_EPG0_EVE_NUS-NJA_MMCF,exports by vessel,NJA,Japan,jkm_markets,10290,8.48
2021-09-15,2026-09-30,NGM_EPG0_EVE_NUS-NJM_MMCF,exports by vessel,NJM,Jamaica,americas,2931,8.35
2021-09-15,2026-09-30,NGM_EPG0_EVE_NUS-NJO_MMCF,exports by vessel,NJO,Jordan,middle_east_africa,0,
2021-09-15,2026-09-30,NGM_EPG0_EVE_NUS-NKS_MMCF,exports by vessel,NKS,South Korea,jkm_markets,31375,8.25
2021-09-15,2026-09-30,NGM_EPG0_EVE_NUS-NKU_MMCF,exports by vessel,NKU,Kuwait,middle_east_africa,10333,8.49
2021-09-15,2026-09-30,NGM_EPG0_EVE_NUS-NLH_MMCF,exports by vessel,NLH,Lithuania,europe,3282,8.35
2021-09-15,2026-09-30,NGM_EPG0_EVE_NUS-NM6_MMCF,exports by vessel,NM6,Malta,europe,2498,8.11
2021-09-15,2026-09-30,NGM_EPG0_EVE_NUS-NMR_MMCF,exports by vessel,NMR,Mauritania,middle_east_africa,,
2021-09-15,2026-09-30,NGM_EPG0_EVE_NUS-NMX_MMCF,exports by vessel,NMX,Mexico,americas,0,
2021-09-15,2026-09-30,NGM_EPG0_EVE_NUS-NMY_MMCF,exports by vessel,NMY,Malaysia,other_asia,,
2021-09-15,2026-09-30,NGM_EPG0_EVE_NUS-NNL_MMCF,exports by vessel,NNL,Netherlands,europe,10424,8.08
2021-09-15,2026-09-30,NGM_EPG0_EVE_NUS-NNU_MMCF,exports by vessel,NNU,Nicaragua,americas,0,
2021-09-15,2026-09-30,NGM_EPG0_EVE_NUS-NPK_MMCF,exports by vessel,NPK,Pakistan,other_asia,9642,8.29
2021-09-15,2026-09-30,NGM_EPG0_EVE_NUS-NPL_MMCF,exports by vessel,NPL,Poland,europe,0,
2021-09-15,2026-09-30,NGM_EPG0_EVE_NUS-NPM_MMCF,exports by vessel,NPM,Panama,americas,0,
2021-09-15,2026-09-30,NGM_EPG0_EVE_NUS-NPO_MMCF,exports by vessel,NPO,Portugal,europe,3696,7.3
2021-09-15,2026-09-30,NGM_EPG0_EVE_NUS-NRP_MMCF,exports by vessel,NRP,Philippines,other_asia,,
2021-09-15,2026-09-30,NGM_EPG0_EVE_NUS-NRS_MMCF,exports by vessel,NRS,Russia,europe,0,
2021-09-15,2026-09-30,NGM_EPG0_EVE_NUS-NSG_MMCF,exports by vessel,NSG,Senegal,middle_east_africa,,
2021-09-15,2026-09-30,NGM_EPG0_EVE_NUS-NSN_MMCF,exports by vessel,NSN,Singapore,other_asia,0,
2021-09-15,2026-09-30,NGM_EPG0_EVE_NUS-NSP_MMCF,exports by vessel,NSP,Spain,europe,31274,8.26
2021-09-15,2026-09-30,NGM_EPG0_EVE_NUS-NTC_MMCF,exports by vessel,NTC,United Arab Emirates,middle_east_africa,0,
2021-09-15,2026-09-30,NGM_EPG0_EVE_NUS-NTH_MMCF,exports by vessel,NTH,Thailand,other_asia,0,
2021-09-15,2026-09-30,NGM_EPG0_EVE_NUS-NTU_MMCF,exports by vessel,NTU,Turkiye,europe,24176,8.42
2021-09-15,2026-09-30,NGM_EPG0_EVE_NUS-NTW_MMCF,exports by vessel,NTW,Taiwan,jkm_markets,5789,9.49
2021-09-15,2026-09-30,NGM_EPG0_EVE_NUS-NUK_MMCF,exports by vessel,NUK,United Kingdom,europe,3099,7.83
2021-09-15,2026-09-30,NGM_EPG0_EVE_NUS-Z00_MMCF,exports by vessel,Z00,,,284645,8.34
2021-09-15,2026-09-30,NGM_EPG0_EVT_NUS-Z00_MMCF,exports by vessel and truck,Z00,,,284813,8.34
2021-10-15,2026-09-30,N9133US2,LNG total including re-exports,Z00,,,298119,9.98
2021-10-15,2026-09-30,NGM_EPG0_ERE_NUS-NAT_MMCF,re-exports,NAT,Argentina,americas,0,
2021-10-15,2026-09-30,NGM_EPG0_ERE_NUS-NBR_MMCF,re-exports,NBR,Brazil,americas,0,
2021-10-15,2026-09-30,NGM_EPG0_ERE_NUS-NCH_MMCF,re-exports,NCH,China,jkm_markets,0,
2021-10-15,2026-09-30,NGM_EPG0_ERE_NUS-NCI_MMCF,re-exports,NCI,Chile,americas,,
2021-10-15,2026-09-30,NGM_EPG0_ERE_NUS-NEG_MMCF,re-exports,NEG,Egypt,middle_east_africa,0,
2021-10-15,2026-09-30,NGM_EPG0_ERE_NUS-NIN_MMCF,re-exports,NIN,India,other_asia,0,
2021-10-15,2026-09-30,NGM_EPG0_ERE_NUS-NJA_MMCF,re-exports,NJA,Japan,jkm_markets,0,
2021-10-15,2026-09-30,NGM_EPG0_ERE_NUS-NKS_MMCF,re-exports,NKS,South Korea,jkm_markets,0,
2021-10-15,2026-09-30,NGM_EPG0_ERE_NUS-NMX_MMCF,re-exports,NMX,Mexico,americas,0,
2021-10-15,2026-09-30,NGM_EPG0_ERE_NUS-NPO_MMCF,re-exports,NPO,Portugal,europe,,
2021-10-15,2026-09-30,NGM_EPG0_ERE_NUS-NSP_MMCF,re-exports,NSP,Spain,europe,0,
2021-10-15,2026-09-30,NGM_EPG0_ERE_NUS-NTU_MMCF,re-exports,NTU,Turkiye,europe,0,
2021-10-15,2026-09-30,NGM_EPG0_ERE_NUS-NUK_MMCF,re-exports,NUK,United Kingdom,europe,0,
2021-10-15,2026-09-30,NGM_EPG0_ERE_NUS-Z00_MMCF,re-exports,Z00,,,0,
2021-10-15,2026-09-30,NGM_EPG0_ETR_NUS-NCA_MMCF,exports by truck,NCA,Canada,americas,8,14.06
2021-10-15,2026-09-30,NGM_EPG0_ETR_NUS-NMX_MMCF,exports by truck,NMX,Mexico,americas,182,12.38
2021-10-15,2026-09-30,NGM_EPG0_ETR_NUS-Z00_MMCF,exports by truck,Z00,,,190,12.45
2021-10-15,2026-09-30,NGM_EPG0_EVE_NUS-NAC_MMCF,exports by vessel,NAC,Antigua and Barbuda,americas,0,
2021-10-15,2026-09-30,NGM_EPG0_EVE_NUS-NAT_MMCF,exports by vessel,NAT,Argentina,americas,0,
2021-10-15,2026-09-30,NGM_EPG0_EVE_NUS-NBA_MMCF,exports by vessel,NBA,Bahrain,middle_east_africa,,
2021-10-15,2026-09-30,NGM_EPG0_EVE_NUS-NBB_MMCF,exports by vessel,NBB,Barbados,americas,25,10.39
2021-10-15,2026-09-30,NGM_EPG0_EVE_NUS-NBE_MMCF,exports by vessel,NBE,Belgium,europe,0,
2021-10-15,2026-09-30,NGM_EPG0_EVE_NUS-NBF_MMCF,exports by vessel,NBF,Bahamas,americas,36,10.39
2021-10-15,2026-09-30,NGM_EPG0_EVE_NUS-NBG_MMCF,exports by vessel,NBG,Bangladesh,other_asia,0,
2021-10-15,2026-09-30,NGM_EPG0_EVE_NUS-NBR_MMCF,exports by vessel,NBR,Brazil,americas,40769,10.07
2021-10-15,2026-09-30,NGM_EPG0_EVE_NUS-NCA_MMCF,exports by vessel,NCA,Canada,americas,,
2021-10-15,2026-09-30,NGM_EPG0_EVE_NUS-NCH_MMCF,exports by vessel,NCH,China,jkm_markets,42202,9.55
2021-10-15,2026-09-30,NGM_EPG0_EVE_NUS-NCI_MMCF,exports by vessel,NCI,Chile,americas,6364,8.9
2021-10-15,2026-09-30,NGM_EPG0_EVE_NUS-NCO_MMCF,exports by vessel,NCO,Colombia,americas,0,
2021-10-15,2026-09-30,NGM_EPG0_EVE_NUS-NDR_MMCF,exports by vessel,NDR,Dominican Republic,americas,5619,10.13
2021-10-15,2026-09-30,NGM_EPG0_EVE_NUS-NEG_MMCF,exports by vessel,NEG,Egypt,middle_east_africa,0,
2021-10-15,2026-09-30,NGM_EPG0_EVE_NUS-NES_MMCF,exports by vessel,NES,El Salvador,americas,,
2021-10-15,2026-09-30,NGM_EPG0_EVE_NUS-NFI_MMCF,exports by vessel,NFI,Finland,europe,,
2021-10-15,2026-09-30,NGM_EPG0_EVE_NUS-NFR_MMCF,exports by vessel,NFR,France,europe,9333,9.5
2021-10-15,2026-09-30,NGM_EPG0_EVE_NUS-NGM_MMCF,exports by vessel,NGM,Germany,europe,,
2021-10-15,2026-09-30,NGM_EPG0_EVE_NUS-NGR_MMCF,exports by vessel,NGR,Greece,europe,1515,10.12
2021-10-15,2026-09-30,NGM_EPG0_EVE_NUS-NHA_MMCF,exports by vessel,NHA,Haiti,americas,17,10.39
2021-10-15,2026-09-30,NGM_EPG0_EVE_NUS-NHR_MMCF,exports by vessel,NHR,Croatia,europe,0,
2021-10-15,2026-09-30,NGM_EPG0_EVE_NUS-NID_MMCF,exports by vessel,NID,Indonesia,other_asia,477,10.12
2021-10-15,2026-09-30,NGM_EPG0_EVE_NUS-NIN_MMCF,exports by vessel,NIN,India,other_asia,10548,8.99
2021-10-15,2026-09-30,NGM_EPG0_EVE_NUS-NIS_MMCF,exports by vessel,NIS,Israel,middle_east_africa,0,
2021-10-15,2026-09-30,NGM_EPG0_EVE_NUS-NIT_MMCF,exports by vessel,NIT,Italy,europe,0,
2021-10-15,2026-09-30,NGM_EPG0_EVE_NUS-NJA_MMCF,exports by vessel,NJA,Japan,jkm_markets,37666,10
2021-10-15,2026-09-30,NGM_EPG0_EVE_NUS-NJM_MMCF,exports by vessel,NJM,Jamaica,americas,1858,10.1
2021-10-15,2026-09-30,NGM_EPG0_EVE_NUS-NJO_MMCF,exports by vessel,NJO,Jordan,middle_east_africa,0,
2021-10-15,2026-09-30,NGM_EPG0_EVE_NUS-NKS_MMCF,exports by vessel,NKS,South Korea,jkm_markets,33836,9.72
2021-10-15,2026-09-30,NGM_EPG0_EVE_NUS-NKU_MMCF,exports by vessel,NKU,Kuwait,middle_east_africa,6193,10.11
2021-10-15,2026-09-30,NGM_EPG0_EVE_NUS-NLH_MMCF,exports by vessel,NLH,Lithuania,europe,0,
2021-10-15,2026-09-30,NGM_EPG0_EVE_NUS-NM6_MMCF,exports by vessel,NM6,Malta,europe,0,
2021-10-15,2026-09-30,NGM_EPG0_EVE_NUS-NMR_MMCF,exports by vessel,NMR,Mauritania,middle_east_africa,,
2021-10-15,2026-09-30,NGM_EPG0_EVE_NUS-NMX_MMCF,exports by vessel,NMX,Mexico,americas,1088,10.1
2021-10-15,2026-09-30,NGM_EPG0_EVE_NUS-NMY_MMCF,exports by vessel,NMY,Malaysia,other_asia,,
2021-10-15,2026-09-30,NGM_EPG0_EVE_NUS-NNL_MMCF,exports by vessel,NNL,Netherlands,europe,17157,9.27
2021-10-15,2026-09-30,NGM_EPG0_EVE_NUS-NNU_MMCF,exports by vessel,NNU,Nicaragua,americas,0,
2021-10-15,2026-09-30,NGM_EPG0_EVE_NUS-NPK_MMCF,exports by vessel,NPK,Pakistan,other_asia,3138,8.28
2021-10-15,2026-09-30,NGM_EPG0_EVE_NUS-NPL_MMCF,exports by vessel,NPL,Poland,europe,3270,10.14
2021-10-15,2026-09-30,NGM_EPG0_EVE_NUS-NPM_MMCF,exports by vessel,NPM,Panama,americas,911,10.12
2021-10-15,2026-09-30,NGM_EPG0_EVE_NUS-NPO_MMCF,exports by vessel,NPO,Portugal,europe,10459,16.86
2021-10-15,2026-09-30,NGM_EPG0_EVE_NUS-NRP_MMCF,exports by vessel,NRP,Philippines,other_asia,,
2021-10-15,2026-09-30,NGM_EPG0_EVE_NUS-NRS_MMCF,exports by vessel,NRS,Russia,europe,0,
2021-10-15,2026-09-30,NGM_EPG0_EVE_NUS-NSG_MMCF,exports by vessel,NSG,Senegal,middle_east_africa,,
2021-10-15,2026-09-30,NGM_EPG0_EVE_NUS-NSN_MMCF,exports by vessel,NSN,Singapore,other_asia,0,
2021-10-15,2026-09-30,NGM_EPG0_EVE_NUS-NSP_MMCF,exports by vessel,NSP,Spain,europe,35638,9.68
2021-10-15,2026-09-30,NGM_EPG0_EVE_NUS-NTC_MMCF,exports by vessel,NTC,United Arab Emirates,middle_east_africa,0,
2021-10-15,2026-09-30,NGM_EPG0_EVE_NUS-NTH_MMCF,exports by vessel,NTH,Thailand,other_asia,0,
2021-10-15,2026-09-30,NGM_EPG0_EVE_NUS-NTU_MMCF,exports by vessel,NTU,Turkiye,europe,19385,10.08
2021-10-15,2026-09-30,NGM_EPG0_EVE_NUS-NTW_MMCF,exports by vessel,NTW,Taiwan,jkm_markets,7123,9.01
2021-10-15,2026-09-30,NGM_EPG0_EVE_NUS-NUK_MMCF,exports by vessel,NUK,United Kingdom,europe,3302,10.67
2021-10-15,2026-09-30,NGM_EPG0_EVE_NUS-Z00_MMCF,exports by vessel,Z00,,,297929,9.98
2021-10-15,2026-09-30,NGM_EPG0_EVT_NUS-Z00_MMCF,exports by vessel and truck,Z00,,,298119,9.98
2021-11-15,2026-09-30,N9133US2,LNG total including re-exports,Z00,,,306397,10.24
2021-11-15,2026-09-30,NGM_EPG0_ERE_NUS-NAT_MMCF,re-exports,NAT,Argentina,americas,0,
2021-11-15,2026-09-30,NGM_EPG0_ERE_NUS-NBR_MMCF,re-exports,NBR,Brazil,americas,0,
2021-11-15,2026-09-30,NGM_EPG0_ERE_NUS-NCH_MMCF,re-exports,NCH,China,jkm_markets,0,
2021-11-15,2026-09-30,NGM_EPG0_ERE_NUS-NCI_MMCF,re-exports,NCI,Chile,americas,,
2021-11-15,2026-09-30,NGM_EPG0_ERE_NUS-NEG_MMCF,re-exports,NEG,Egypt,middle_east_africa,0,
2021-11-15,2026-09-30,NGM_EPG0_ERE_NUS-NIN_MMCF,re-exports,NIN,India,other_asia,0,
2021-11-15,2026-09-30,NGM_EPG0_ERE_NUS-NJA_MMCF,re-exports,NJA,Japan,jkm_markets,0,
2021-11-15,2026-09-30,NGM_EPG0_ERE_NUS-NKS_MMCF,re-exports,NKS,South Korea,jkm_markets,0,
2021-11-15,2026-09-30,NGM_EPG0_ERE_NUS-NMX_MMCF,re-exports,NMX,Mexico,americas,0,
2021-11-15,2026-09-30,NGM_EPG0_ERE_NUS-NPO_MMCF,re-exports,NPO,Portugal,europe,,
2021-11-15,2026-09-30,NGM_EPG0_ERE_NUS-NSP_MMCF,re-exports,NSP,Spain,europe,0,
2021-11-15,2026-09-30,NGM_EPG0_ERE_NUS-NTU_MMCF,re-exports,NTU,Turkiye,europe,0,
2021-11-15,2026-09-30,NGM_EPG0_ERE_NUS-NUK_MMCF,re-exports,NUK,United Kingdom,europe,0,
2021-11-15,2026-09-30,NGM_EPG0_ERE_NUS-Z00_MMCF,re-exports,Z00,,,0,
2021-11-15,2026-09-30,NGM_EPG0_ETR_NUS-NCA_MMCF,exports by truck,NCA,Canada,americas,8,13.99
2021-11-15,2026-09-30,NGM_EPG0_ETR_NUS-NMX_MMCF,exports by truck,NMX,Mexico,americas,160,12.87
2021-11-15,2026-09-30,NGM_EPG0_ETR_NUS-Z00_MMCF,exports by truck,Z00,,,168,12.92
2021-11-15,2026-09-30,NGM_EPG0_EVE_NUS-NAC_MMCF,exports by vessel,NAC,Antigua and Barbuda,americas,2,10.8
2021-11-15,2026-09-30,NGM_EPG0_EVE_NUS-NAT_MMCF,exports by vessel,NAT,Argentina,americas,0,
2021-11-15,2026-09-30,NGM_EPG0_EVE_NUS-NBA_MMCF,exports by vessel,NBA,Bahrain,middle_east_africa,,
2021-11-15,2026-09-30,NGM_EPG0_EVE_NUS-NBB_MMCF,exports by vessel,NBB,Barbados,americas,27,10.39
2021-11-15,2026-09-30,NGM_EPG0_EVE_NUS-NBE_MMCF,exports by vessel,NBE,Belgium,europe,0,
2021-11-15,2026-09-30,NGM_EPG0_EVE_NUS-NBF_MMCF,exports by vessel,NBF,Bahamas,americas,34,10.39
2021-11-15,2026-09-30,NGM_EPG0_EVE_NUS-NBG_MMCF,exports by vessel,NBG,Bangladesh,other_asia,0,
2021-11-15,2026-09-30,NGM_EPG0_EVE_NUS-NBR_MMCF,exports by vessel,NBR,Brazil,americas,10715,9.62
2021-11-15,2026-09-30,NGM_EPG0_EVE_NUS-NCA_MMCF,exports by vessel,NCA,Canada,americas,,
2021-11-15,2026-09-30,NGM_EPG0_EVE_NUS-NCH_MMCF,exports by vessel,NCH,China,jkm_markets,50228,9.98
2021-11-15,2026-09-30,NGM_EPG0_EVE_NUS-NCI_MMCF,exports by vessel,NCI,Chile,americas,2956,10.55
2021-11-15,2026-09-30,NGM_EPG0_EVE_NUS-NCO_MMCF,exports by vessel,NCO,Colombia,americas,0,
2021-11-15,2026-09-30,NGM_EPG0_EVE_NUS-NDR_MMCF,exports by vessel,NDR,Dominican Republic,americas,2780,9.43
2021-11-15,2026-09-30,NGM_EPG0_EVE_NUS-NEG_MMCF,exports by vessel,NEG,Egypt,middle_east_africa,0,
2021-11-15,2026-09-30,NGM_EPG0_EVE_NUS-NES_MMCF,exports by vessel,NES,El Salvador,americas,,
2021-11-15,2026-09-30,NGM_EPG0_EVE_NUS-NFI_MMCF,exports by vessel,NFI,Finland,europe,,
2021-11-15,2026-09-30,NGM_EPG0_EVE_NUS-NFR_MMCF,exports by vessel,NFR,France,europe,10021,10.54
2021-11-15,2026-09-30,NGM_EPG0_EVE_NUS-NGM_MMCF,exports by vessel,NGM,Germany,europe,,
2021-11-15,2026-09-30,NGM_EPG0_EVE_NUS-NGR_MMCF,exports by vessel,NGR,Greece,europe,7629,9.31
2021-11-15,2026-09-30,NGM_EPG0_EVE_NUS-NHA_MMCF,exports by vessel,NHA,Haiti,americas,8,10.39
2021-11-15,2026-09-30,NGM_EPG0_EVE_NUS-NHR_MMCF,exports by vessel,NHR,Croatia,europe,9416,10.73
2021-11-15,2026-09-30,NGM_EPG0_EVE_NUS-NID_MMCF,exports by vessel,NID,Indonesia,other_asia,456,11.08
2021-11-15,2026-09-30,NGM_EPG0_EVE_NUS-NIN_MMCF,exports by vessel,NIN,India,other_asia,14807,10.45
2021-11-15,2026-09-30,NGM_EPG0_EVE_NUS-NIS_MMCF,exports by vessel,NIS,Israel,middle_east_africa,0,
2021-11-15,2026-09-30,NGM_EPG0_EVE_NUS-NIT_MMCF,exports by vessel,NIT,Italy,europe,0,
2021-11-15,2026-09-30,NGM_EPG0_EVE_NUS-NJA_MMCF,exports by vessel,NJA,Japan,jkm_markets,33947,10.94
2021-11-15,2026-09-30,NGM_EPG0_EVE_NUS-NJM_MMCF,exports by vessel,NJM,Jamaica,americas,715,10.53
2021-11-15,2026-09-30,NGM_EPG0_EVE_NUS-NJO_MMCF,exports by vessel,NJO,Jordan,middle_east_africa,0,
2021-11-15,2026-09-30,NGM_EPG0_EVE_NUS-NKS_MMCF,exports by vessel,NKS,South Korea,jkm_markets,30787,9.89
2021-11-15,2026-09-30,NGM_EPG0_EVE_NUS-NKU_MMCF,exports by vessel,NKU,Kuwait,middle_east_africa,0,
2021-11-15,2026-09-30,NGM_EPG0_EVE_NUS-NLH_MMCF,exports by vessel,NLH,Lithuania,europe,0,
2021-11-15,2026-09-30,NGM_EPG0_EVE_NUS-NM6_MMCF,exports by vessel,NM6,Malta,europe,0,
2021-11-15,2026-09-30,NGM_EPG0_EVE_NUS-NMR_MMCF,exports by vessel,NMR,Mauritania,middle_east_africa,,
2021-11-15,2026-09-30,NGM_EPG0_EVE_NUS-NMX_MMCF,exports by vessel,NMX,Mexico,americas,0,
2021-11-15,2026-09-30,NGM_EPG0_EVE_NUS-NMY_MMCF,exports by vessel,NMY,Malaysia,other_asia,,
2021-11-15,2026-09-30,NGM_EPG0_EVE_NUS-NNL_MMCF,exports by vessel,NNL,Netherlands,europe,8829,10.43
2021-11-15,2026-09-30,NGM_EPG0_EVE_NUS-NNU_MMCF,exports by vessel,NNU,Nicaragua,americas,0,
2021-11-15,2026-09-30,NGM_EPG0_EVE_NUS-NPK_MMCF,exports by vessel,NPK,Pakistan,other_asia,2490,9.5
2021-11-15,2026-09-30,NGM_EPG0_EVE_NUS-NPL_MMCF,exports by vessel,NPL,Poland,europe,7068,10.56
2021-11-15,2026-09-30,NGM_EPG0_EVE_NUS-NPM_MMCF,exports by vessel,NPM,Panama,americas,0,
2021-11-15,2026-09-30,NGM_EPG0_EVE_NUS-NPO_MMCF,exports by vessel,NPO,Portugal,europe,5380,10.49
2021-11-15,2026-09-30,NGM_EPG0_EVE_NUS-NRP_MMCF,exports by vessel,NRP,Philippines,other_asia,,
2021-11-15,2026-09-30,NGM_EPG0_EVE_NUS-NRS_MMCF,exports by vessel,NRS,Russia,europe,0,
2021-11-15,2026-09-30,NGM_EPG0_EVE_NUS-NSG_MMCF,exports by vessel,NSG,Senegal,middle_east_africa,,
2021-11-15,2026-09-30,NGM_EPG0_EVE_NUS-NSN_MMCF,exports by vessel,NSN,Singapore,other_asia,3728,10.03
2021-11-15,2026-09-30,NGM_EPG0_EVE_NUS-NSP_MMCF,exports by vessel,NSP,Spain,europe,22821,10.45
2021-11-15,2026-09-30,NGM_EPG0_EVE_NUS-NTC_MMCF,exports by vessel,NTC,United Arab Emirates,middle_east_africa,0,
2021-11-15,2026-09-30,NGM_EPG0_EVE_NUS-NTH_MMCF,exports by vessel,NTH,Thailand,other_asia,0,
2021-11-15,2026-09-30,NGM_EPG0_EVE_NUS-NTU_MMCF,exports by vessel,NTU,Turkiye,europe,47330,10.15
2021-11-15,2026-09-30,NGM_EPG0_EVE_NUS-NTW_MMCF,exports by vessel,NTW,Taiwan,jkm_markets,3404,10.53
2021-11-15,2026-09-30,NGM_EPG0_EVE_NUS-NUK_MMCF,exports by vessel,NUK,United Kingdom,europe,30648,10.21
2021-11-15,2026-09-30,NGM_EPG0_EVE_NUS-Z00_MMCF,exports by vessel,Z00,,,306229,10.24
2021-11-15,2026-09-30,NGM_EPG0_EVT_NUS-Z00_MMCF,exports by vessel and truck,Z00,,,306397,10.24
2021-12-15,2026-09-30,N9133US2,LNG total including re-exports,Z00,,,345363,9.62
2021-12-15,2026-09-30,NGM_EPG0_ERE_NUS-NAT_MMCF,re-exports,NAT,Argentina,americas,0,
2021-12-15,2026-09-30,NGM_EPG0_ERE_NUS-NBR_MMCF,re-exports,NBR,Brazil,americas,0,
2021-12-15,2026-09-30,NGM_EPG0_ERE_NUS-NCH_MMCF,re-exports,NCH,China,jkm_markets,0,
2021-12-15,2026-09-30,NGM_EPG0_ERE_NUS-NCI_MMCF,re-exports,NCI,Chile,americas,,
2021-12-15,2026-09-30,NGM_EPG0_ERE_NUS-NEG_MMCF,re-exports,NEG,Egypt,middle_east_africa,0,
2021-12-15,2026-09-30,NGM_EPG0_ERE_NUS-NIN_MMCF,re-exports,NIN,India,other_asia,0,
2021-12-15,2026-09-30,NGM_EPG0_ERE_NUS-NJA_MMCF,re-exports,NJA,Japan,jkm_markets,0,
2021-12-15,2026-09-30,NGM_EPG0_ERE_NUS-NKS_MMCF,re-exports,NKS,South Korea,jkm_markets,0,
2021-12-15,2026-09-30,NGM_EPG0_ERE_NUS-NMX_MMCF,re-exports,NMX,Mexico,americas,0,
2021-12-15,2026-09-30,NGM_EPG0_ERE_NUS-NPO_MMCF,re-exports,NPO,Portugal,europe,,
2021-12-15,2026-09-30,NGM_EPG0_ERE_NUS-NSP_MMCF,re-exports,NSP,Spain,europe,0,
2021-12-15,2026-09-30,NGM_EPG0_ERE_NUS-NTU_MMCF,re-exports,NTU,Turkiye,europe,0,
2021-12-15,2026-09-30,NGM_EPG0_ERE_NUS-NUK_MMCF,re-exports,NUK,United Kingdom,europe,0,
2021-12-15,2026-09-30,NGM_EPG0_ERE_NUS-Z00_MMCF,re-exports,Z00,,,0,
2021-12-15,2026-09-30,NGM_EPG0_ETR_NUS-NCA_MMCF,exports by truck,NCA,Canada,americas,20,12.87
2021-12-15,2026-09-30,NGM_EPG0_ETR_NUS-NMX_MMCF,exports by truck,NMX,Mexico,americas,148,12.69
2021-12-15,2026-09-30,NGM_EPG0_ETR_NUS-Z00_MMCF,exports by truck,Z00,,,168,12.71
2021-12-15,2026-09-30,NGM_EPG0_EVE_NUS-NAC_MMCF,exports by vessel,NAC,Antigua and Barbuda,americas,3,10.8
2021-12-15,2026-09-30,NGM_EPG0_EVE_NUS-NAT_MMCF,exports by vessel,NAT,Argentina,americas,2077,8.29
2021-12-15,2026-09-30,NGM_EPG0_EVE_NUS-NBA_MMCF,exports by vessel,NBA,Bahrain,middle_east_africa,,
2021-12-15,2026-09-30,NGM_EPG0_EVE_NUS-NBB_MMCF,exports by vessel,NBB,Barbados,americas,34,10.42
2021-12-15,2026-09-30,NGM_EPG0_EVE_NUS-NBE_MMCF,exports by vessel,NBE,Belgium,europe,0,
2021-12-15,2026-09-30,NGM_EPG0_EVE_NUS-NBF_MMCF,exports by vessel,NBF,Bahamas,americas,36,10.39
2021-12-15,2026-09-30,NGM_EPG0_EVE_NUS-NBG_MMCF,exports by vessel,NBG,Bangladesh,other_asia,0,
2021-12-15,2026-09-30,NGM_EPG0_EVE_NUS-NBR_MMCF,exports by vessel,NBR,Brazil,americas,24246,9.12
2021-12-15,2026-09-30,NGM_EPG0_EVE_NUS-NCA_MMCF,exports by vessel,NCA,Canada,americas,,
2021-12-15,2026-09-30,NGM_EPG0_EVE_NUS-NCH_MMCF,exports by vessel,NCH,China,jkm_markets,17050,9.22
2021-12-15,2026-09-30,NGM_EPG0_EVE_NUS-NCI_MMCF,exports by vessel,NCI,Chile,americas,2938,9.13
2021-12-15,2026-09-30,NGM_EPG0_EVE_NUS-NCO_MMCF,exports by vessel,NCO,Colombia,americas,0,
2021-12-15,2026-09-30,NGM_EPG0_EVE_NUS-NDR_MMCF,exports by vessel,NDR,Dominican Republic,americas,5969,8.21
2021-12-15,2026-09-30,NGM_EPG0_EVE_NUS-NEG_MMCF,exports by vessel,NEG,Egypt,middle_east_africa,0,
2021-12-15,2026-09-30,NGM_EPG0_EVE_NUS-NES_MMCF,exports by vessel,NES,El Salvador,americas,,
2021-12-15,2026-09-30,NGM_EPG0_EVE_NUS-NFI_MMCF,exports by vessel,NFI,Finland,europe,,
2021-12-15,2026-09-30,NGM_EPG0_EVE_NUS-NFR_MMCF,exports by vessel,NFR,France,europe,33892,8.86
2021-12-15,2026-09-30,NGM_EPG0_EVE_NUS-NGM_MMCF,exports by vessel,NGM,Germany,europe,,
2021-12-15,2026-09-30,NGM_EPG0_EVE_NUS-NGR_MMCF,exports by vessel,NGR,Greece,europe,5305,9.63
2021-12-15,2026-09-30,NGM_EPG0_EVE_NUS-NHA_MMCF,exports by vessel,NHA,Haiti,americas,4,10.39
2021-12-15,2026-09-30,NGM_EPG0_EVE_NUS-NHR_MMCF,exports by vessel,NHR,Croatia,europe,3117,9.66
2021-12-15,2026-09-30,NGM_EPG0_EVE_NUS-NID_MMCF,exports by vessel,NID,Indonesia,other_asia,1218,8.2
2021-12-15,2026-09-30,NGM_EPG0_EVE_NUS-NIN_MMCF,exports by vessel,NIN,India,other_asia,3203,7.92
2021-12-15,2026-09-30,NGM_EPG0_EVE_NUS-NIS_MMCF,exports by vessel,NIS,Israel,middle_east_africa,0,
2021-12-15,2026-09-30,NGM_EPG0_EVE_NUS-NIT_MMCF,exports by vessel,NIT,Italy,europe,0,
2021-12-15,2026-09-30,NGM_EPG0_EVE_NUS-NJA_MMCF,exports by vessel,NJA,Japan,jkm_markets,24297,9.28
2021-12-15,2026-09-30,NGM_EPG0_EVE_NUS-NJM_MMCF,exports by vessel,NJM,Jamaica,americas,113,10.39
2021-12-15,2026-09-30,NGM_EPG0_EVE_NUS-NJO_MMCF,exports by vessel,NJO,Jordan,middle_east_africa,0,
2021-12-15,2026-09-30,NGM_EPG0_EVE_NUS-NKS_MMCF,exports by vessel,NKS,South Korea,jkm_markets,38201,9.89
2021-12-15,2026-09-30,NGM_EPG0_EVE_NUS-NKU_MMCF,exports by vessel,NKU,Kuwait,middle_east_africa,0,
2021-12-15,2026-09-30,NGM_EPG0_EVE_NUS-NLH_MMCF,exports by vessel,NLH,Lithuania,europe,0,
2021-12-15,2026-09-30,NGM_EPG0_EVE_NUS-NM6_MMCF,exports by vessel,NM6,Malta,europe,0,
2021-12-15,2026-09-30,NGM_EPG0_EVE_NUS-NMR_MMCF,exports by vessel,NMR,Mauritania,middle_east_africa,,
2021-12-15,2026-09-30,NGM_EPG0_EVE_NUS-NMX_MMCF,exports by vessel,NMX,Mexico,americas,0,
2021-12-15,2026-09-30,NGM_EPG0_EVE_NUS-NMY_MMCF,exports by vessel,NMY,Malaysia,other_asia,,
2021-12-15,2026-09-30,NGM_EPG0_EVE_NUS-NNL_MMCF,exports by vessel,NNL,Netherlands,europe,23354,9.1
2021-12-15,2026-09-30,NGM_EPG0_EVE_NUS-NNU_MMCF,exports by vessel,NNU,Nicaragua,americas,0,
2021-12-15,2026-09-30,NGM_EPG0_EVE_NUS-NPK_MMCF,exports by vessel,NPK,Pakistan,other_asia,0,
2021-12-15,2026-09-30,NGM_EPG0_EVE_NUS-NPL_MMCF,exports by vessel,NPL,Poland,europe,7159,9.64
2021-12-15,2026-09-30,NGM_EPG0_EVE_NUS-NPM_MMCF,exports by vessel,NPM,Panama,americas,0,
2021-12-15,2026-09-30,NGM_EPG0_EVE_NUS-NPO_MMCF,exports by vessel,NPO,Portugal,europe,9630,9.26
2021-12-15,2026-09-30,NGM_EPG0_EVE_NUS-NRP_MMCF,exports by vessel,NRP,Philippines,other_asia,,
2021-12-15,2026-09-30,NGM_EPG0_EVE_NUS-NRS_MMCF,exports by vessel,NRS,Russia,europe,0,
2021-12-15,2026-09-30,NGM_EPG0_EVE_NUS-NSG_MMCF,exports by vessel,NSG,Senegal,middle_east_africa,,
2021-12-15,2026-09-30,NGM_EPG0_EVE_NUS-NSN_MMCF,exports by vessel,NSN,Singapore,other_asia,0,
2021-12-15,2026-09-30,NGM_EPG0_EVE_NUS-NSP_MMCF,exports by vessel,NSP,Spain,europe,32579,9.6
2021-12-15,2026-09-30,NGM_EPG0_EVE_NUS-NTC_MMCF,exports by vessel,NTC,United Arab Emirates,middle_east_africa,0,
2021-12-15,2026-09-30,NGM_EPG0_EVE_NUS-NTH_MMCF,exports by vessel,NTH,Thailand,other_asia,0,
2021-12-15,2026-09-30,NGM_EPG0_EVE_NUS-NTU_MMCF,exports by vessel,NTU,Turkiye,europe,38420,10.99
2021-12-15,2026-09-30,NGM_EPG0_EVE_NUS-NTW_MMCF,exports by vessel,NTW,Taiwan,jkm_markets,12034,15.01
2021-12-15,2026-09-30,NGM_EPG0_EVE_NUS-NUK_MMCF,exports by vessel,NUK,United Kingdom,europe,60315,8.99
2021-12-15,2026-09-30,NGM_EPG0_EVE_NUS-Z00_MMCF,exports by vessel,Z00,,,345195,9.62
2021-12-15,2026-09-30,NGM_EPG0_EVT_NUS-Z00_MMCF,exports by vessel and truck,Z00,,,345363,9.62
2022-01-15,2026-09-30,N9133US2,LNG total including re-exports,Z00,,,353791,8.56
2022-01-15,2026-09-30,NGM_EPG0_ERE_NUS-NAT_MMCF,re-exports,NAT,Argentina,americas,0,
2022-01-15,2026-09-30,NGM_EPG0_ERE_NUS-NBR_MMCF,re-exports,NBR,Brazil,americas,0,
2022-01-15,2026-09-30,NGM_EPG0_ERE_NUS-NCH_MMCF,re-exports,NCH,China,jkm_markets,0,
2022-01-15,2026-09-30,NGM_EPG0_ERE_NUS-NCI_MMCF,re-exports,NCI,Chile,americas,,
2022-01-15,2026-09-30,NGM_EPG0_ERE_NUS-NEG_MMCF,re-exports,NEG,Egypt,middle_east_africa,0,
2022-01-15,2026-09-30,NGM_EPG0_ERE_NUS-NIN_MMCF,re-exports,NIN,India,other_asia,0,
2022-01-15,2026-09-30,NGM_EPG0_ERE_NUS-NJA_MMCF,re-exports,NJA,Japan,jkm_markets,0,
2022-01-15,2026-09-30,NGM_EPG0_ERE_NUS-NKS_MMCF,re-exports,NKS,South Korea,jkm_markets,0,
2022-01-15,2026-09-30,NGM_EPG0_ERE_NUS-NMX_MMCF,re-exports,NMX,Mexico,americas,0,
2022-01-15,2026-09-30,NGM_EPG0_ERE_NUS-NPO_MMCF,re-exports,NPO,Portugal,europe,,
2022-01-15,2026-09-30,NGM_EPG0_ERE_NUS-NSP_MMCF,re-exports,NSP,Spain,europe,0,
2022-01-15,2026-09-30,NGM_EPG0_ERE_NUS-NTU_MMCF,re-exports,NTU,Turkiye,europe,0,
2022-01-15,2026-09-30,NGM_EPG0_ERE_NUS-NUK_MMCF,re-exports,NUK,United Kingdom,europe,0,
2022-01-15,2026-09-30,NGM_EPG0_ERE_NUS-Z00_MMCF,re-exports,Z00,,,0,
2022-01-15,2026-09-30,NGM_EPG0_ETR_NUS-NCA_MMCF,exports by truck,NCA,Canada,americas,13,14.28
2022-01-15,2026-09-30,NGM_EPG0_ETR_NUS-NMX_MMCF,exports by truck,NMX,Mexico,americas,148,12.86
2022-01-15,2026-09-30,NGM_EPG0_ETR_NUS-Z00_MMCF,exports by truck,Z00,,,160,12.97
2022-01-15,2026-09-30,NGM_EPG0_EVE_NUS-NAC_MMCF,exports by vessel,NAC,Antigua and Barbuda,americas,2,10.8
2022-01-15,2026-09-30,NGM_EPG0_EVE_NUS-NAT_MMCF,exports by vessel,NAT,Argentina,americas,0,
2022-01-15,2026-09-30,NGM_EPG0_EVE_NUS-NBA_MMCF,exports by vessel,NBA,Bahrain,middle_east_africa,,
2022-01-15,2026-09-30,NGM_EPG0_EVE_NUS-NBB_MMCF,exports by vessel,NBB,Barbados,americas,28,10.42
2022-01-15,2026-09-30,NGM_EPG0_EVE_NUS-NBE_MMCF,exports by vessel,NBE,Belgium,europe,13786,9.33
2022-01-15,2026-09-30,NGM_EPG0_EVE_NUS-NBF_MMCF,exports by vessel,NBF,Bahamas,americas,34,10.39
2022-01-15,2026-09-30,NGM_EPG0_EVE_NUS-NBG_MMCF,exports by vessel,NBG,Bangladesh,other_asia,0,
2022-01-15,2026-09-30,NGM_EPG0_EVE_NUS-NBR_MMCF,exports by vessel,NBR,Brazil,americas,17322,7.83
2022-01-15,2026-09-30,NGM_EPG0_EVE_NUS-NCA_MMCF,exports by vessel,NCA,Canada,americas,,
2022-01-15,2026-09-30,NGM_EPG0_EVE_NUS-NCH_MMCF,exports by vessel,NCH,China,jkm_markets,0,
2022-01-15,2026-09-30,NGM_EPG0_EVE_NUS-NCI_MMCF,exports by vessel,NCI,Chile,americas,3162,7.17
2022-01-15,2026-09-30,NGM_EPG0_EVE_NUS-NCO_MMCF,exports by vessel,NCO,Colombia,americas,486,6.75
2022-01-15,2026-09-30,NGM_EPG0_EVE_NUS-NDR_MMCF,exports by vessel,NDR,Dominican Republic,americas,6647,8.37
2022-01-15,2026-09-30,NGM_EPG0_EVE_NUS-NEG_MMCF,exports by vessel,NEG,Egypt,middle_east_africa,0,
2022-01-15,2026-09-30,NGM_EPG0_EVE_NUS-NES_MMCF,exports by vessel,NES,El Salvador,americas,,
2022-01-15,2026-09-30,NGM_EPG0_EVE_NUS-NFI_MMCF,exports by vessel,NFI,Finland,europe,0,
2022-01-15,2026-09-30,NGM_EPG0_EVE_NUS-NFR_MMCF,exports by vessel,NFR,France,europe,50084,7.84
2022-01-15,2026-09-30,NGM_EPG0_EVE_NUS-NGM_MMCF,exports by vessel,NGM,Germany,europe,0,
2022-01-15,2026-09-30,NGM_EPG0_EVE_NUS-NGR_MMCF,exports by vessel,NGR,Greece,europe,1802,7.77
2022-01-15,2026-09-30,NGM_EPG0_EVE_NUS-NHA_MMCF,exports by vessel,NHA,Haiti,americas,20,10.39
2022-01-15,2026-09-30,NGM_EPG0_EVE_NUS-NHR_MMCF,exports by vessel,NHR,Croatia,europe,9084,7.65
2022-01-15,2026-09-30,NGM_EPG0_EVE_NUS-NID_MMCF,exports by vessel,NID,Indonesia,other_asia,,
2022-01-15,2026-09-30,NGM_EPG0_EVE_NUS-NIN_MMCF,exports by vessel,NIN,India,other_asia,6866,7.74
2022-01-15,2026-09-30,NGM_EPG0_EVE_NUS-NIS_MMCF,exports by vessel,NIS,Israel,middle_east_africa,0,
2022-01-15,2026-09-30,NGM_EPG0_EVE_NUS-NIT_MMCF,exports by vessel,NIT,Italy,europe,7037,7.83
2022-01-15,2026-09-30,NGM_EPG0_EVE_NUS-NJA_MMCF,exports by vessel,NJA,Japan,jkm_markets,21527,8.12
2022-01-15,2026-09-30,NGM_EPG0_EVE_NUS-NJM_MMCF,exports by vessel,NJM,Jamaica,americas,86,10.4
2022-01-15,2026-09-30,NGM_EPG0_EVE_NUS-NJO_MMCF,exports by vessel,NJO,Jordan,middle_east_africa,0,
2022-01-15,2026-09-30,NGM_EPG0_EVE_NUS-NKS_MMCF,exports by vessel,NKS,South Korea,jkm_markets,21824,11.88
2022-01-15,2026-09-30,NGM_EPG0_EVE_NUS-NKU_MMCF,exports by vessel,NKU,Kuwait,middle_east_africa,0,
2022-01-15,2026-09-30,NGM_EPG0_EVE_NUS-NLH_MMCF,exports by vessel,NLH,Lithuania,europe,3518,7.48
2022-01-15,2026-09-30,NGM_EPG0_EVE_NUS-NM6_MMCF,exports by vessel,NM6,Malta,europe,0,
2022-01-15,2026-09-30,NGM_EPG0_EVE_NUS-NMR_MMCF,exports by vessel,NMR,Mauritania,middle_east_africa,,
2022-01-15,2026-09-30,NGM_EPG0_EVE_NUS-NMX_MMCF,exports by vessel,NMX,Mexico,americas,0,
2022-01-15,2026-09-30,NGM_EPG0_EVE_NUS-NMY_MMCF,exports by vessel,NMY,Malaysia,other_asia,0,
2022-01-15,2026-09-30,NGM_EPG0_EVE_NUS-NNL_MMCF,exports by vessel,NNL,Netherlands,europe,16279,7.98
2022-01-15,2026-09-30,NGM_EPG0_EVE_NUS-NNU_MMCF,exports by vessel,NNU,Nicaragua,americas,0,
2022-01-15,2026-09-30,NGM_EPG0_EVE_NUS-NPK_MMCF,exports by vessel,NPK,Pakistan,other_asia,0,
2022-01-15,2026-09-30,NGM_EPG0_EVE_NUS-NPL_MMCF,exports by vessel,NPL,Poland,europe,3695,7.96
2022-01-15,2026-09-30,NGM_EPG0_EVE_NUS-NPM_MMCF,exports by vessel,NPM,Panama,americas,3255,8.17
2022-01-15,2026-09-30,NGM_EPG0_EVE_NUS-NPO_MMCF,exports by vessel,NPO,Portugal,europe,2868,7.43
2022-01-15,2026-09-30,NGM_EPG0_EVE_NUS-NRP_MMCF,exports by vessel,NRP,Philippines,other_asia,,
2022-01-15,2026-09-30,NGM_EPG0_EVE_NUS-NRS_MMCF,exports by vessel,NRS,Russia,europe,0,
2022-01-15,2026-09-30,NGM_EPG0_EVE_NUS-NSG_MMCF,exports by vessel,NSG,Senegal,middle_east_africa,,
2022-01-15,2026-09-30,NGM_EPG0_EVE_NUS-NSN_MMCF,exports by vessel,NSN,Singapore,other_asia,0,
2022-01-15,2026-09-30,NGM_EPG0_EVE_NUS-NSP_MMCF,exports by vessel,NSP,Spain,europe,49379,8.23
2022-01-15,2026-09-30,NGM_EPG0_EVE_NUS-NTC_MMCF,exports by vessel,NTC,United Arab Emirates,middle_east_africa,0,
2022-01-15,2026-09-30,NGM_EPG0_EVE_NUS-NTH_MMCF,exports by vessel,NTH,Thailand,other_asia,3490,8.49
2022-01-15,2026-09-30,NGM_EPG0_EVE_NUS-NTU_MMCF,exports by vessel,NTU,Turkiye,europe,45081,9.91
2022-01-15,2026-09-30,NGM_EPG0_EVE_NUS-NTW_MMCF,exports by vessel,NTW,Taiwan,jkm_markets,6211,7.51
2022-01-15,2026-09-30,NGM_EPG0_EVE_NUS-NUK_MMCF,exports by vessel,NUK,United Kingdom,europe,60060,8.25
2022-01-15,2026-09-30,NGM_EPG0_EVE_NUS-Z00_MMCF,exports by vessel,Z00,,,353631,8.55
2022-01-15,2026-09-30,NGM_EPG0_EVT_NUS-Z00_MMCF,exports by vessel and truck,Z00,,,353791,8.56
2022-02-15,2026-09-30,N9133US2,LNG total including re-exports,Z00,,,316766,10.17
2022-02-15,2026-09-30,NGM_EPG0_ERE_NUS-NAT_MMCF,re-exports,NAT,Argentina,americas,0,
2022-02-15,2026-09-30,NGM_EPG0_ERE_NUS-NBR_MMCF,re-exports,NBR,Brazil,americas,0,
2022-02-15,2026-09-30,NGM_EPG0_ERE_NUS-NCH_MMCF,re-exports,NCH,China,jkm_markets,0,
2022-02-15,2026-09-30,NGM_EPG0_ERE_NUS-NCI_MMCF,re-exports,NCI,Chile,americas,,
2022-02-15,2026-09-30,NGM_EPG0_ERE_NUS-NEG_MMCF,re-exports,NEG,Egypt,middle_east_africa,0,
2022-02-15,2026-09-30,NGM_EPG0_ERE_NUS-NIN_MMCF,re-exports,NIN,India,other_asia,0,
2022-02-15,2026-09-30,NGM_EPG0_ERE_NUS-NJA_MMCF,re-exports,NJA,Japan,jkm_markets,0,
2022-02-15,2026-09-30,NGM_EPG0_ERE_NUS-NKS_MMCF,re-exports,NKS,South Korea,jkm_markets,0,
2022-02-15,2026-09-30,NGM_EPG0_ERE_NUS-NMX_MMCF,re-exports,NMX,Mexico,americas,0,
2022-02-15,2026-09-30,NGM_EPG0_ERE_NUS-NPO_MMCF,re-exports,NPO,Portugal,europe,,
2022-02-15,2026-09-30,NGM_EPG0_ERE_NUS-NSP_MMCF,re-exports,NSP,Spain,europe,0,
2022-02-15,2026-09-30,NGM_EPG0_ERE_NUS-NTU_MMCF,re-exports,NTU,Turkiye,europe,0,
2022-02-15,2026-09-30,NGM_EPG0_ERE_NUS-NUK_MMCF,re-exports,NUK,United Kingdom,europe,0,
2022-02-15,2026-09-30,NGM_EPG0_ERE_NUS-Z00_MMCF,re-exports,Z00,,,0,
2022-02-15,2026-09-30,NGM_EPG0_ETR_NUS-NCA_MMCF,exports by truck,NCA,Canada,americas,4,14.38
2022-02-15,2026-09-30,NGM_EPG0_ETR_NUS-NMX_MMCF,exports by truck,NMX,Mexico,americas,157,12.25
2022-02-15,2026-09-30,NGM_EPG0_ETR_NUS-Z00_MMCF,exports by truck,Z00,,,161,12.3
2022-02-15,2026-09-30,NGM_EPG0_EVE_NUS-NAC_MMCF,exports by vessel,NAC,Antigua and Barbuda,americas,0,
2022-02-15,2026-09-30,NGM_EPG0_EVE_NUS-NAT_MMCF,exports by vessel,NAT,Argentina,americas,0,
2022-02-15,2026-09-30,NGM_EPG0_EVE_NUS-NBA_MMCF,exports by vessel,NBA,Bahrain,middle_east_africa,,
2022-02-15,2026-09-30,NGM_EPG0_EVE_NUS-NBB_MMCF,exports by vessel,NBB,Barbados,americas,31,10.39
2022-02-15,2026-09-30,NGM_EPG0_EVE_NUS-NBE_MMCF,exports by vessel,NBE,Belgium,europe,7691,10.13
2022-02-15,2026-09-30,NGM_EPG0_EVE_NUS-NBF_MMCF,exports by vessel,NBF,Bahamas,americas,31,10.39
2022-02-15,2026-09-30,NGM_EPG0_EVE_NUS-NBG_MMCF,exports by vessel,NBG,Bangladesh,other_asia,5896,9.37
2022-02-15,2026-09-30,NGM_EPG0_EVE_NUS-NBR_MMCF,exports by vessel,NBR,Brazil,americas,10660,9.84
2022-02-15,2026-09-30,NGM_EPG0_EVE_NUS-NCA_MMCF,exports by vessel,NCA,Canada,americas,,
2022-02-15,2026-09-30,NGM_EPG0_EVE_NUS-NCH_MMCF,exports by vessel,NCH,China,jkm_markets,3357,10.15
2022-02-15,2026-09-30,NGM_EPG0_EVE_NUS-NCI_MMCF,exports by vessel,NCI,Chile,americas,0,
2022-02-15,2026-09-30,NGM_EPG0_EVE_NUS-NCO_MMCF,exports by vessel,NCO,Colombia,americas,0,
2022-02-15,2026-09-30,NGM_EPG0_EVE_NUS-NDR_MMCF,exports by vessel,NDR,Dominican Republic,americas,0,
2022-02-15,2026-09-30,NGM_EPG0_EVE_NUS-NEG_MMCF,exports by vessel,NEG,Egypt,middle_east_africa,0,
2022-02-15,2026-09-30,NGM_EPG0_EVE_NUS-NES_MMCF,exports by vessel,NES,El Salvador,americas,,
2022-02-15,2026-09-30,NGM_EPG0_EVE_NUS-NFI_MMCF,exports by vessel,NFI,Finland,europe,0,
2022-02-15,2026-09-30,NGM_EPG0_EVE_NUS-NFR_MMCF,exports by vessel,NFR,France,europe,39646,10.92
2022-02-15,2026-09-30,NGM_EPG0_EVE_NUS-NGM_MMCF,exports by vessel,NGM,Germany,europe,0,
2022-02-15,2026-09-30,NGM_EPG0_EVE_NUS-NGR_MMCF,exports by vessel,NGR,Greece,europe,8094,8.69
2022-02-15,2026-09-30,NGM_EPG0_EVE_NUS-NHA_MMCF,exports by vessel,NHA,Haiti,americas,16,10.39
2022-02-15,2026-09-30,NGM_EPG0_EVE_NUS-NHR_MMCF,exports by vessel,NHR,Croatia,europe,5870,10.64
2022-02-15,2026-09-30,NGM_EPG0_EVE_NUS-NID_MMCF,exports by vessel,NID,Indonesia,other_asia,717,10.64
2022-02-15,2026-09-30,NGM_EPG0_EVE_NUS-NIN_MMCF,exports by vessel,NIN,India,other_asia,7210,9.39
2022-02-15,2026-09-30,NGM_EPG0_EVE_NUS-NIS_MMCF,exports by vessel,NIS,Israel,middle_east_africa,0,
2022-02-15,2026-09-30,NGM_EPG0_EVE_NUS-NIT_MMCF,exports by vessel,NIT,Italy,europe,13629,9.96
2022-02-15,2026-09-30,NGM_EPG0_EVE_NUS-NJA_MMCF,exports by vessel,NJA,Japan,jkm_markets,10214,10.79
2022-02-15,2026-09-30,NGM_EPG0_EVE_NUS-NJM_MMCF,exports by vessel,NJM,Jamaica,americas,111,10.4
2022-02-15,2026-09-30,NGM_EPG0_EVE_NUS-NJO_MMCF,exports by vessel,NJO,Jordan,middle_east_africa,0,
2022-02-15,2026-09-30,NGM_EPG0_EVE_NUS-NKS_MMCF,exports by vessel,NKS,South Korea,jkm_markets,27489,9.88
2022-02-15,2026-09-30,NGM_EPG0_EVE_NUS-NKU_MMCF,exports by vessel,NKU,Kuwait,middle_east_africa,5277,9.32
2022-02-15,2026-09-30,NGM_EPG0_EVE_NUS-NLH_MMCF,exports by vessel,NLH,Lithuania,europe,3131,11.18
2022-02-15,2026-09-30,NGM_EPG0_EVE_NUS-NM6_MMCF,exports by vessel,NM6,Malta,europe,2345,9.24
2022-02-15,2026-09-30,NGM_EPG0_EVE_NUS-NMR_MMCF,exports by vessel,NMR,Mauritania,middle_east_africa,,
2022-02-15,2026-09-30,NGM_EPG0_EVE_NUS-NMX_MMCF,exports by vessel,NMX,Mexico,americas,0,
2022-02-15,2026-09-30,NGM_EPG0_EVE_NUS-NMY_MMCF,exports by vessel,NMY,Malaysia,other_asia,0,
2022-02-15,2026-09-30,NGM_EPG0_EVE_NUS-NNL_MMCF,exports by vessel,NNL,Netherlands,europe,31591,9.6
2022-02-15,2026-09-30,NGM_EPG0_EVE_NUS-NNU_MMCF,exports by vessel,NNU,Nicaragua,americas,0,
2022-02-15,2026-09-30,NGM_EPG0_EVE_NUS-NPK_MMCF,exports by vessel,NPK,Pakistan,other_asia,0,
2022-02-15,2026-09-30,NGM_EPG0_EVE_NUS-NPL_MMCF,exports by vessel,NPL,Poland,europe,7475,10.85
2022-02-15,2026-09-30,NGM_EPG0_EVE_NUS-NPM_MMCF,exports by vessel,NPM,Panama,americas,3069,11.17
2022-02-15,2026-09-30,NGM_EPG0_EVE_NUS-NPO_MMCF,exports by vessel,NPO,Portugal,europe,3703,9.56
2022-02-15,2026-09-30,NGM_EPG0_EVE_NUS-NRP_MMCF,exports by vessel,NRP,Philippines,other_asia,,
2022-02-15,2026-09-30,NGM_EPG0_EVE_NUS-NRS_MMCF,exports by vessel,NRS,Russia,europe,0,
2022-02-15,2026-09-30,NGM_EPG0_EVE_NUS-NSG_MMCF,exports by vessel,NSG,Senegal,middle_east_africa,,
2022-02-15,2026-09-30,NGM_EPG0_EVE_NUS-NSN_MMCF,exports by vessel,NSN,Singapore,other_asia,0,
2022-02-15,2026-09-30,NGM_EPG0_EVE_NUS-NSP_MMCF,exports by vessel,NSP,Spain,europe,39359,10.28
2022-02-15,2026-09-30,NGM_EPG0_EVE_NUS-NTC_MMCF,exports by vessel,NTC,United Arab Emirates,middle_east_africa,0,
2022-02-15,2026-09-30,NGM_EPG0_EVE_NUS-NTH_MMCF,exports by vessel,NTH,Thailand,other_asia,4880,9.49
2022-02-15,2026-09-30,NGM_EPG0_EVE_NUS-NTU_MMCF,exports by vessel,NTU,Turkiye,europe,43697,10.46
2022-02-15,2026-09-30,NGM_EPG0_EVE_NUS-NTW_MMCF,exports by vessel,NTW,Taiwan,jkm_markets,6115,9.49
2022-02-15,2026-09-30,NGM_EPG0_EVE_NUS-NUK_MMCF,exports by vessel,NUK,United Kingdom,europe,25301,10.31
2022-02-15,2026-09-30,NGM_EPG0_EVE_NUS-Z00_MMCF,exports by vessel,Z00,,,316605,10.17
2022-02-15,2026-09-30,NGM_EPG0_EVT_NUS-Z00_MMCF,exports by vessel and truck,Z00,,,316766,10.17
2022-03-15,2026-09-30,N9133US2,LNG total including re-exports,Z00,,,364116,9.15
2022-03-15,2026-09-30,NGM_EPG0_ERE_NUS-NAT_MMCF,re-exports,NAT,Argentina,americas,0,
2022-03-15,2026-09-30,NGM_EPG0_ERE_NUS-NBR_MMCF,re-exports,NBR,Brazil,americas,0,
2022-03-15,2026-09-30,NGM_EPG0_ERE_NUS-NCH_MMCF,re-exports,NCH,China,jkm_markets,0,
2022-03-15,2026-09-30,NGM_EPG0_ERE_NUS-NCI_MMCF,re-exports,NCI,Chile,americas,,
2022-03-15,2026-09-30,NGM_EPG0_ERE_NUS-NEG_MMCF,re-exports,NEG,Egypt,middle_east_africa,0,
2022-03-15,2026-09-30,NGM_EPG0_ERE_NUS-NIN_MMCF,re-exports,NIN,India,other_asia,0,
2022-03-15,2026-09-30,NGM_EPG0_ERE_NUS-NJA_MMCF,re-exports,NJA,Japan,jkm_markets,0,
2022-03-15,2026-09-30,NGM_EPG0_ERE_NUS-NKS_MMCF,re-exports,NKS,South Korea,jkm_markets,0,
2022-03-15,2026-09-30,NGM_EPG0_ERE_NUS-NMX_MMCF,re-exports,NMX,Mexico,americas,0,
2022-03-15,2026-09-30,NGM_EPG0_ERE_NUS-NPO_MMCF,re-exports,NPO,Portugal,europe,,
2022-03-15,2026-09-30,NGM_EPG0_ERE_NUS-NSP_MMCF,re-exports,NSP,Spain,europe,0,
2022-03-15,2026-09-30,NGM_EPG0_ERE_NUS-NTU_MMCF,re-exports,NTU,Turkiye,europe,0,
2022-03-15,2026-09-30,NGM_EPG0_ERE_NUS-NUK_MMCF,re-exports,NUK,United Kingdom,europe,0,
2022-03-15,2026-09-30,NGM_EPG0_ERE_NUS-Z00_MMCF,re-exports,Z00,,,0,
2022-03-15,2026-09-30,NGM_EPG0_ETR_NUS-NCA_MMCF,exports by truck,NCA,Canada,americas,0,
2022-03-15,2026-09-30,NGM_EPG0_ETR_NUS-NMX_MMCF,exports by truck,NMX,Mexico,americas,144,10.8
2022-03-15,2026-09-30,NGM_EPG0_ETR_NUS-Z00_MMCF,exports by truck,Z00,,,144,10.8
2022-03-15,2026-09-30,NGM_EPG0_EVE_NUS-NAC_MMCF,exports by vessel,NAC,Antigua and Barbuda,americas,2,10.8
2022-03-15,2026-09-30,NGM_EPG0_EVE_NUS-NAT_MMCF,exports by vessel,NAT,Argentina,americas,0,
2022-03-15,2026-09-30,NGM_EPG0_EVE_NUS-NBA_MMCF,exports by vessel,NBA,Bahrain,middle_east_africa,,
2022-03-15,2026-09-30,NGM_EPG0_EVE_NUS-NBB_MMCF,exports by vessel,NBB,Barbados,americas,34,10.39
2022-03-15,2026-09-30,NGM_EPG0_EVE_NUS-NBE_MMCF,exports by vessel,NBE,Belgium,europe,17743,13.83
2022-03-15,2026-09-30,NGM_EPG0_EVE_NUS-NBF_MMCF,exports by vessel,NBF,Bahamas,americas,43,10.39
2022-03-15,2026-09-30,NGM_EPG0_EVE_NUS-NBG_MMCF,exports by vessel,NBG,Bangladesh,other_asia,3421,8.61
2022-03-15,2026-09-30,NGM_EPG0_EVE_NUS-NBR_MMCF,exports by vessel,NBR,Brazil,americas,2236,7.78
2022-03-15,2026-09-30,NGM_EPG0_EVE_NUS-NCA_MMCF,exports by vessel,NCA,Canada,americas,,
2022-03-15,2026-09-30,NGM_EPG0_EVE_NUS-NCH_MMCF,exports by vessel,NCH,China,jkm_markets,7527,8.03
2022-03-15,2026-09-30,NGM_EPG0_EVE_NUS-NCI_MMCF,exports by vessel,NCI,Chile,americas,3214,9.14
2022-03-15,2026-09-30,NGM_EPG0_EVE_NUS-NCO_MMCF,exports by vessel,NCO,Colombia,americas,0,
2022-03-15,2026-09-30,NGM_EPG0_EVE_NUS-NDR_MMCF,exports by vessel,NDR,Dominican Republic,americas,6530,8.48
2022-03-15,2026-09-30,NGM_EPG0_EVE_NUS-NEG_MMCF,exports by vessel,NEG,Egypt,middle_east_africa,0,
2022-03-15,2026-09-30,NGM_EPG0_EVE_NUS-NES_MMCF,exports by vessel,NES,El Salvador,americas,,
2022-03-15,2026-09-30,NGM_EPG0_EVE_NUS-NFI_MMCF,exports by vessel,NFI,Finland,europe,0,
2022-03-15,2026-09-30,NGM_EPG0_EVE_NUS-NFR_MMCF,exports by vessel,NFR,France,europe,64415,10.88
2022-03-15,2026-09-30,NGM_EPG0_EVE_NUS-NGM_MMCF,exports by vessel,NGM,Germany,europe,0,
2022-03-15,2026-09-30,NGM_EPG0_EVE_NUS-NGR_MMCF,exports by vessel,NGR,Greece,europe,4116,8.55
2022-03-15,2026-09-30,NGM_EPG0_EVE_NUS-NHA_MMCF,exports by vessel,NHA,Haiti,americas,10,10.39
2022-03-15,2026-09-30,NGM_EPG0_EVE_NUS-NHR_MMCF,exports by vessel,NHR,Croatia,europe,3358,8.64
2022-03-15,2026-09-30,NGM_EPG0_EVE_NUS-NID_MMCF,exports by vessel,NID,Indonesia,other_asia,,
2022-03-15,2026-09-30,NGM_EPG0_EVE_NUS-NIN_MMCF,exports by vessel,NIN,India,other_asia,10438,8.08
2022-03-15,2026-09-30,NGM_EPG0_EVE_NUS-NIS_MMCF,exports by vessel,NIS,Israel,middle_east_africa,0,
2022-03-15,2026-09-30,NGM_EPG0_EVE_NUS-NIT_MMCF,exports by vessel,NIT,Italy,europe,7088,8.32
2022-03-15,2026-09-30,NGM_EPG0_EVE_NUS-NJA_MMCF,exports by vessel,NJA,Japan,jkm_markets,17697,8.54
2022-03-15,2026-09-30,NGM_EPG0_EVE_NUS-NJM_MMCF,exports by vessel,NJM,Jamaica,americas,92,10.42
2022-03-15,2026-09-30,NGM_EPG0_EVE_NUS-NJO_MMCF,exports by vessel,NJO,Jordan,middle_east_africa,0,
2022-03-15,2026-09-30,NGM_EPG0_EVE_NUS-NKS_MMCF,exports by vessel,NKS,South Korea,jkm_markets,19289,8.82
2022-03-15,2026-09-30,NGM_EPG0_EVE_NUS-NKU_MMCF,exports by vessel,NKU,Kuwait,middle_east_africa,0,
2022-03-15,2026-09-30,NGM_EPG0_EVE_NUS-NLH_MMCF,exports by vessel,NLH,Lithuania,europe,5700,8.6
2022-03-15,2026-09-30,NGM_EPG0_EVE_NUS-NM6_MMCF,exports by vessel,NM6,Malta,europe,0,
2022-03-15,2026-09-30,NGM_EPG0_EVE_NUS-NMR_MMCF,exports by vessel,NMR,Mauritania,middle_east_africa,,
2022-03-15,2026-09-30,NGM_EPG0_EVE_NUS-NMX_MMCF,exports by vessel,NMX,Mexico,americas,0,
2022-03-15,2026-09-30,NGM_EPG0_EVE_NUS-NMY_MMCF,exports by vessel,NMY,Malaysia,other_asia,0,
2022-03-15,2026-09-30,NGM_EPG0_EVE_NUS-NNL_MMCF,exports by vessel,NNL,Netherlands,europe,24922,8.02
2022-03-15,2026-09-30,NGM_EPG0_EVE_NUS-NNU_MMCF,exports by vessel,NNU,Nicaragua,americas,0,
2022-03-15,2026-09-30,NGM_EPG0_EVE_NUS-NPK_MMCF,exports by vessel,NPK,Pakistan,other_asia,0,
2022-03-15,2026-09-30,NGM_EPG0_EVE_NUS-NPL_MMCF,exports by vessel,NPL,Poland,europe,3831,7.45
2022-03-15,2026-09-30,NGM_EPG0_EVE_NUS-NPM_MMCF,exports by vessel,NPM,Panama,americas,0,
2022-03-15,2026-09-30,NGM_EPG0_EVE_NUS-NPO_MMCF,exports by vessel,NPO,Portugal,europe,10728,7.83
2022-03-15,2026-09-30,NGM_EPG0_EVE_NUS-NRP_MMCF,exports by vessel,NRP,Philippines,other_asia,,
2022-03-15,2026-09-30,NGM_EPG0_EVE_NUS-NRS_MMCF,exports by vessel,NRS,Russia,europe,0,
2022-03-15,2026-09-30,NGM_EPG0_EVE_NUS-NSG_MMCF,exports by vessel,NSG,Senegal,middle_east_africa,,
2022-03-15,2026-09-30,NGM_EPG0_EVE_NUS-NSN_MMCF,exports by vessel,NSN,Singapore,other_asia,6725,9.92
2022-03-15,2026-09-30,NGM_EPG0_EVE_NUS-NSP_MMCF,exports by vessel,NSP,Spain,europe,59224,8.71
2022-03-15,2026-09-30,NGM_EPG0_EVE_NUS-NTC_MMCF,exports by vessel,NTC,United Arab Emirates,middle_east_africa,0,
2022-03-15,2026-09-30,NGM_EPG0_EVE_NUS-NTH_MMCF,exports by vessel,NTH,Thailand,other_asia,0,
2022-03-15,2026-09-30,NGM_EPG0_EVE_NUS-NTU_MMCF,exports by vessel,NTU,Turkiye,europe,16629,8.91
2022-03-15,2026-09-30,NGM_EPG0_EVE_NUS-NTW_MMCF,exports by vessel,NTW,Taiwan,jkm_markets,12161,7.76
2022-03-15,2026-09-30,NGM_EPG0_EVE_NUS-NUK_MMCF,exports by vessel,NUK,United Kingdom,europe,56799,8.38
2022-03-15,2026-09-30,NGM_EPG0_EVE_NUS-Z00_MMCF,exports by vessel,Z00,,,363971,9.15
2022-03-15,2026-09-30,NGM_EPG0_EVT_NUS-Z00_MMCF,exports by vessel and truck,Z00,,,364116,9.15
2022-04-15,2026-09-30,N9133US2,LNG total including re-exports,Z00,,,330463,10.33
2022-04-15,2026-09-30,NGM_EPG0_ERE_NUS-NAT_MMCF,re-exports,NAT,Argentina,americas,0,
2022-04-15,2026-09-30,NGM_EPG0_ERE_NUS-NBR_MMCF,re-exports,NBR,Brazil,americas,0,
2022-04-15,2026-09-30,NGM_EPG0_ERE_NUS-NCH_MMCF,re-exports,NCH,China,jkm_markets,0,
2022-04-15,2026-09-30,NGM_EPG0_ERE_NUS-NCI_MMCF,re-exports,NCI,Chile,americas,,
2022-04-15,2026-09-30,NGM_EPG0_ERE_NUS-NEG_MMCF,re-exports,NEG,Egypt,middle_east_africa,0,
2022-04-15,2026-09-30,NGM_EPG0_ERE_NUS-NIN_MMCF,re-exports,NIN,India,other_asia,0,
2022-04-15,2026-09-30,NGM_EPG0_ERE_NUS-NJA_MMCF,re-exports,NJA,Japan,jkm_markets,0,
2022-04-15,2026-09-30,NGM_EPG0_ERE_NUS-NKS_MMCF,re-exports,NKS,South Korea,jkm_markets,0,
2022-04-15,2026-09-30,NGM_EPG0_ERE_NUS-NMX_MMCF,re-exports,NMX,Mexico,americas,0,
2022-04-15,2026-09-30,NGM_EPG0_ERE_NUS-NPO_MMCF,re-exports,NPO,Portugal,europe,,
2022-04-15,2026-09-30,NGM_EPG0_ERE_NUS-NSP_MMCF,re-exports,NSP,Spain,europe,0,
2022-04-15,2026-09-30,NGM_EPG0_ERE_NUS-NTU_MMCF,re-exports,NTU,Turkiye,europe,0,
2022-04-15,2026-09-30,NGM_EPG0_ERE_NUS-NUK_MMCF,re-exports,NUK,United Kingdom,europe,0,
2022-04-15,2026-09-30,NGM_EPG0_ERE_NUS-Z00_MMCF,re-exports,Z00,,,0,
2022-04-15,2026-09-30,NGM_EPG0_ETR_NUS-NCA_MMCF,exports by truck,NCA,Canada,americas,15,17.19
2022-04-15,2026-09-30,NGM_EPG0_ETR_NUS-NMX_MMCF,exports by truck,NMX,Mexico,americas,122,12.11
2022-04-15,2026-09-30,NGM_EPG0_ETR_NUS-Z00_MMCF,exports by truck,Z00,,,136,12.66
2022-04-15,2026-09-30,NGM_EPG0_EVE_NUS-NAC_MMCF,exports by vessel,NAC,Antigua and Barbuda,americas,3,10.8
2022-04-15,2026-09-30,NGM_EPG0_EVE_NUS-NAT_MMCF,exports by vessel,NAT,Argentina,americas,9933,9.36
2022-04-15,2026-09-30,NGM_EPG0_EVE_NUS-NBA_MMCF,exports by vessel,NBA,Bahrain,middle_east_africa,,
2022-04-15,2026-09-30,NGM_EPG0_EVE_NUS-NBB_MMCF,exports by vessel,NBB,Barbados,americas,0,
2022-04-15,2026-09-30,NGM_EPG0_EVE_NUS-NBE_MMCF,exports by vessel,NBE,Belgium,europe,7341,8.29
2022-04-15,2026-09-30,NGM_EPG0_EVE_NUS-NBF_MMCF,exports by vessel,NBF,Bahamas,americas,34,10.39
2022-04-15,2026-09-30,NGM_EPG0_EVE_NUS-NBG_MMCF,exports by vessel,NBG,Bangladesh,other_asia,0,
2022-04-15,2026-09-30,NGM_EPG0_EVE_NUS-NBR_MMCF,exports by vessel,NBR,Brazil,americas,3448,9.71
2022-04-15,2026-09-30,NGM_EPG0_EVE_NUS-NCA_MMCF,exports by vessel,NCA,Canada,americas,,
2022-04-15,2026-09-30,NGM_EPG0_EVE_NUS-NCH_MMCF,exports by vessel,NCH,China,jkm_markets,10217,9.64
2022-04-15,2026-09-30,NGM_EPG0_EVE_NUS-NCI_MMCF,exports by vessel,NCI,Chile,americas,3530,8.37
2022-04-15,2026-09-30,NGM_EPG0_EVE_NUS-NCO_MMCF,exports by vessel,NCO,Colombia,americas,0,
2022-04-15,2026-09-30,NGM_EPG0_EVE_NUS-NDR_MMCF,exports by vessel,NDR,Dominican Republic,americas,3645,9.53
2022-04-15,2026-09-30,NGM_EPG0_EVE_NUS-NEG_MMCF,exports by vessel,NEG,Egypt,middle_east_africa,0,
2022-04-15,2026-09-30,NGM_EPG0_EVE_NUS-NES_MMCF,exports by vessel,NES,El Salvador,americas,,
2022-04-15,2026-09-30,NGM_EPG0_EVE_NUS-NFI_MMCF,exports by vessel,NFI,Finland,europe,0,
2022-04-15,2026-09-30,NGM_EPG0_EVE_NUS-NFR_MMCF,exports by vessel,NFR,France,europe,56343,10.26
2022-04-15,2026-09-30,NGM_EPG0_EVE_NUS-NGM_MMCF,exports by vessel,NGM,Germany,europe,0,
2022-04-15,2026-09-30,NGM_EPG0_EVE_NUS-NGR_MMCF,exports by vessel,NGR,Greece,europe,1336,9.53
2022-04-15,2026-09-30,NGM_EPG0_EVE_NUS-NHA_MMCF,exports by vessel,NHA,Haiti,americas,11,10.39
2022-04-15,2026-09-30,NGM_EPG0_EVE_NUS-NHR_MMCF,exports by vessel,NHR,Croatia,europe,6763,9.55
2022-04-15,2026-09-30,NGM_EPG0_EVE_NUS-NID_MMCF,exports by vessel,NID,Indonesia,other_asia,,
2022-04-15,2026-09-30,NGM_EPG0_EVE_NUS-NIN_MMCF,exports by vessel,NIN,India,other_asia,14223,9.09
2022-04-15,2026-09-30,NGM_EPG0_EVE_NUS-NIS_MMCF,exports by vessel,NIS,Israel,middle_east_africa,0,
2022-04-15,2026-09-30,NGM_EPG0_EVE_NUS-NIT_MMCF,exports by vessel,NIT,Italy,europe,15519,13.47
2022-04-15,2026-09-30,NGM_EPG0_EVE_NUS-NJA_MMCF,exports by vessel,NJA,Japan,jkm_markets,13231,9.78
2022-04-15,2026-09-30,NGM_EPG0_EVE_NUS-NJM_MMCF,exports by vessel,NJM,Jamaica,americas,135,10.41
2022-04-15,2026-09-30,NGM_EPG0_EVE_NUS-NJO_MMCF,exports by vessel,NJO,Jordan,middle_east_africa,0,
2022-04-15,2026-09-30,NGM_EPG0_EVE_NUS-NKS_MMCF,exports by vessel,NKS,South Korea,jkm_markets,13813,9.58
2022-04-15,2026-09-30,NGM_EPG0_EVE_NUS-NKU_MMCF,exports by vessel,NKU,Kuwait,middle_east_africa,7298,9.15
2022-04-15,2026-09-30,NGM_EPG0_EVE_NUS-NLH_MMCF,exports by vessel,NLH,Lithuania,europe,13770,9.27
2022-04-15,2026-09-30,NGM_EPG0_EVE_NUS-NM6_MMCF,exports by vessel,NM6,Malta,europe,0,
2022-04-15,2026-09-30,NGM_EPG0_EVE_NUS-NMR_MMCF,exports by vessel,NMR,Mauritania,middle_east_africa,,
2022-04-15,2026-09-30,NGM_EPG0_EVE_NUS-NMX_MMCF,exports by vessel,NMX,Mexico,americas,0,
2022-04-15,2026-09-30,NGM_EPG0_EVE_NUS-NMY_MMCF,exports by vessel,NMY,Malaysia,other_asia,0,
2022-04-15,2026-09-30,NGM_EPG0_EVE_NUS-NNL_MMCF,exports by vessel,NNL,Netherlands,europe,28395,9.35
2022-04-15,2026-09-30,NGM_EPG0_EVE_NUS-NNU_MMCF,exports by vessel,NNU,Nicaragua,americas,0,
2022-04-15,2026-09-30,NGM_EPG0_EVE_NUS-NPK_MMCF,exports by vessel,NPK,Pakistan,other_asia,3074,9.53
2022-04-15,2026-09-30,NGM_EPG0_EVE_NUS-NPL_MMCF,exports by vessel,NPL,Poland,europe,13882,17.68
2022-04-15,2026-09-30,NGM_EPG0_EVE_NUS-NPM_MMCF,exports by vessel,NPM,Panama,americas,1536,18.6
2022-04-15,2026-09-30,NGM_EPG0_EVE_NUS-NPO_MMCF,exports by vessel,NPO,Portugal,europe,6632,9.34
2022-04-15,2026-09-30,NGM_EPG0_EVE_NUS-NRP_MMCF,exports by vessel,NRP,Philippines,other_asia,,
2022-04-15,2026-09-30,NGM_EPG0_EVE_NUS-NRS_MMCF,exports by vessel,NRS,Russia,europe,0,
2022-04-15,2026-09-30,NGM_EPG0_EVE_NUS-NSG_MMCF,exports by vessel,NSG,Senegal,middle_east_africa,,
2022-04-15,2026-09-30,NGM_EPG0_EVE_NUS-NSN_MMCF,exports by vessel,NSN,Singapore,other_asia,0,
2022-04-15,2026-09-30,NGM_EPG0_EVE_NUS-NSP_MMCF,exports by vessel,NSP,Spain,europe,40259,9.09
2022-04-15,2026-09-30,NGM_EPG0_EVE_NUS-NTC_MMCF,exports by vessel,NTC,United Arab Emirates,middle_east_africa,0,
2022-04-15,2026-09-30,NGM_EPG0_EVE_NUS-NTH_MMCF,exports by vessel,NTH,Thailand,other_asia,0,
2022-04-15,2026-09-30,NGM_EPG0_EVE_NUS-NTU_MMCF,exports by vessel,NTU,Turkiye,europe,6637,21.41
2022-04-15,2026-09-30,NGM_EPG0_EVE_NUS-NTW_MMCF,exports by vessel,NTW,Taiwan,jkm_markets,9541,8.7
2022-04-15,2026-09-30,NGM_EPG0_EVE_NUS-NUK_MMCF,exports by vessel,NUK,United Kingdom,europe,39775,9.75
2022-04-15,2026-09-30,NGM_EPG0_EVE_NUS-Z00_MMCF,exports by vessel,Z00,,,330326,10.33
2022-04-15,2026-09-30,NGM_EPG0_EVT_NUS-Z00_MMCF,exports by vessel and truck,Z00,,,330463,10.33
2022-05-15,2026-09-30,N9133US2,LNG total including re-exports,Z00,,,351448,12.33
2022-05-15,2026-09-30,NGM_EPG0_ERE_NUS-NAT_MMCF,re-exports,NAT,Argentina,americas,0,
2022-05-15,2026-09-30,NGM_EPG0_ERE_NUS-NBR_MMCF,re-exports,NBR,Brazil,americas,0,
2022-05-15,2026-09-30,NGM_EPG0_ERE_NUS-NCH_MMCF,re-exports,NCH,China,jkm_markets,0,
2022-05-15,2026-09-30,NGM_EPG0_ERE_NUS-NCI_MMCF,re-exports,NCI,Chile,americas,,
2022-05-15,2026-09-30,NGM_EPG0_ERE_NUS-NEG_MMCF,re-exports,NEG,Egypt,middle_east_africa,0,
2022-05-15,2026-09-30,NGM_EPG0_ERE_NUS-NIN_MMCF,re-exports,NIN,India,other_asia,0,
2022-05-15,2026-09-30,NGM_EPG0_ERE_NUS-NJA_MMCF,re-exports,NJA,Japan,jkm_markets,0,
2022-05-15,2026-09-30,NGM_EPG0_ERE_NUS-NKS_MMCF,re-exports,NKS,South Korea,jkm_markets,0,
2022-05-15,2026-09-30,NGM_EPG0_ERE_NUS-NMX_MMCF,re-exports,NMX,Mexico,americas,0,
2022-05-15,2026-09-30,NGM_EPG0_ERE_NUS-NPO_MMCF,re-exports,NPO,Portugal,europe,,
2022-05-15,2026-09-30,NGM_EPG0_ERE_NUS-NSP_MMCF,re-exports,NSP,Spain,europe,0,
2022-05-15,2026-09-30,NGM_EPG0_ERE_NUS-NTU_MMCF,re-exports,NTU,Turkiye,europe,0,
2022-05-15,2026-09-30,NGM_EPG0_ERE_NUS-NUK_MMCF,re-exports,NUK,United Kingdom,europe,0,
2022-05-15,2026-09-30,NGM_EPG0_ERE_NUS-Z00_MMCF,re-exports,Z00,,,0,
2022-05-15,2026-09-30,NGM_EPG0_ETR_NUS-NCA_MMCF,exports by truck,NCA,Canada,americas,8,18.68
2022-05-15,2026-09-30,NGM_EPG0_ETR_NUS-NMX_MMCF,exports by truck,NMX,Mexico,americas,115,13.78
2022-05-15,2026-09-30,NGM_EPG0_ETR_NUS-Z00_MMCF,exports by truck,Z00,,,123,14.11
2022-05-15,2026-09-30,NGM_EPG0_EVE_NUS-NAC_MMCF,exports by vessel,NAC,Antigua and Barbuda,americas,2,10.8
2022-05-15,2026-09-30,NGM_EPG0_EVE_NUS-NAT_MMCF,exports by vessel,NAT,Argentina,americas,20111,11.3
2022-05-15,2026-09-30,NGM_EPG0_EVE_NUS-NBA_MMCF,exports by vessel,NBA,Bahrain,middle_east_africa,,
2022-05-15,2026-09-30,NGM_EPG0_EVE_NUS-NBB_MMCF,exports by vessel,NBB,Barbados,americas,0,
2022-05-15,2026-09-30,NGM_EPG0_EVE_NUS-NBE_MMCF,exports by vessel,NBE,Belgium,europe,3441,11.83
2022-05-15,2026-09-30,NGM_EPG0_EVE_NUS-NBF_MMCF,exports by vessel,NBF,Bahamas,americas,42,10.39
2022-05-15,2026-09-30,NGM_EPG0_EVE_NUS-NBG_MMCF,exports by vessel,NBG,Bangladesh,other_asia,3346,12.71
2022-05-15,2026-09-30,NGM_EPG0_EVE_NUS-NBR_MMCF,exports by vessel,NBR,Brazil,americas,15303,15.93
2022-05-15,2026-09-30,NGM_EPG0_EVE_NUS-NCA_MMCF,exports by vessel,NCA,Canada,americas,,
2022-05-15,2026-09-30,NGM_EPG0_EVE_NUS-NCH_MMCF,exports by vessel,NCH,China,jkm_markets,0,
2022-05-15,2026-09-30,NGM_EPG0_EVE_NUS-NCI_MMCF,exports by vessel,NCI,Chile,americas,9943,10.88
2022-05-15,2026-09-30,NGM_EPG0_EVE_NUS-NCO_MMCF,exports by vessel,NCO,Colombia,americas,0,
2022-05-15,2026-09-30,NGM_EPG0_EVE_NUS-NDR_MMCF,exports by vessel,NDR,Dominican Republic,americas,4964,12.17
2022-05-15,2026-09-30,NGM_EPG0_EVE_NUS-NEG_MMCF,exports by vessel,NEG,Egypt,middle_east_africa,0,
2022-05-15,2026-09-30,NGM_EPG0_EVE_NUS-NES_MMCF,exports by vessel,NES,El Salvador,americas,,
2022-05-15,2026-09-30,NGM_EPG0_EVE_NUS-NFI_MMCF,exports by vessel,NFI,Finland,europe,0,
2022-05-15,2026-09-30,NGM_EPG0_EVE_NUS-NFR_MMCF,exports by vessel,NFR,France,europe,47150,12.14
2022-05-15,2026-09-30,NGM_EPG0_EVE_NUS-NGM_MMCF,exports by vessel,NGM,Germany,europe,0,
2022-05-15,2026-09-30,NGM_EPG0_EVE_NUS-NGR_MMCF,exports by vessel,NGR,Greece,europe,12650,12.82
2022-05-15,2026-09-30,NGM_EPG0_EVE_NUS-NHA_MMCF,exports by vessel,NHA,Haiti,americas,9,10.39
2022-05-15,2026-09-30,NGM_EPG0_EVE_NUS-NHR_MMCF,exports by vessel,NHR,Croatia,europe,8543,11.59
2022-05-15,2026-09-30,NGM_EPG0_EVE_NUS-NID_MMCF,exports by vessel,NID,Indonesia,other_asia,,
2022-05-15,2026-09-30,NGM_EPG0_EVE_NUS-NIN_MMCF,exports by vessel,NIN,India,other_asia,7152,11.41
2022-05-15,2026-09-30,NGM_EPG0_EVE_NUS-NIS_MMCF,exports by vessel,NIS,Israel,middle_east_africa,0,
2022-05-15,2026-09-30,NGM_EPG0_EVE_NUS-NIT_MMCF,exports by vessel,NIT,Italy,europe,21696,11.6
2022-05-15,2026-09-30,NGM_EPG0_EVE_NUS-NJA_MMCF,exports by vessel,NJA,Japan,jkm_markets,24024,11.81
2022-05-15,2026-09-30,NGM_EPG0_EVE_NUS-NJM_MMCF,exports by vessel,NJM,Jamaica,americas,144,10.4
2022-05-15,2026-09-30,NGM_EPG0_EVE_NUS-NJO_MMCF,exports by vessel,NJO,Jordan,middle_east_africa,0,
2022-05-15,2026-09-30,NGM_EPG0_EVE_NUS-NKS_MMCF,exports by vessel,NKS,South Korea,jkm_markets,17538,11.8
2022-05-15,2026-09-30,NGM_EPG0_EVE_NUS-NKU_MMCF,exports by vessel,NKU,Kuwait,middle_east_africa,14204,11.23
2022-05-15,2026-09-30,NGM_EPG0_EVE_NUS-NLH_MMCF,exports by vessel,NLH,Lithuania,europe,11237,12.05
2022-05-15,2026-09-30,NGM_EPG0_EVE_NUS-NM6_MMCF,exports by vessel,NM6,Malta,europe,0,
2022-05-15,2026-09-30,NGM_EPG0_EVE_NUS-NMR_MMCF,exports by vessel,NMR,Mauritania,middle_east_africa,,
2022-05-15,2026-09-30,NGM_EPG0_EVE_NUS-NMX_MMCF,exports by vessel,NMX,Mexico,americas,0,
2022-05-15,2026-09-30,NGM_EPG0_EVE_NUS-NMY_MMCF,exports by vessel,NMY,Malaysia,other_asia,0,
2022-05-15,2026-09-30,NGM_EPG0_EVE_NUS-NNL_MMCF,exports by vessel,NNL,Netherlands,europe,28902,12.24
2022-05-15,2026-09-30,NGM_EPG0_EVE_NUS-NNU_MMCF,exports by vessel,NNU,Nicaragua,americas,0,
2022-05-15,2026-09-30,NGM_EPG0_EVE_NUS-NPK_MMCF,exports by vessel,NPK,Pakistan,other_asia,0,
2022-05-15,2026-09-30,NGM_EPG0_EVE_NUS-NPL_MMCF,exports by vessel,NPL,Poland,europe,18224,16.94
2022-05-15,2026-09-30,NGM_EPG0_EVE_NUS-NPM_MMCF,exports by vessel,NPM,Panama,americas,1192,11.8
2022-05-15,2026-09-30,NGM_EPG0_EVE_NUS-NPO_MMCF,exports by vessel,NPO,Portugal,europe,3888,11.58
2022-05-15,2026-09-30,NGM_EPG0_EVE_NUS-NRP_MMCF,exports by vessel,NRP,Philippines,other_asia,,
2022-05-15,2026-09-30,NGM_EPG0_EVE_NUS-NRS_MMCF,exports by vessel,NRS,Russia,europe,0,
2022-05-15,2026-09-30,NGM_EPG0_EVE_NUS-NSG_MMCF,exports by vessel,NSG,Senegal,middle_east_africa,,
2022-05-15,2026-09-30,NGM_EPG0_EVE_NUS-NSN_MMCF,exports by vessel,NSN,Singapore,other_asia,0,
2022-05-15,2026-09-30,NGM_EPG0_EVE_NUS-NSP_MMCF,exports by vessel,NSP,Spain,europe,40337,11.65
2022-05-15,2026-09-30,NGM_EPG0_EVE_NUS-NTC_MMCF,exports by vessel,NTC,United Arab Emirates,middle_east_africa,0,
2022-05-15,2026-09-30,NGM_EPG0_EVE_NUS-NTH_MMCF,exports by vessel,NTH,Thailand,other_asia,3419,11.35
2022-05-15,2026-09-30,NGM_EPG0_EVE_NUS-NTU_MMCF,exports by vessel,NTU,Turkiye,europe,7281,11.26
2022-05-15,2026-09-30,NGM_EPG0_EVE_NUS-NTW_MMCF,exports by vessel,NTW,Taiwan,jkm_markets,15975,13.32
2022-05-15,2026-09-30,NGM_EPG0_EVE_NUS-NUK_MMCF,exports by vessel,NUK,United Kingdom,europe,10608,12.21
2022-05-15,2026-09-30,NGM_EPG0_EVE_NUS-Z00_MMCF,exports by vessel,Z00,,,351325,12.33
2022-05-15,2026-09-30,NGM_EPG0_EVT_NUS-Z00_MMCF,exports by vessel and truck,Z00,,,351448,12.33
2022-06-15,2026-09-30,N9133US2,LNG total including re-exports,Z00,,,300659,14.36
2022-06-15,2026-09-30,NGM_EPG0_ERE_NUS-NAT_MMCF,re-exports,NAT,Argentina,americas,0,
2022-06-15,2026-09-30,NGM_EPG0_ERE_NUS-NBR_MMCF,re-exports,NBR,Brazil,americas,0,
2022-06-15,2026-09-30,NGM_EPG0_ERE_NUS-NCH_MMCF,re-exports,NCH,China,jkm_markets,0,
2022-06-15,2026-09-30,NGM_EPG0_ERE_NUS-NCI_MMCF,re-exports,NCI,Chile,americas,,
2022-06-15,2026-09-30,NGM_EPG0_ERE_NUS-NEG_MMCF,re-exports,NEG,Egypt,middle_east_africa,0,
2022-06-15,2026-09-30,NGM_EPG0_ERE_NUS-NIN_MMCF,re-exports,NIN,India,other_asia,0,
2022-06-15,2026-09-30,NGM_EPG0_ERE_NUS-NJA_MMCF,re-exports,NJA,Japan,jkm_markets,0,
2022-06-15,2026-09-30,NGM_EPG0_ERE_NUS-NKS_MMCF,re-exports,NKS,South Korea,jkm_markets,0,
2022-06-15,2026-09-30,NGM_EPG0_ERE_NUS-NMX_MMCF,re-exports,NMX,Mexico,americas,0,
2022-06-15,2026-09-30,NGM_EPG0_ERE_NUS-NPO_MMCF,re-exports,NPO,Portugal,europe,,
2022-06-15,2026-09-30,NGM_EPG0_ERE_NUS-NSP_MMCF,re-exports,NSP,Spain,europe,0,
2022-06-15,2026-09-30,NGM_EPG0_ERE_NUS-NTU_MMCF,re-exports,NTU,Turkiye,europe,0,
2022-06-15,2026-09-30,NGM_EPG0_ERE_NUS-NUK_MMCF,re-exports,NUK,United Kingdom,europe,0,
2022-06-15,2026-09-30,NGM_EPG0_ERE_NUS-Z00_MMCF,re-exports,Z00,,,0,
2022-06-15,2026-09-30,NGM_EPG0_ETR_NUS-NCA_MMCF,exports by truck,NCA,Canada,americas,8,19.57
2022-06-15,2026-09-30,NGM_EPG0_ETR_NUS-NMX_MMCF,exports by truck,NMX,Mexico,americas,105,16.1
2022-06-15,2026-09-30,NGM_EPG0_ETR_NUS-Z00_MMCF,exports by truck,Z00,,,113,16.36
2022-06-15,2026-09-30,NGM_EPG0_EVE_NUS-NAC_MMCF,exports by vessel,NAC,Antigua and Barbuda,americas,3,10.8
2022-06-15,2026-09-30,NGM_EPG0_EVE_NUS-NAT_MMCF,exports by vessel,NAT,Argentina,americas,25246,16.38
2022-06-15,2026-09-30,NGM_EPG0_EVE_NUS-NBA_MMCF,exports by vessel,NBA,Bahrain,middle_east_africa,,
2022-06-15,2026-09-30,NGM_EPG0_EVE_NUS-NBB_MMCF,exports by vessel,NBB,Barbados,americas,0,
2022-06-15,2026-09-30,NGM_EPG0_EVE_NUS-NBE_MMCF,exports by vessel,NBE,Belgium,europe,7023,12.81
2022-06-15,2026-09-30,NGM_EPG0_EVE_NUS-NBF_MMCF,exports by vessel,NBF,Bahamas,americas,47,10.39
2022-06-15,2026-09-30,NGM_EPG0_EVE_NUS-NBG_MMCF,exports by vessel,NBG,Bangladesh,other_asia,0,
2022-06-15,2026-09-30,NGM_EPG0_EVE_NUS-NBR_MMCF,exports by vessel,NBR,Brazil,americas,3857,16.02
2022-06-15,2026-09-30,NGM_EPG0_EVE_NUS-NCA_MMCF,exports by vessel,NCA,Canada,americas,,
2022-06-15,2026-09-30,NGM_EPG0_EVE_NUS-NCH_MMCF,exports by vessel,NCH,China,jkm_markets,7329,13.58
2022-06-15,2026-09-30,NGM_EPG0_EVE_NUS-NCI_MMCF,exports by vessel,NCI,Chile,americas,0,
2022-06-15,2026-09-30,NGM_EPG0_EVE_NUS-NCO_MMCF,exports by vessel,NCO,Colombia,americas,912,21.03
2022-06-15,2026-09-30,NGM_EPG0_EVE_NUS-NDR_MMCF,exports by vessel,NDR,Dominican Republic,americas,5838,14.01
2022-06-15,2026-09-30,NGM_EPG0_EVE_NUS-NEG_MMCF,exports by vessel,NEG,Egypt,middle_east_africa,0,
2022-06-15,2026-09-30,NGM_EPG0_EVE_NUS-NES_MMCF,exports by vessel,NES,El Salvador,americas,,
2022-06-15,2026-09-30,NGM_EPG0_EVE_NUS-NFI_MMCF,exports by vessel,NFI,Finland,europe,0,
2022-06-15,2026-09-30,NGM_EPG0_EVE_NUS-NFR_MMCF,exports by vessel,NFR,France,europe,37564,14.12
2022-06-15,2026-09-30,NGM_EPG0_EVE_NUS-NGM_MMCF,exports by vessel,NGM,Germany,europe,0,
2022-06-15,2026-09-30,NGM_EPG0_EVE_NUS-NGR_MMCF,exports by vessel,NGR,Greece,europe,9633,13.5
2022-06-15,2026-09-30,NGM_EPG0_EVE_NUS-NHA_MMCF,exports by vessel,NHA,Haiti,americas,13,10.39
2022-06-15,2026-09-30,NGM_EPG0_EVE_NUS-NHR_MMCF,exports by vessel,NHR,Croatia,europe,7925,13.12
2022-06-15,2026-09-30,NGM_EPG0_EVE_NUS-NID_MMCF,exports by vessel,NID,Indonesia,other_asia,,
2022-06-15,2026-09-30,NGM_EPG0_EVE_NUS-NIN_MMCF,exports by vessel,NIN,India,other_asia,10653,15.89
2022-06-15,2026-09-30,NGM_EPG0_EVE_NUS-NIS_MMCF,exports by vessel,NIS,Israel,middle_east_africa,0,
2022-06-15,2026-09-30,NGM_EPG0_EVE_NUS-NIT_MMCF,exports by vessel,NIT,Italy,europe,7137,13.59
2022-06-15,2026-09-30,NGM_EPG0_EVE_NUS-NJA_MMCF,exports by vessel,NJA,Japan,jkm_markets,21561,12.71
2022-06-15,2026-09-30,NGM_EPG0_EVE_NUS-NJM_MMCF,exports by vessel,NJM,Jamaica,americas,48,10.44
2022-06-15,2026-09-30,NGM_EPG0_EVE_NUS-NJO_MMCF,exports by vessel,NJO,Jordan,middle_east_africa,0,
2022-06-15,2026-09-30,NGM_EPG0_EVE_NUS-NKS_MMCF,exports by vessel,NKS,South Korea,jkm_markets,25054,13.32
2022-06-15,2026-09-30,NGM_EPG0_EVE_NUS-NKU_MMCF,exports by vessel,NKU,Kuwait,middle_east_africa,8105,12.55
2022-06-15,2026-09-30,NGM_EPG0_EVE_NUS-NLH_MMCF,exports by vessel,NLH,Lithuania,europe,6729,13.96
2022-06-15,2026-09-30,NGM_EPG0_EVE_NUS-NM6_MMCF,exports by vessel,NM6,Malta,europe,0,
2022-06-15,2026-09-30,NGM_EPG0_EVE_NUS-NMR_MMCF,exports by vessel,NMR,Mauritania,middle_east_africa,,
2022-06-15,2026-09-30,NGM_EPG0_EVE_NUS-NMX_MMCF,exports by vessel,NMX,Mexico,americas,3292,13.83
2022-06-15,2026-09-30,NGM_EPG0_EVE_NUS-NMY_MMCF,exports by vessel,NMY,Malaysia,other_asia,0,
2022-06-15,2026-09-30,NGM_EPG0_EVE_NUS-NNL_MMCF,exports by vessel,NNL,Netherlands,europe,34420,13.13
2022-06-15,2026-09-30,NGM_EPG0_EVE_NUS-NNU_MMCF,exports by vessel,NNU,Nicaragua,americas,0,
2022-06-15,2026-09-30,NGM_EPG0_EVE_NUS-NPK_MMCF,exports by vessel,NPK,Pakistan,other_asia,0,
2022-06-15,2026-09-30,NGM_EPG0_EVE_NUS-NPL_MMCF,exports by vessel,NPL,Poland,europe,14282,19.4
2022-06-15,2026-09-30,NGM_EPG0_EVE_NUS-NPM_MMCF,exports by vessel,NPM,Panama,americas,623,14.33
2022-06-15,2026-09-30,NGM_EPG0_EVE_NUS-NPO_MMCF,exports by vessel,NPO,Portugal,europe,5582,12.49
2022-06-15,2026-09-30,NGM_EPG0_EVE_NUS-NRP_MMCF,exports by vessel,NRP,Philippines,other_asia,,
2022-06-15,2026-09-30,NGM_EPG0_EVE_NUS-NRS_MMCF,exports by vessel,NRS,Russia,europe,0,
2022-06-15,2026-09-30,NGM_EPG0_EVE_NUS-NSG_MMCF,exports by vessel,NSG,Senegal,middle_east_africa,,
2022-06-15,2026-09-30,NGM_EPG0_EVE_NUS-NSN_MMCF,exports by vessel,NSN,Singapore,other_asia,3352,13.31
2022-06-15,2026-09-30,NGM_EPG0_EVE_NUS-NSP_MMCF,exports by vessel,NSP,Spain,europe,29639,13.15
2022-06-15,2026-09-30,NGM_EPG0_EVE_NUS-NTC_MMCF,exports by vessel,NTC,United Arab Emirates,middle_east_africa,0,
2022-06-15,2026-09-30,NGM_EPG0_EVE_NUS-NTH_MMCF,exports by vessel,NTH,Thailand,other_asia,6920,28.89
2022-06-15,2026-09-30,NGM_EPG0_EVE_NUS-NTU_MMCF,exports by vessel,NTU,Turkiye,europe,7542,11.7
2022-06-15,2026-09-30,NGM_EPG0_EVE_NUS-NTW_MMCF,exports by vessel,NTW,Taiwan,jkm_markets,6892,13.56
2022-06-15,2026-09-30,NGM_EPG0_EVE_NUS-NUK_MMCF,exports by vessel,NUK,United Kingdom,europe,3326,13.53
2022-06-15,2026-09-30,NGM_EPG0_EVE_NUS-Z00_MMCF,exports by vessel,Z00,,,300546,14.36
2022-06-15,2026-09-30,NGM_EPG0_EVT_NUS-Z00_MMCF,exports by vessel and truck,Z00,,,300659,14.36
2022-07-15,2026-09-30,N9133US2,LNG total including re-exports,Z00,,,300415,12.76
2022-07-15,2026-09-30,NGM_EPG0_ERE_NUS-NAT_MMCF,re-exports,NAT,Argentina,americas,0,
2022-07-15,2026-09-30,NGM_EPG0_ERE_NUS-NBR_MMCF,re-exports,NBR,Brazil,americas,0,
2022-07-15,2026-09-30,NGM_EPG0_ERE_NUS-NCH_MMCF,re-exports,NCH,China,jkm_markets,0,
2022-07-15,2026-09-30,NGM_EPG0_ERE_NUS-NCI_MMCF,re-exports,NCI,Chile,americas,,
2022-07-15,2026-09-30,NGM_EPG0_ERE_NUS-NEG_MMCF,re-exports,NEG,Egypt,middle_east_africa,0,
2022-07-15,2026-09-30,NGM_EPG0_ERE_NUS-NIN_MMCF,re-exports,NIN,India,other_asia,0,
2022-07-15,2026-09-30,NGM_EPG0_ERE_NUS-NJA_MMCF,re-exports,NJA,Japan,jkm_markets,0,
2022-07-15,2026-09-30,NGM_EPG0_ERE_NUS-NKS_MMCF,re-exports,NKS,South Korea,jkm_markets,0,
2022-07-15,2026-09-30,NGM_EPG0_ERE_NUS-NMX_MMCF,re-exports,NMX,Mexico,americas,0,
2022-07-15,2026-09-30,NGM_EPG0_ERE_NUS-NPO_MMCF,re-exports,NPO,Portugal,europe,,
2022-07-15,2026-09-30,NGM_EPG0_ERE_NUS-NSP_MMCF,re-exports,NSP,Spain,europe,0,
2022-07-15,2026-09-30,NGM_EPG0_ERE_NUS-NTU_MMCF,re-exports,NTU,Turkiye,europe,0,
2022-07-15,2026-09-30,NGM_EPG0_ERE_NUS-NUK_MMCF,re-exports,NUK,United Kingdom,europe,0,
2022-07-15,2026-09-30,NGM_EPG0_ERE_NUS-Z00_MMCF,re-exports,Z00,,,0,
2022-07-15,2026-09-30,NGM_EPG0_ETR_NUS-NCA_MMCF,exports by truck,NCA,Canada,americas,0,
2022-07-15,2026-09-30,NGM_EPG0_ETR_NUS-NMX_MMCF,exports by truck,NMX,Mexico,americas,76,14.21
2022-07-15,2026-09-30,NGM_EPG0_ETR_NUS-Z00_MMCF,exports by truck,Z00,,,76,14.21
2022-07-15,2026-09-30,NGM_EPG0_EVE_NUS-NAC_MMCF,exports by vessel,NAC,Antigua and Barbuda,americas,2,10.8
2022-07-15,2026-09-30,NGM_EPG0_EVE_NUS-NAT_MMCF,exports by vessel,NAT,Argentina,americas,9448,16.37
2022-07-15,2026-09-30,NGM_EPG0_EVE_NUS-NBA_MMCF,exports by vessel,NBA,Bahrain,middle_east_africa,,
2022-07-15,2026-09-30,NGM_EPG0_EVE_NUS-NBB_MMCF,exports by vessel,NBB,Barbados,americas,0,
2022-07-15,2026-09-30,NGM_EPG0_EVE_NUS-NBE_MMCF,exports by vessel,NBE,Belgium,europe,0,
2022-07-15,2026-09-30,NGM_EPG0_EVE_NUS-NBF_MMCF,exports by vessel,NBF,Bahamas,americas,45,10.39
2022-07-15,2026-09-30,NGM_EPG0_EVE_NUS-NBG_MMCF,exports by vessel,NBG,Bangladesh,other_asia,0,
2022-07-15,2026-09-30,NGM_EPG0_EVE_NUS-NBR_MMCF,exports by vessel,NBR,Brazil,americas,5192,11.39
2022-07-15,2026-09-30,NGM_EPG0_EVE_NUS-NCA_MMCF,exports by vessel,NCA,Canada,americas,,
2022-07-15,2026-09-30,NGM_EPG0_EVE_NUS-NCH_MMCF,exports by vessel,NCH,China,jkm_markets,784,10.94
2022-07-15,2026-09-30,NGM_EPG0_EVE_NUS-NCI_MMCF,exports by vessel,NCI,Chile,americas,6917,11.21
2022-07-15,2026-09-30,NGM_EPG0_EVE_NUS-NCO_MMCF,exports by vessel,NCO,Colombia,americas,0,
2022-07-15,2026-09-30,NGM_EPG0_EVE_NUS-NDR_MMCF,exports by vessel,NDR,Dominican Republic,americas,6532,10.95
2022-07-15,2026-09-30,NGM_EPG0_EVE_NUS-NEG_MMCF,exports by vessel,NEG,Egypt,middle_east_africa,0,
2022-07-15,2026-09-30,NGM_EPG0_EVE_NUS-NES_MMCF,exports by vessel,NES,El Salvador,americas,,
2022-07-15,2026-09-30,NGM_EPG0_EVE_NUS-NFI_MMCF,exports by vessel,NFI,Finland,europe,0,
2022-07-15,2026-09-30,NGM_EPG0_EVE_NUS-NFR_MMCF,exports by vessel,NFR,France,europe,53443,11.44
2022-07-15,2026-09-30,NGM_EPG0_EVE_NUS-NGM_MMCF,exports by vessel,NGM,Germany,europe,0,
2022-07-15,2026-09-30,NGM_EPG0_EVE_NUS-NGR_MMCF,exports by vessel,NGR,Greece,europe,12922,11.25
2022-07-15,2026-09-30,NGM_EPG0_EVE_NUS-NHA_MMCF,exports by vessel,NHA,Haiti,americas,8,10.39
2022-07-15,2026-09-30,NGM_EPG0_EVE_NUS-NHR_MMCF,exports by vessel,NHR,Croatia,europe,4600,11.26
2022-07-15,2026-09-30,NGM_EPG0_EVE_NUS-NID_MMCF,exports by vessel,NID,Indonesia,other_asia,,
2022-07-15,2026-09-30,NGM_EPG0_EVE_NUS-NIN_MMCF,exports by vessel,NIN,India,other_asia,13902,11.53
2022-07-15,2026-09-30,NGM_EPG0_EVE_NUS-NIS_MMCF,exports by vessel,NIS,Israel,middle_east_africa,0,
2022-07-15,2026-09-30,NGM_EPG0_EVE_NUS-NIT_MMCF,exports by vessel,NIT,Italy,europe,9914,11.65
2022-07-15,2026-09-30,NGM_EPG0_EVE_NUS-NJA_MMCF,exports by vessel,NJA,Japan,jkm_markets,18189,11.13
2022-07-15,2026-09-30,NGM_EPG0_EVE_NUS-NJM_MMCF,exports by vessel,NJM,Jamaica,americas,121,10.4
2022-07-15,2026-09-30,NGM_EPG0_EVE_NUS-NJO_MMCF,exports by vessel,NJO,Jordan,middle_east_africa,0,
2022-07-15,2026-09-30,NGM_EPG0_EVE_NUS-NKS_MMCF,exports by vessel,NKS,South Korea,jkm_markets,34342,13.16
2022-07-15,2026-09-30,NGM_EPG0_EVE_NUS-NKU_MMCF,exports by vessel,NKU,Kuwait,middle_east_africa,5382,10.94
2022-07-15,2026-09-30,NGM_EPG0_EVE_NUS-NLH_MMCF,exports by vessel,NLH,Lithuania,europe,7947,10.5
2022-07-15,2026-09-30,NGM_EPG0_EVE_NUS-NM6_MMCF,exports by vessel,NM6,Malta,europe,0,
2022-07-15,2026-09-30,NGM_EPG0_EVE_NUS-NMR_MMCF,exports by vessel,NMR,Mauritania,middle_east_africa,,
2022-07-15,2026-09-30,NGM_EPG0_EVE_NUS-NMX_MMCF,exports by vessel,NMX,Mexico,americas,0,
2022-07-15,2026-09-30,NGM_EPG0_EVE_NUS-NMY_MMCF,exports by vessel,NMY,Malaysia,other_asia,0,
2022-07-15,2026-09-30,NGM_EPG0_EVE_NUS-NNL_MMCF,exports by vessel,NNL,Netherlands,europe,32637,13.87
2022-07-15,2026-09-30,NGM_EPG0_EVE_NUS-NNU_MMCF,exports by vessel,NNU,Nicaragua,americas,0,
2022-07-15,2026-09-30,NGM_EPG0_EVE_NUS-NPK_MMCF,exports by vessel,NPK,Pakistan,other_asia,0,
2022-07-15,2026-09-30,NGM_EPG0_EVE_NUS-NPL_MMCF,exports by vessel,NPL,Poland,europe,17780,19.81
2022-07-15,2026-09-30,NGM_EPG0_EVE_NUS-NPM_MMCF,exports by vessel,NPM,Panama,americas,0,
2022-07-15,2026-09-30,NGM_EPG0_EVE_NUS-NPO_MMCF,exports by vessel,NPO,Portugal,europe,6412,10.69
2022-07-15,2026-09-30,NGM_EPG0_EVE_NUS-NRP_MMCF,exports by vessel,NRP,Philippines,other_asia,,
2022-07-15,2026-09-30,NGM_EPG0_EVE_NUS-NRS_MMCF,exports by vessel,NRS,Russia,europe,0,
2022-07-15,2026-09-30,NGM_EPG0_EVE_NUS-NSG_MMCF,exports by vessel,NSG,Senegal,middle_east_africa,,
2022-07-15,2026-09-30,NGM_EPG0_EVE_NUS-NSN_MMCF,exports by vessel,NSN,Singapore,other_asia,6275,11.07
2022-07-15,2026-09-30,NGM_EPG0_EVE_NUS-NSP_MMCF,exports by vessel,NSP,Spain,europe,34396,14.29
2022-07-15,2026-09-30,NGM_EPG0_EVE_NUS-NTC_MMCF,exports by vessel,NTC,United Arab Emirates,middle_east_africa,0,
2022-07-15,2026-09-30,NGM_EPG0_EVE_NUS-NTH_MMCF,exports by vessel,NTH,Thailand,other_asia,0,
2022-07-15,2026-09-30,NGM_EPG0_EVE_NUS-NTU_MMCF,exports by vessel,NTU,Turkiye,europe,0,
2022-07-15,2026-09-30,NGM_EPG0_EVE_NUS-NTW_MMCF,exports by vessel,NTW,Taiwan,jkm_markets,9353,10.94
2022-07-15,2026-09-30,NGM_EPG0_EVE_NUS-NUK_MMCF,exports by vessel,NUK,United Kingdom,europe,3797,11.18
2022-07-15,2026-09-30,NGM_EPG0_EVE_NUS-Z00_MMCF,exports by vessel,Z00,,,300339,12.76
2022-07-15,2026-09-30,NGM_EPG0_EVT_NUS-Z00_MMCF,exports by vessel and truck,Z00,,,300415,12.76
2022-08-15,2026-09-30,N9133US2,LNG total including re-exports,Z00,,,300215,15.45
2022-08-15,2026-09-30,NGM_EPG0_ERE_NUS-NAT_MMCF,re-exports,NAT,Argentina,americas,0,
2022-08-15,2026-09-30,NGM_EPG0_ERE_NUS-NBR_MMCF,re-exports,NBR,Brazil,americas,0,
2022-08-15,2026-09-30,NGM_EPG0_ERE_NUS-NCH_MMCF,re-exports,NCH,China,jkm_markets,0,
2022-08-15,2026-09-30,NGM_EPG0_ERE_NUS-NCI_MMCF,re-exports,NCI,Chile,americas,,
2022-08-15,2026-09-30,NGM_EPG0_ERE_NUS-NEG_MMCF,re-exports,NEG,Egypt,middle_east_africa,0,
2022-08-15,2026-09-30,NGM_EPG0_ERE_NUS-NIN_MMCF,re-exports,NIN,India,other_asia,0,
2022-08-15,2026-09-30,NGM_EPG0_ERE_NUS-NJA_MMCF,re-exports,NJA,Japan,jkm_markets,0,
2022-08-15,2026-09-30,NGM_EPG0_ERE_NUS-NKS_MMCF,re-exports,NKS,South Korea,jkm_markets,0,
2022-08-15,2026-09-30,NGM_EPG0_ERE_NUS-NMX_MMCF,re-exports,NMX,Mexico,americas,0,
2022-08-15,2026-09-30,NGM_EPG0_ERE_NUS-NPO_MMCF,re-exports,NPO,Portugal,europe,,
2022-08-15,2026-09-30,NGM_EPG0_ERE_NUS-NSP_MMCF,re-exports,NSP,Spain,europe,0,
2022-08-15,2026-09-30,NGM_EPG0_ERE_NUS-NTU_MMCF,re-exports,NTU,Turkiye,europe,0,
2022-08-15,2026-09-30,NGM_EPG0_ERE_NUS-NUK_MMCF,re-exports,NUK,United Kingdom,europe,0,
2022-08-15,2026-09-30,NGM_EPG0_ERE_NUS-Z00_MMCF,re-exports,Z00,,,0,
2022-08-15,2026-09-30,NGM_EPG0_ETR_NUS-NCA_MMCF,exports by truck,NCA,Canada,americas,0,
2022-08-15,2026-09-30,NGM_EPG0_ETR_NUS-NMX_MMCF,exports by truck,NMX,Mexico,americas,103,16.9
2022-08-15,2026-09-30,NGM_EPG0_ETR_NUS-Z00_MMCF,exports by truck,Z00,,,103,16.9
2022-08-15,2026-09-30,NGM_EPG0_EVE_NUS-NAC_MMCF,exports by vessel,NAC,Antigua and Barbuda,americas,2,10.8
2022-08-15,2026-09-30,NGM_EPG0_EVE_NUS-NAT_MMCF,exports by vessel,NAT,Argentina,americas,2202,18.69
2022-08-15,2026-09-30,NGM_EPG0_EVE_NUS-NBA_MMCF,exports by vessel,NBA,Bahrain,middle_east_africa,,
2022-08-15,2026-09-30,NGM_EPG0_EVE_NUS-NBB_MMCF,exports by vessel,NBB,Barbados,americas,0,
2022-08-15,2026-09-30,NGM_EPG0_EVE_NUS-NBE_MMCF,exports by vessel,NBE,Belgium,europe,3589,13.94
2022-08-15,2026-09-30,NGM_EPG0_EVE_NUS-NBF_MMCF,exports by vessel,NBF,Bahamas,americas,53,10.39
2022-08-15,2026-09-30,NGM_EPG0_EVE_NUS-NBG_MMCF,exports by vessel,NBG,Bangladesh,other_asia,0,
2022-08-15,2026-09-30,NGM_EPG0_EVE_NUS-NBR_MMCF,exports by vessel,NBR,Brazil,americas,10542,14.14
2022-08-15,2026-09-30,NGM_EPG0_EVE_NUS-NCA_MMCF,exports by vessel,NCA,Canada,americas,,
2022-08-15,2026-09-30,NGM_EPG0_EVE_NUS-NCH_MMCF,exports by vessel,NCH,China,jkm_markets,10272,12.48
2022-08-15,2026-09-30,NGM_EPG0_EVE_NUS-NCI_MMCF,exports by vessel,NCI,Chile,americas,0,
2022-08-15,2026-09-30,NGM_EPG0_EVE_NUS-NCO_MMCF,exports by vessel,NCO,Colombia,americas,606,13.54
2022-08-15,2026-09-30,NGM_EPG0_EVE_NUS-NDR_MMCF,exports by vessel,NDR,Dominican Republic,americas,3357,13.94
2022-08-15,2026-09-30,NGM_EPG0_EVE_NUS-NEG_MMCF,exports by vessel,NEG,Egypt,middle_east_africa,0,
2022-08-15,2026-09-30,NGM_EPG0_EVE_NUS-NES_MMCF,exports by vessel,NES,El Salvador,americas,,
2022-08-15,2026-09-30,NGM_EPG0_EVE_NUS-NFI_MMCF,exports by vessel,NFI,Finland,europe,0,
2022-08-15,2026-09-30,NGM_EPG0_EVE_NUS-NFR_MMCF,exports by vessel,NFR,France,europe,33885,14.63
2022-08-15,2026-09-30,NGM_EPG0_EVE_NUS-NGM_MMCF,exports by vessel,NGM,Germany,europe,0,
2022-08-15,2026-09-30,NGM_EPG0_EVE_NUS-NGR_MMCF,exports by vessel,NGR,Greece,europe,10763,23.35
2022-08-15,2026-09-30,NGM_EPG0_EVE_NUS-NHA_MMCF,exports by vessel,NHA,Haiti,americas,11,10.39
2022-08-15,2026-09-30,NGM_EPG0_EVE_NUS-NHR_MMCF,exports by vessel,NHR,Croatia,europe,7824,20.92
2022-08-15,2026-09-30,NGM_EPG0_EVE_NUS-NID_MMCF,exports by vessel,NID,Indonesia,other_asia,967,13.54
2022-08-15,2026-09-30,NGM_EPG0_EVE_NUS-NIN_MMCF,exports by vessel,NIN,India,other_asia,10265,13.13
2022-08-15,2026-09-30,NGM_EPG0_EVE_NUS-NIS_MMCF,exports by vessel,NIS,Israel,middle_east_africa,0,
2022-08-15,2026-09-30,NGM_EPG0_EVE_NUS-NIT_MMCF,exports by vessel,NIT,Italy,europe,15462,12.34
2022-08-15,2026-09-30,NGM_EPG0_EVE_NUS-NJA_MMCF,exports by vessel,NJA,Japan,jkm_markets,20156,13.21
2022-08-15,2026-09-30,NGM_EPG0_EVE_NUS-NJM_MMCF,exports by vessel,NJM,Jamaica,americas,110,10.4
2022-08-15,2026-09-30,NGM_EPG0_EVE_NUS-NJO_MMCF,exports by vessel,NJO,Jordan,middle_east_africa,0,
2022-08-15,2026-09-30,NGM_EPG0_EVE_NUS-NKS_MMCF,exports by vessel,NKS,South Korea,jkm_markets,36033,14.68
2022-08-15,2026-09-30,NGM_EPG0_EVE_NUS-NKU_MMCF,exports by vessel,NKU,Kuwait,middle_east_africa,6415,13.75
2022-08-15,2026-09-30,NGM_EPG0_EVE_NUS-NLH_MMCF,exports by vessel,NLH,Lithuania,europe,7579,14.98
2022-08-15,2026-09-30,NGM_EPG0_EVE_NUS-NM6_MMCF,exports by vessel,NM6,Malta,europe,0,
2022-08-15,2026-09-30,NGM_EPG0_EVE_NUS-NMR_MMCF,exports by vessel,NMR,Mauritania,middle_east_africa,,
2022-08-15,2026-09-30,NGM_EPG0_EVE_NUS-NMX_MMCF,exports by vessel,NMX,Mexico,americas,0,
2022-08-15,2026-09-30,NGM_EPG0_EVE_NUS-NMY_MMCF,exports by vessel,NMY,Malaysia,other_asia,0,
2022-08-15,2026-09-30,NGM_EPG0_EVE_NUS-NNL_MMCF,exports by vessel,NNL,Netherlands,europe,50020,17.25
2022-08-15,2026-09-30,NGM_EPG0_EVE_NUS-NNU_MMCF,exports by vessel,NNU,Nicaragua,americas,0,
2022-08-15,2026-09-30,NGM_EPG0_EVE_NUS-NPK_MMCF,exports by vessel,NPK,Pakistan,other_asia,0,
2022-08-15,2026-09-30,NGM_EPG0_EVE_NUS-NPL_MMCF,exports by vessel,NPL,Poland,europe,6885,27.78
2022-08-15,2026-09-30,NGM_EPG0_EVE_NUS-NPM_MMCF,exports by vessel,NPM,Panama,americas,0,
2022-08-15,2026-09-30,NGM_EPG0_EVE_NUS-NPO_MMCF,exports by vessel,NPO,Portugal,europe,3202,13.02
2022-08-15,2026-09-30,NGM_EPG0_EVE_NUS-NRP_MMCF,exports by vessel,NRP,Philippines,other_asia,,
2022-08-15,2026-09-30,NGM_EPG0_EVE_NUS-NRS_MMCF,exports by vessel,NRS,Russia,europe,0,
2022-08-15,2026-09-30,NGM_EPG0_EVE_NUS-NSG_MMCF,exports by vessel,NSG,Senegal,middle_east_africa,,
2022-08-15,2026-09-30,NGM_EPG0_EVE_NUS-NSN_MMCF,exports by vessel,NSN,Singapore,other_asia,0,
2022-08-15,2026-09-30,NGM_EPG0_EVE_NUS-NSP_MMCF,exports by vessel,NSP,Spain,europe,26140,13.16
2022-08-15,2026-09-30,NGM_EPG0_EVE_NUS-NTC_MMCF,exports by vessel,NTC,United Arab Emirates,middle_east_africa,0,
2022-08-15,2026-09-30,NGM_EPG0_EVE_NUS-NTH_MMCF,exports by vessel,NTH,Thailand,other_asia,3607,13.05
2022-08-15,2026-09-30,NGM_EPG0_EVE_NUS-NTU_MMCF,exports by vessel,NTU,Turkiye,europe,0,
2022-08-15,2026-09-30,NGM_EPG0_EVE_NUS-NTW_MMCF,exports by vessel,NTW,Taiwan,jkm_markets,8901,12.31
2022-08-15,2026-09-30,NGM_EPG0_EVE_NUS-NUK_MMCF,exports by vessel,NUK,United Kingdom,europe,21263,17.43
2022-08-15,2026-09-30,NGM_EPG0_EVE_NUS-Z00_MMCF,exports by vessel,Z00,,,300112,15.45
2022-08-15,2026-09-30,NGM_EPG0_EVT_NUS-Z00_MMCF,exports by vessel and truck,Z00,,,300215,15.45
2022-09-15,2026-09-30,N9133US2,LNG total including re-exports,Z00,,,295379,16.72
2022-09-15,2026-09-30,NGM_EPG0_ERE_NUS-NAT_MMCF,re-exports,NAT,Argentina,americas,0,
2022-09-15,2026-09-30,NGM_EPG0_ERE_NUS-NBR_MMCF,re-exports,NBR,Brazil,americas,0,
2022-09-15,2026-09-30,NGM_EPG0_ERE_NUS-NCH_MMCF,re-exports,NCH,China,jkm_markets,0,
2022-09-15,2026-09-30,NGM_EPG0_ERE_NUS-NCI_MMCF,re-exports,NCI,Chile,americas,,
2022-09-15,2026-09-30,NGM_EPG0_ERE_NUS-NEG_MMCF,re-exports,NEG,Egypt,middle_east_africa,0,
2022-09-15,2026-09-30,NGM_EPG0_ERE_NUS-NIN_MMCF,re-exports,NIN,India,other_asia,0,
2022-09-15,2026-09-30,NGM_EPG0_ERE_NUS-NJA_MMCF,re-exports,NJA,Japan,jkm_markets,0,
2022-09-15,2026-09-30,NGM_EPG0_ERE_NUS-NKS_MMCF,re-exports,NKS,South Korea,jkm_markets,0,
2022-09-15,2026-09-30,NGM_EPG0_ERE_NUS-NMX_MMCF,re-exports,NMX,Mexico,americas,0,
2022-09-15,2026-09-30,NGM_EPG0_ERE_NUS-NPO_MMCF,re-exports,NPO,Portugal,europe,,
2022-09-15,2026-09-30,NGM_EPG0_ERE_NUS-NSP_MMCF,re-exports,NSP,Spain,europe,0,
2022-09-15,2026-09-30,NGM_EPG0_ERE_NUS-NTU_MMCF,re-exports,NTU,Turkiye,europe,0,
2022-09-15,2026-09-30,NGM_EPG0_ERE_NUS-NUK_MMCF,re-exports,NUK,United Kingdom,europe,0,
2022-09-15,2026-09-30,NGM_EPG0_ERE_NUS-Z00_MMCF,re-exports,Z00,,,0,
2022-09-15,2026-09-30,NGM_EPG0_ETR_NUS-NCA_MMCF,exports by truck,NCA,Canada,americas,0,
2022-09-15,2026-09-30,NGM_EPG0_ETR_NUS-NMX_MMCF,exports by truck,NMX,Mexico,americas,94,16.14
2022-09-15,2026-09-30,NGM_EPG0_ETR_NUS-Z00_MMCF,exports by truck,Z00,,,94,16.14
2022-09-15,2026-09-30,NGM_EPG0_EVE_NUS-NAC_MMCF,exports by vessel,NAC,Antigua and Barbuda,americas,3,10.8
2022-09-15,2026-09-30,NGM_EPG0_EVE_NUS-NAT_MMCF,exports by vessel,NAT,Argentina,americas,0,
2022-09-15,2026-09-30,NGM_EPG0_EVE_NUS-NBA_MMCF,exports by vessel,NBA,Bahrain,middle_east_africa,,
2022-09-15,2026-09-30,NGM_EPG0_EVE_NUS-NBB_MMCF,exports by vessel,NBB,Barbados,americas,0,
2022-09-15,2026-09-30,NGM_EPG0_EVE_NUS-NBE_MMCF,exports by vessel,NBE,Belgium,europe,9165,13.42
2022-09-15,2026-09-30,NGM_EPG0_EVE_NUS-NBF_MMCF,exports by vessel,NBF,Bahamas,americas,43,10.39
2022-09-15,2026-09-30,NGM_EPG0_EVE_NUS-NBG_MMCF,exports by vessel,NBG,Bangladesh,other_asia,0,
2022-09-15,2026-09-30,NGM_EPG0_EVE_NUS-NBR_MMCF,exports by vessel,NBR,Brazil,americas,0,
2022-09-15,2026-09-30,NGM_EPG0_EVE_NUS-NCA_MMCF,exports by vessel,NCA,Canada,americas,,
2022-09-15,2026-09-30,NGM_EPG0_EVE_NUS-NCH_MMCF,exports by vessel,NCH,China,jkm_markets,10275,13.86
2022-09-15,2026-09-30,NGM_EPG0_EVE_NUS-NCI_MMCF,exports by vessel,NCI,Chile,americas,3365,14.86
2022-09-15,2026-09-30,NGM_EPG0_EVE_NUS-NCO_MMCF,exports by vessel,NCO,Colombia,americas,0,
2022-09-15,2026-09-30,NGM_EPG0_EVE_NUS-NDR_MMCF,exports by vessel,NDR,Dominican Republic,americas,3196,14.86
2022-09-15,2026-09-30,NGM_EPG0_EVE_NUS-NEG_MMCF,exports by vessel,NEG,Egypt,middle_east_africa,0,
2022-09-15,2026-09-30,NGM_EPG0_EVE_NUS-NES_MMCF,exports by vessel,NES,El Salvador,americas,,
2022-09-15,2026-09-30,NGM_EPG0_EVE_NUS-NFI_MMCF,exports by vessel,NFI,Finland,europe,0,
2022-09-15,2026-09-30,NGM_EPG0_EVE_NUS-NFR_MMCF,exports by vessel,NFR,France,europe,57943,18.5
2022-09-15,2026-09-30,NGM_EPG0_EVE_NUS-NGM_MMCF,exports by vessel,NGM,Germany,europe,0,
2022-09-15,2026-09-30,NGM_EPG0_EVE_NUS-NGR_MMCF,exports by vessel,NGR,Greece,europe,0,
2022-09-15,2026-09-30,NGM_EPG0_EVE_NUS-NHA_MMCF,exports by vessel,NHA,Haiti,americas,8,10.39
2022-09-15,2026-09-30,NGM_EPG0_EVE_NUS-NHR_MMCF,exports by vessel,NHR,Croatia,europe,9073,13.51
2022-09-15,2026-09-30,NGM_EPG0_EVE_NUS-NID_MMCF,exports by vessel,NID,Indonesia,other_asia,509,12.22
2022-09-15,2026-09-30,NGM_EPG0_EVE_NUS-NIN_MMCF,exports by vessel,NIN,India,other_asia,10528,13.52
2022-09-15,2026-09-30,NGM_EPG0_EVE_NUS-NIS_MMCF,exports by vessel,NIS,Israel,middle_east_africa,0,
2022-09-15,2026-09-30,NGM_EPG0_EVE_NUS-NIT_MMCF,exports by vessel,NIT,Italy,europe,8355,13.7
2022-09-15,2026-09-30,NGM_EPG0_EVE_NUS-NJA_MMCF,exports by vessel,NJA,Japan,jkm_markets,7005,13.8
2022-09-15,2026-09-30,NGM_EPG0_EVE_NUS-NJM_MMCF,exports by vessel,NJM,Jamaica,americas,240,12.51
2022-09-15,2026-09-30,NGM_EPG0_EVE_NUS-NJO_MMCF,exports by vessel,NJO,Jordan,middle_east_africa,0,
2022-09-15,2026-09-30,NGM_EPG0_EVE_NUS-NKS_MMCF,exports by vessel,NKS,South Korea,jkm_markets,19736,14.19
2022-09-15,2026-09-30,NGM_EPG0_EVE_NUS-NKU_MMCF,exports by vessel,NKU,Kuwait,middle_east_africa,7038,28.22
2022-09-15,2026-09-30,NGM_EPG0_EVE_NUS-NLH_MMCF,exports by vessel,NLH,Lithuania,europe,3541,13.84
2022-09-15,2026-09-30,NGM_EPG0_EVE_NUS-NM6_MMCF,exports by vessel,NM6,Malta,europe,0,
2022-09-15,2026-09-30,NGM_EPG0_EVE_NUS-NMR_MMCF,exports by vessel,NMR,Mauritania,middle_east_africa,,
2022-09-15,2026-09-30,NGM_EPG0_EVE_NUS-NMX_MMCF,exports by vessel,NMX,Mexico,americas,0,
2022-09-15,2026-09-30,NGM_EPG0_EVE_NUS-NMY_MMCF,exports by vessel,NMY,Malaysia,other_asia,0,
2022-09-15,2026-09-30,NGM_EPG0_EVE_NUS-NNL_MMCF,exports by vessel,NNL,Netherlands,europe,30924,16.84
2022-09-15,2026-09-30,NGM_EPG0_EVE_NUS-NNU_MMCF,exports by vessel,NNU,Nicaragua,americas,0,
2022-09-15,2026-09-30,NGM_EPG0_EVE_NUS-NPK_MMCF,exports by vessel,NPK,Pakistan,other_asia,0,
2022-09-15,2026-09-30,NGM_EPG0_EVE_NUS-NPL_MMCF,exports by vessel,NPL,Poland,europe,16917,23.9
2022-09-15,2026-09-30,NGM_EPG0_EVE_NUS-NPM_MMCF,exports by vessel,NPM,Panama,americas,0,
2022-09-15,2026-09-30,NGM_EPG0_EVE_NUS-NPO_MMCF,exports by vessel,NPO,Portugal,europe,5806,13.89
2022-09-15,2026-09-30,NGM_EPG0_EVE_NUS-NRP_MMCF,exports by vessel,NRP,Philippines,other_asia,,
2022-09-15,2026-09-30,NGM_EPG0_EVE_NUS-NRS_MMCF,exports by vessel,NRS,Russia,europe,0,
2022-09-15,2026-09-30,NGM_EPG0_EVE_NUS-NSG_MMCF,exports by vessel,NSG,Senegal,middle_east_africa,,
2022-09-15,2026-09-30,NGM_EPG0_EVE_NUS-NSN_MMCF,exports by vessel,NSN,Singapore,other_asia,0,
2022-09-15,2026-09-30,NGM_EPG0_EVE_NUS-NSP_MMCF,exports by vessel,NSP,Spain,europe,21263,14.04
2022-09-15,2026-09-30,NGM_EPG0_EVE_NUS-NTC_MMCF,exports by vessel,NTC,United Arab Emirates,middle_east_africa,0,
2022-09-15,2026-09-30,NGM_EPG0_EVE_NUS-NTH_MMCF,exports by vessel,NTH,Thailand,other_asia,3673,14.3
2022-09-15,2026-09-30,NGM_EPG0_EVE_NUS-NTU_MMCF,exports by vessel,NTU,Turkiye,europe,5458,15.48
2022-09-15,2026-09-30,NGM_EPG0_EVE_NUS-NTW_MMCF,exports by vessel,NTW,Taiwan,jkm_markets,9753,13.64
2022-09-15,2026-09-30,NGM_EPG0_EVE_NUS-NUK_MMCF,exports by vessel,NUK,United Kingdom,europe,51467,17.75
2022-09-15,2026-09-30,NGM_EPG0_EVE_NUS-Z00_MMCF,exports by vessel,Z00,,,295285,16.72
2022-09-15,2026-09-30,NGM_EPG0_EVT_NUS-Z00_MMCF,exports by vessel and truck,Z00,,,295379,16.72
2022-10-15,2026-09-30,N9133US2,LNG total including re-exports,Z00,,,309823,14.32
2022-10-15,2026-09-30,NGM_EPG0_ERE_NUS-NAT_MMCF,re-exports,NAT,Argentina,americas,0,
2022-10-15,2026-09-30,NGM_EPG0_ERE_NUS-NBR_MMCF,re-exports,NBR,Brazil,americas,0,
2022-10-15,2026-09-30,NGM_EPG0_ERE_NUS-NCH_MMCF,re-exports,NCH,China,jkm_markets,0,
2022-10-15,2026-09-30,NGM_EPG0_ERE_NUS-NCI_MMCF,re-exports,NCI,Chile,americas,,
2022-10-15,2026-09-30,NGM_EPG0_ERE_NUS-NEG_MMCF,re-exports,NEG,Egypt,middle_east_africa,0,
2022-10-15,2026-09-30,NGM_EPG0_ERE_NUS-NIN_MMCF,re-exports,NIN,India,other_asia,0,
2022-10-15,2026-09-30,NGM_EPG0_ERE_NUS-NJA_MMCF,re-exports,NJA,Japan,jkm_markets,0,
2022-10-15,2026-09-30,NGM_EPG0_ERE_NUS-NKS_MMCF,re-exports,NKS,South Korea,jkm_markets,0,
2022-10-15,2026-09-30,NGM_EPG0_ERE_NUS-NMX_MMCF,re-exports,NMX,Mexico,americas,0,
2022-10-15,2026-09-30,NGM_EPG0_ERE_NUS-NPO_MMCF,re-exports,NPO,Portugal,europe,,
2022-10-15,2026-09-30,NGM_EPG0_ERE_NUS-NSP_MMCF,re-exports,NSP,Spain,europe,0,
2022-10-15,2026-09-30,NGM_EPG0_ERE_NUS-NTU_MMCF,re-exports,NTU,Turkiye,europe,0,
2022-10-15,2026-09-30,NGM_EPG0_ERE_NUS-NUK_MMCF,re-exports,NUK,United Kingdom,europe,0,
2022-10-15,2026-09-30,NGM_EPG0_ERE_NUS-Z00_MMCF,re-exports,Z00,,,0,
2022-10-15,2026-09-30,NGM_EPG0_ETR_NUS-NCA_MMCF,exports by truck,NCA,Canada,americas,19,17.12
2022-10-15,2026-09-30,NGM_EPG0_ETR_NUS-NMX_MMCF,exports by truck,NMX,Mexico,americas,175,13.53
2022-10-15,2026-09-30,NGM_EPG0_ETR_NUS-Z00_MMCF,exports by truck,Z00,,,194,13.89
2022-10-15,2026-09-30,NGM_EPG0_EVE_NUS-NAC_MMCF,exports by vessel,NAC,Antigua and Barbuda,americas,2,10.79
2022-10-15,2026-09-30,NGM_EPG0_EVE_NUS-NAT_MMCF,exports by vessel,NAT,Argentina,americas,0,
2022-10-15,2026-09-30,NGM_EPG0_EVE_NUS-NBA_MMCF,exports by vessel,NBA,Bahrain,middle_east_africa,,
2022-10-15,2026-09-30,NGM_EPG0_EVE_NUS-NBB_MMCF,exports by vessel,NBB,Barbados,americas,0,
2022-10-15,2026-09-30,NGM_EPG0_EVE_NUS-NBE_MMCF,exports by vessel,NBE,Belgium,europe,7190,22.74
2022-10-15,2026-09-30,NGM_EPG0_EVE_NUS-NBF_MMCF,exports by vessel,NBF,Bahamas,americas,40,10.39
2022-10-15,2026-09-30,NGM_EPG0_EVE_NUS-NBG_MMCF,exports by vessel,NBG,Bangladesh,other_asia,0,
2022-10-15,2026-09-30,NGM_EPG0_EVE_NUS-NBR_MMCF,exports by vessel,NBR,Brazil,americas,3439,9.59
2022-10-15,2026-09-30,NGM_EPG0_EVE_NUS-NCA_MMCF,exports by vessel,NCA,Canada,americas,,
2022-10-15,2026-09-30,NGM_EPG0_EVE_NUS-NCH_MMCF,exports by vessel,NCH,China,jkm_markets,22598,11.09
2022-10-15,2026-09-30,NGM_EPG0_EVE_NUS-NCI_MMCF,exports by vessel,NCI,Chile,americas,0,
2022-10-15,2026-09-30,NGM_EPG0_EVE_NUS-NCO_MMCF,exports by vessel,NCO,Colombia,americas,3699,11.33
2022-10-15,2026-09-30,NGM_EPG0_EVE_NUS-NDR_MMCF,exports by vessel,NDR,Dominican Republic,americas,3469,33.52
2022-10-15,2026-09-30,NGM_EPG0_EVE_NUS-NEG_MMCF,exports by vessel,NEG,Egypt,middle_east_africa,0,
2022-10-15,2026-09-30,NGM_EPG0_EVE_NUS-NES_MMCF,exports by vessel,NES,El Salvador,americas,,
2022-10-15,2026-09-30,NGM_EPG0_EVE_NUS-NFI_MMCF,exports by vessel,NFI,Finland,europe,0,
2022-10-15,2026-09-30,NGM_EPG0_EVE_NUS-NFR_MMCF,exports by vessel,NFR,France,europe,41959,14.62
2022-10-15,2026-09-30,NGM_EPG0_EVE_NUS-NGM_MMCF,exports by vessel,NGM,Germany,europe,0,
2022-10-15,2026-09-30,NGM_EPG0_EVE_NUS-NGR_MMCF,exports by vessel,NGR,Greece,europe,4424,32.92
2022-10-15,2026-09-30,NGM_EPG0_EVE_NUS-NHA_MMCF,exports by vessel,NHA,Haiti,americas,0,
2022-10-15,2026-09-30,NGM_EPG0_EVE_NUS-NHR_MMCF,exports by vessel,NHR,Croatia,europe,2922,9.52
2022-10-15,2026-09-30,NGM_EPG0_EVE_NUS-NID_MMCF,exports by vessel,NID,Indonesia,other_asia,625,11.36
2022-10-15,2026-09-30,NGM_EPG0_EVE_NUS-NIN_MMCF,exports by vessel,NIN,India,other_asia,7005,10.52
2022-10-15,2026-09-30,NGM_EPG0_EVE_NUS-NIS_MMCF,exports by vessel,NIS,Israel,middle_east_africa,0,
2022-10-15,2026-09-30,NGM_EPG0_EVE_NUS-NIT_MMCF,exports by vessel,NIT,Italy,europe,0,
2022-10-15,2026-09-30,NGM_EPG0_EVE_NUS-NJA_MMCF,exports by vessel,NJA,Japan,jkm_markets,10684,10.89
2022-10-15,2026-09-30,NGM_EPG0_EVE_NUS-NJM_MMCF,exports by vessel,NJM,Jamaica,americas,144,10.4
2022-10-15,2026-09-30,NGM_EPG0_EVE_NUS-NJO_MMCF,exports by vessel,NJO,Jordan,middle_east_africa,0,
2022-10-15,2026-09-30,NGM_EPG0_EVE_NUS-NKS_MMCF,exports by vessel,NKS,South Korea,jkm_markets,38844,15.91
2022-10-15,2026-09-30,NGM_EPG0_EVE_NUS-NKU_MMCF,exports by vessel,NKU,Kuwait,middle_east_africa,3299,11.2
2022-10-15,2026-09-30,NGM_EPG0_EVE_NUS-NLH_MMCF,exports by vessel,NLH,Lithuania,europe,7072,11.04
2022-10-15,2026-09-30,NGM_EPG0_EVE_NUS-NM6_MMCF,exports by vessel,NM6,Malta,europe,0,
2022-10-15,2026-09-30,NGM_EPG0_EVE_NUS-NMR_MMCF,exports by vessel,NMR,Mauritania,middle_east_africa,,
2022-10-15,2026-09-30,NGM_EPG0_EVE_NUS-NMX_MMCF,exports by vessel,NMX,Mexico,americas,0,
2022-10-15,2026-09-30,NGM_EPG0_EVE_NUS-NMY_MMCF,exports by vessel,NMY,Malaysia,other_asia,0,
2022-10-15,2026-09-30,NGM_EPG0_EVE_NUS-NNL_MMCF,exports by vessel,NNL,Netherlands,europe,39703,12.75
2022-10-15,2026-09-30,NGM_EPG0_EVE_NUS-NNU_MMCF,exports by vessel,NNU,Nicaragua,americas,0,
2022-10-15,2026-09-30,NGM_EPG0_EVE_NUS-NPK_MMCF,exports by vessel,NPK,Pakistan,other_asia,0,
2022-10-15,2026-09-30,NGM_EPG0_EVE_NUS-NPL_MMCF,exports by vessel,NPL,Poland,europe,7095,24.75
2022-10-15,2026-09-30,NGM_EPG0_EVE_NUS-NPM_MMCF,exports by vessel,NPM,Panama,americas,0,
2022-10-15,2026-09-30,NGM_EPG0_EVE_NUS-NPO_MMCF,exports by vessel,NPO,Portugal,europe,7005,10.54
2022-10-15,2026-09-30,NGM_EPG0_EVE_NUS-NRP_MMCF,exports by vessel,NRP,Philippines,other_asia,,
2022-10-15,2026-09-30,NGM_EPG0_EVE_NUS-NRS_MMCF,exports by vessel,NRS,Russia,europe,0,
2022-10-15,2026-09-30,NGM_EPG0_EVE_NUS-NSG_MMCF,exports by vessel,NSG,Senegal,middle_east_africa,,
2022-10-15,2026-09-30,NGM_EPG0_EVE_NUS-NSN_MMCF,exports by vessel,NSN,Singapore,other_asia,6628,24.54
2022-10-15,2026-09-30,NGM_EPG0_EVE_NUS-NSP_MMCF,exports by vessel,NSP,Spain,europe,26369,14.67
2022-10-15,2026-09-30,NGM_EPG0_EVE_NUS-NTC_MMCF,exports by vessel,NTC,United Arab Emirates,middle_east_africa,0,
2022-10-15,2026-09-30,NGM_EPG0_EVE_NUS-NTH_MMCF,exports by vessel,NTH,Thailand,other_asia,0,
2022-10-15,2026-09-30,NGM_EPG0_EVE_NUS-NTU_MMCF,exports by vessel,NTU,Turkiye,europe,10333,11.06
2022-10-15,2026-09-30,NGM_EPG0_EVE_NUS-NTW_MMCF,exports by vessel,NTW,Taiwan,jkm_markets,9041,11.33
2022-10-15,2026-09-30,NGM_EPG0_EVE_NUS-NUK_MMCF,exports by vessel,NUK,United Kingdom,europe,46040,12.75
2022-10-15,2026-09-30,NGM_EPG0_EVE_NUS-Z00_MMCF,exports by vessel,Z00,,,309629,14.32
2022-10-15,2026-09-30,NGM_EPG0_EVT_NUS-Z00_MMCF,exports by vessel and truck,Z00,,,309823,14.32
2022-11-15,2026-09-30,N9133US2,LNG total including re-exports,Z00,,,302608,11.68
2022-11-15,2026-09-30,NGM_EPG0_ERE_NUS-NAT_MMCF,re-exports,NAT,Argentina,americas,0,
2022-11-15,2026-09-30,NGM_EPG0_ERE_NUS-NBR_MMCF,re-exports,NBR,Brazil,americas,0,
2022-11-15,2026-09-30,NGM_EPG0_ERE_NUS-NCH_MMCF,re-exports,NCH,China,jkm_markets,0,
2022-11-15,2026-09-30,NGM_EPG0_ERE_NUS-NCI_MMCF,re-exports,NCI,Chile,americas,,
2022-11-15,2026-09-30,NGM_EPG0_ERE_NUS-NEG_MMCF,re-exports,NEG,Egypt,middle_east_africa,0,
2022-11-15,2026-09-30,NGM_EPG0_ERE_NUS-NIN_MMCF,re-exports,NIN,India,other_asia,0,
2022-11-15,2026-09-30,NGM_EPG0_ERE_NUS-NJA_MMCF,re-exports,NJA,Japan,jkm_markets,0,
2022-11-15,2026-09-30,NGM_EPG0_ERE_NUS-NKS_MMCF,re-exports,NKS,South Korea,jkm_markets,0,
2022-11-15,2026-09-30,NGM_EPG0_ERE_NUS-NMX_MMCF,re-exports,NMX,Mexico,americas,0,
2022-11-15,2026-09-30,NGM_EPG0_ERE_NUS-NPO_MMCF,re-exports,NPO,Portugal,europe,,
2022-11-15,2026-09-30,NGM_EPG0_ERE_NUS-NSP_MMCF,re-exports,NSP,Spain,europe,0,
2022-11-15,2026-09-30,NGM_EPG0_ERE_NUS-NTU_MMCF,re-exports,NTU,Turkiye,europe,0,
2022-11-15,2026-09-30,NGM_EPG0_ERE_NUS-NUK_MMCF,re-exports,NUK,United Kingdom,europe,0,
2022-11-15,2026-09-30,NGM_EPG0_ERE_NUS-Z00_MMCF,re-exports,Z00,,,0,
2022-11-15,2026-09-30,NGM_EPG0_ETR_NUS-NCA_MMCF,exports by truck,NCA,Canada,americas,0,
2022-11-15,2026-09-30,NGM_EPG0_ETR_NUS-NMX_MMCF,exports by truck,NMX,Mexico,americas,153,11.91
2022-11-15,2026-09-30,NGM_EPG0_ETR_NUS-Z00_MMCF,exports by truck,Z00,,,153,11.91
2022-11-15,2026-09-30,NGM_EPG0_EVE_NUS-NAC_MMCF,exports by vessel,NAC,Antigua and Barbuda,americas,2,10.8
2022-11-15,2026-09-30,NGM_EPG0_EVE_NUS-NAT_MMCF,exports by vessel,NAT,Argentina,americas,0,
2022-11-15,2026-09-30,NGM_EPG0_EVE_NUS-NBA_MMCF,exports by vessel,NBA,Bahrain,middle_east_africa,,
2022-11-15,2026-09-30,NGM_EPG0_EVE_NUS-NBB_MMCF,exports by vessel,NBB,Barbados,americas,1,17.98
2022-11-15,2026-09-30,NGM_EPG0_EVE_NUS-NBE_MMCF,exports by vessel,NBE,Belgium,europe,0,
2022-11-15,2026-09-30,NGM_EPG0_EVE_NUS-NBF_MMCF,exports by vessel,NBF,Bahamas,americas,35,10.39
2022-11-15,2026-09-30,NGM_EPG0_EVE_NUS-NBG_MMCF,exports by vessel,NBG,Bangladesh,other_asia,0,
2022-11-15,2026-09-30,NGM_EPG0_EVE_NUS-NBR_MMCF,exports by vessel,NBR,Brazil,americas,0,
2022-11-15,2026-09-30,NGM_EPG0_EVE_NUS-NCA_MMCF,exports by vessel,NCA,Canada,americas,,
2022-11-15,2026-09-30,NGM_EPG0_EVE_NUS-NCH_MMCF,exports by vessel,NCH,China,jkm_markets,17308,13.35
2022-11-15,2026-09-30,NGM_EPG0_EVE_NUS-NCI_MMCF,exports by vessel,NCI,Chile,americas,0,
2022-11-15,2026-09-30,NGM_EPG0_EVE_NUS-NCO_MMCF,exports by vessel,NCO,Colombia,americas,0,
2022-11-15,2026-09-30,NGM_EPG0_EVE_NUS-NDR_MMCF,exports by vessel,NDR,Dominican Republic,americas,0,
2022-11-15,2026-09-30,NGM_EPG0_EVE_NUS-NEG_MMCF,exports by vessel,NEG,Egypt,middle_east_africa,0,
2022-11-15,2026-09-30,NGM_EPG0_EVE_NUS-NES_MMCF,exports by vessel,NES,El Salvador,americas,,
2022-11-15,2026-09-30,NGM_EPG0_EVE_NUS-NFI_MMCF,exports by vessel,NFI,Finland,europe,0,
2022-11-15,2026-09-30,NGM_EPG0_EVE_NUS-NFR_MMCF,exports by vessel,NFR,France,europe,50655,13.37
2022-11-15,2026-09-30,NGM_EPG0_EVE_NUS-NGM_MMCF,exports by vessel,NGM,Germany,europe,1,10.79
2022-11-15,2026-09-30,NGM_EPG0_EVE_NUS-NGR_MMCF,exports by vessel,NGR,Greece,europe,421,9.31
2022-11-15,2026-09-30,NGM_EPG0_EVE_NUS-NHA_MMCF,exports by vessel,NHA,Haiti,americas,0,
2022-11-15,2026-09-30,NGM_EPG0_EVE_NUS-NHR_MMCF,exports by vessel,NHR,Croatia,europe,5122,9.67
2022-11-15,2026-09-30,NGM_EPG0_EVE_NUS-NID_MMCF,exports by vessel,NID,Indonesia,other_asia,505,9.21
2022-11-15,2026-09-30,NGM_EPG0_EVE_NUS-NIN_MMCF,exports by vessel,NIN,India,other_asia,10138,8.91
2022-11-15,2026-09-30,NGM_EPG0_EVE_NUS-NIS_MMCF,exports by vessel,NIS,Israel,middle_east_africa,0,
2022-11-15,2026-09-30,NGM_EPG0_EVE_NUS-NIT_MMCF,exports by vessel,NIT,Italy,europe,3205,9.89
2022-11-15,2026-09-30,NGM_EPG0_EVE_NUS-NJA_MMCF,exports by vessel,NJA,Japan,jkm_markets,24396,8.99
2022-11-15,2026-09-30,NGM_EPG0_EVE_NUS-NJM_MMCF,exports by vessel,NJM,Jamaica,americas,137,10.39
2022-11-15,2026-09-30,NGM_EPG0_EVE_NUS-NJO_MMCF,exports by vessel,NJO,Jordan,middle_east_africa,0,
2022-11-15,2026-09-30,NGM_EPG0_EVE_NUS-NKS_MMCF,exports by vessel,NKS,South Korea,jkm_markets,14069,9.19
2022-11-15,2026-09-30,NGM_EPG0_EVE_NUS-NKU_MMCF,exports by vessel,NKU,Kuwait,middle_east_africa,0,
2022-11-15,2026-09-30,NGM_EPG0_EVE_NUS-NLH_MMCF,exports by vessel,NLH,Lithuania,europe,3708,9.08
2022-11-15,2026-09-30,NGM_EPG0_EVE_NUS-NM6_MMCF,exports by vessel,NM6,Malta,europe,2928,8.58
2022-11-15,2026-09-30,NGM_EPG0_EVE_NUS-NMR_MMCF,exports by vessel,NMR,Mauritania,middle_east_africa,,
2022-11-15,2026-09-30,NGM_EPG0_EVE_NUS-NMX_MMCF,exports by vessel,NMX,Mexico,americas,0,
2022-11-15,2026-09-30,NGM_EPG0_EVE_NUS-NMY_MMCF,exports by vessel,NMY,Malaysia,other_asia,0,
2022-11-15,2026-09-30,NGM_EPG0_EVE_NUS-NNL_MMCF,exports by vessel,NNL,Netherlands,europe,20645,12.37
2022-11-15,2026-09-30,NGM_EPG0_EVE_NUS-NNU_MMCF,exports by vessel,NNU,Nicaragua,americas,0,
2022-11-15,2026-09-30,NGM_EPG0_EVE_NUS-NPK_MMCF,exports by vessel,NPK,Pakistan,other_asia,0,
2022-11-15,2026-09-30,NGM_EPG0_EVE_NUS-NPL_MMCF,exports by vessel,NPL,Poland,europe,3453,29.15
2022-11-15,2026-09-30,NGM_EPG0_EVE_NUS-NPM_MMCF,exports by vessel,NPM,Panama,americas,3833,9.21
2022-11-15,2026-09-30,NGM_EPG0_EVE_NUS-NPO_MMCF,exports by vessel,NPO,Portugal,europe,3732,9.89
2022-11-15,2026-09-30,NGM_EPG0_EVE_NUS-NRP_MMCF,exports by vessel,NRP,Philippines,other_asia,,
2022-11-15,2026-09-30,NGM_EPG0_EVE_NUS-NRS_MMCF,exports by vessel,NRS,Russia,europe,0,
2022-11-15,2026-09-30,NGM_EPG0_EVE_NUS-NSG_MMCF,exports by vessel,NSG,Senegal,middle_east_africa,,
2022-11-15,2026-09-30,NGM_EPG0_EVE_NUS-NSN_MMCF,exports by vessel,NSN,Singapore,other_asia,0,
2022-11-15,2026-09-30,NGM_EPG0_EVE_NUS-NSP_MMCF,exports by vessel,NSP,Spain,europe,26445,9.46
2022-11-15,2026-09-30,NGM_EPG0_EVE_NUS-NTC_MMCF,exports by vessel,NTC,United Arab Emirates,middle_east_africa,0,
2022-11-15,2026-09-30,NGM_EPG0_EVE_NUS-NTH_MMCF,exports by vessel,NTH,Thailand,other_asia,0,
2022-11-15,2026-09-30,NGM_EPG0_EVE_NUS-NTU_MMCF,exports by vessel,NTU,Turkiye,europe,31430,10.65
2022-11-15,2026-09-30,NGM_EPG0_EVE_NUS-NTW_MMCF,exports by vessel,NTW,Taiwan,jkm_markets,3592,9.31
2022-11-15,2026-09-30,NGM_EPG0_EVE_NUS-NUK_MMCF,exports by vessel,NUK,United Kingdom,europe,76693,12.9
2022-11-15,2026-09-30,NGM_EPG0_EVE_NUS-Z00_MMCF,exports by vessel,Z00,,,302455,11.68
2022-11-15,2026-09-30,NGM_EPG0_EVT_NUS-Z00_MMCF,exports by vessel and truck,Z00,,,302608,11.68
2022-12-15,2026-09-30,N9133US2,LNG total including re-exports,Z00,,,339960,12.67
2022-12-15,2026-09-30,NGM_EPG0_ERE_NUS-NAT_MMCF,re-exports,NAT,Argentina,americas,0,
2022-12-15,2026-09-30,NGM_EPG0_ERE_NUS-NBR_MMCF,re-exports,NBR,Brazil,americas,0,
2022-12-15,2026-09-30,NGM_EPG0_ERE_NUS-NCH_MMCF,re-exports,NCH,China,jkm_markets,0,
2022-12-15,2026-09-30,NGM_EPG0_ERE_NUS-NCI_MMCF,re-exports,NCI,Chile,americas,,
2022-12-15,2026-09-30,NGM_EPG0_ERE_NUS-NEG_MMCF,re-exports,NEG,Egypt,middle_east_africa,0,
2022-12-15,2026-09-30,NGM_EPG0_ERE_NUS-NIN_MMCF,re-exports,NIN,India,other_asia,0,
2022-12-15,2026-09-30,NGM_EPG0_ERE_NUS-NJA_MMCF,re-exports,NJA,Japan,jkm_markets,0,
2022-12-15,2026-09-30,NGM_EPG0_ERE_NUS-NKS_MMCF,re-exports,NKS,South Korea,jkm_markets,0,
2022-12-15,2026-09-30,NGM_EPG0_ERE_NUS-NMX_MMCF,re-exports,NMX,Mexico,americas,0,
2022-12-15,2026-09-30,NGM_EPG0_ERE_NUS-NPO_MMCF,re-exports,NPO,Portugal,europe,,
2022-12-15,2026-09-30,NGM_EPG0_ERE_NUS-NSP_MMCF,re-exports,NSP,Spain,europe,0,
2022-12-15,2026-09-30,NGM_EPG0_ERE_NUS-NTU_MMCF,re-exports,NTU,Turkiye,europe,0,
2022-12-15,2026-09-30,NGM_EPG0_ERE_NUS-NUK_MMCF,re-exports,NUK,United Kingdom,europe,0,
2022-12-15,2026-09-30,NGM_EPG0_ERE_NUS-Z00_MMCF,re-exports,Z00,,,0,
2022-12-15,2026-09-30,NGM_EPG0_ETR_NUS-NCA_MMCF,exports by truck,NCA,Canada,americas,8,17.1
2022-12-15,2026-09-30,NGM_EPG0_ETR_NUS-NMX_MMCF,exports by truck,NMX,Mexico,americas,160,12.06
2022-12-15,2026-09-30,NGM_EPG0_ETR_NUS-Z00_MMCF,exports by truck,Z00,,,169,12.31
2022-12-15,2026-09-30,NGM_EPG0_EVE_NUS-NAC_MMCF,exports by vessel,NAC,Antigua and Barbuda,americas,1,10.8
2022-12-15,2026-09-30,NGM_EPG0_EVE_NUS-NAT_MMCF,exports by vessel,NAT,Argentina,americas,0,
2022-12-15,2026-09-30,NGM_EPG0_EVE_NUS-NBA_MMCF,exports by vessel,NBA,Bahrain,middle_east_africa,,
2022-12-15,2026-09-30,NGM_EPG0_EVE_NUS-NBB_MMCF,exports by vessel,NBB,Barbados,americas,0,
2022-12-15,2026-09-30,NGM_EPG0_EVE_NUS-NBE_MMCF,exports by vessel,NBE,Belgium,europe,3274,9.35
2022-12-15,2026-09-30,NGM_EPG0_EVE_NUS-NBF_MMCF,exports by vessel,NBF,Bahamas,americas,42,10.39
2022-12-15,2026-09-30,NGM_EPG0_EVE_NUS-NBG_MMCF,exports by vessel,NBG,Bangladesh,other_asia,0,
2022-12-15,2026-09-30,NGM_EPG0_EVE_NUS-NBR_MMCF,exports by vessel,NBR,Brazil,americas,0,
2022-12-15,2026-09-30,NGM_EPG0_EVE_NUS-NCA_MMCF,exports by vessel,NCA,Canada,americas,,
2022-12-15,2026-09-30,NGM_EPG0_EVE_NUS-NCH_MMCF,exports by vessel,NCH,China,jkm_markets,6992,11.69
2022-12-15,2026-09-30,NGM_EPG0_EVE_NUS-NCI_MMCF,exports by vessel,NCI,Chile,americas,0,
2022-12-15,2026-09-30,NGM_EPG0_EVE_NUS-NCO_MMCF,exports by vessel,NCO,Colombia,americas,0,
2022-12-15,2026-09-30,NGM_EPG0_EVE_NUS-NDR_MMCF,exports by vessel,NDR,Dominican Republic,americas,6644,10.25
2022-12-15,2026-09-30,NGM_EPG0_EVE_NUS-NEG_MMCF,exports by vessel,NEG,Egypt,middle_east_africa,0,
2022-12-15,2026-09-30,NGM_EPG0_EVE_NUS-NES_MMCF,exports by vessel,NES,El Salvador,americas,,
2022-12-15,2026-09-30,NGM_EPG0_EVE_NUS-NFI_MMCF,exports by vessel,NFI,Finland,europe,329,10.68
2022-12-15,2026-09-30,NGM_EPG0_EVE_NUS-NFR_MMCF,exports by vessel,NFR,France,europe,38311,11.9
2022-12-15,2026-09-30,NGM_EPG0_EVE_NUS-NGM_MMCF,exports by vessel,NGM,Germany,europe,7112,20.02
2022-12-15,2026-09-30,NGM_EPG0_EVE_NUS-NGR_MMCF,exports by vessel,NGR,Greece,europe,2869,11.14
2022-12-15,2026-09-30,NGM_EPG0_EVE_NUS-NHA_MMCF,exports by vessel,NHA,Haiti,americas,9,10.39
2022-12-15,2026-09-30,NGM_EPG0_EVE_NUS-NHR_MMCF,exports by vessel,NHR,Croatia,europe,6204,10.4
2022-12-15,2026-09-30,NGM_EPG0_EVE_NUS-NID_MMCF,exports by vessel,NID,Indonesia,other_asia,3256,11.16
2022-12-15,2026-09-30,NGM_EPG0_EVE_NUS-NIN_MMCF,exports by vessel,NIN,India,other_asia,14139,10.2
2022-12-15,2026-09-30,NGM_EPG0_EVE_NUS-NIS_MMCF,exports by vessel,NIS,Israel,middle_east_africa,0,
2022-12-15,2026-09-30,NGM_EPG0_EVE_NUS-NIT_MMCF,exports by vessel,NIT,Italy,europe,6992,9.96
2022-12-15,2026-09-30,NGM_EPG0_EVE_NUS-NJA_MMCF,exports by vessel,NJA,Japan,jkm_markets,20535,10.78
2022-12-15,2026-09-30,NGM_EPG0_EVE_NUS-NJM_MMCF,exports by vessel,NJM,Jamaica,americas,147,10.4
2022-12-15,2026-09-30,NGM_EPG0_EVE_NUS-NJO_MMCF,exports by vessel,NJO,Jordan,middle_east_africa,0,
2022-12-15,2026-09-30,NGM_EPG0_EVE_NUS-NKS_MMCF,exports by vessel,NKS,South Korea,jkm_markets,24700,10.59
2022-12-15,2026-09-30,NGM_EPG0_EVE_NUS-NKU_MMCF,exports by vessel,NKU,Kuwait,middle_east_africa,0,
2022-12-15,2026-09-30,NGM_EPG0_EVE_NUS-NLH_MMCF,exports by vessel,NLH,Lithuania,europe,3281,10.68
2022-12-15,2026-09-30,NGM_EPG0_EVE_NUS-NM6_MMCF,exports by vessel,NM6,Malta,europe,0,
2022-12-15,2026-09-30,NGM_EPG0_EVE_NUS-NMR_MMCF,exports by vessel,NMR,Mauritania,middle_east_africa,,
2022-12-15,2026-09-30,NGM_EPG0_EVE_NUS-NMX_MMCF,exports by vessel,NMX,Mexico,americas,539,11.01
2022-12-15,2026-09-30,NGM_EPG0_EVE_NUS-NMY_MMCF,exports by vessel,NMY,Malaysia,other_asia,0,
2022-12-15,2026-09-30,NGM_EPG0_EVE_NUS-NNL_MMCF,exports by vessel,NNL,Netherlands,europe,39893,10.66
2022-12-15,2026-09-30,NGM_EPG0_EVE_NUS-NNU_MMCF,exports by vessel,NNU,Nicaragua,americas,0,
2022-12-15,2026-09-30,NGM_EPG0_EVE_NUS-NPK_MMCF,exports by vessel,NPK,Pakistan,other_asia,0,
2022-12-15,2026-09-30,NGM_EPG0_EVE_NUS-NPL_MMCF,exports by vessel,NPL,Poland,europe,13885,23.11
2022-12-15,2026-09-30,NGM_EPG0_EVE_NUS-NPM_MMCF,exports by vessel,NPM,Panama,americas,249,8.89
2022-12-15,2026-09-30,NGM_EPG0_EVE_NUS-NPO_MMCF,exports by vessel,NPO,Portugal,europe,10025,10.08
2022-12-15,2026-09-30,NGM_EPG0_EVE_NUS-NRP_MMCF,exports by vessel,NRP,Philippines,other_asia,,
2022-12-15,2026-09-30,NGM_EPG0_EVE_NUS-NRS_MMCF,exports by vessel,NRS,Russia,europe,0,
2022-12-15,2026-09-30,NGM_EPG0_EVE_NUS-NSG_MMCF,exports by vessel,NSG,Senegal,middle_east_africa,,
2022-12-15,2026-09-30,NGM_EPG0_EVE_NUS-NSN_MMCF,exports by vessel,NSN,Singapore,other_asia,0,
2022-12-15,2026-09-30,NGM_EPG0_EVE_NUS-NSP_MMCF,exports by vessel,NSP,Spain,europe,33847,16.77
2022-12-15,2026-09-30,NGM_EPG0_EVE_NUS-NTC_MMCF,exports by vessel,NTC,United Arab Emirates,middle_east_africa,0,
2022-12-15,2026-09-30,NGM_EPG0_EVE_NUS-NTH_MMCF,exports by vessel,NTH,Thailand,other_asia,0,
2022-12-15,2026-09-30,NGM_EPG0_EVE_NUS-NTU_MMCF,exports by vessel,NTU,Turkiye,europe,17979,12.91
2022-12-15,2026-09-30,NGM_EPG0_EVE_NUS-NTW_MMCF,exports by vessel,NTW,Taiwan,jkm_markets,9203,10.3
2022-12-15,2026-09-30,NGM_EPG0_EVE_NUS-NUK_MMCF,exports by vessel,NUK,United Kingdom,europe,69332,13.05
2022-12-15,2026-09-30,NGM_EPG0_EVE_NUS-Z00_MMCF,exports by vessel,Z00,,,339792,12.67
2022-12-15,2026-09-30,NGM_EPG0_EVT_NUS-Z00_MMCF,exports by vessel and truck,Z00,,,339960,12.67
2023-01-15,2026-09-30,N9133US2,LNG total including re-exports,Z00,,,337155,11.24
2023-01-15,2026-09-30,NGM_EPG0_ERE_NUS-NAT_MMCF,re-exports,NAT,Argentina,americas,0,
2023-01-15,2026-09-30,NGM_EPG0_ERE_NUS-NBR_MMCF,re-exports,NBR,Brazil,americas,0,
2023-01-15,2026-09-30,NGM_EPG0_ERE_NUS-NCH_MMCF,re-exports,NCH,China,jkm_markets,0,
2023-01-15,2026-09-30,NGM_EPG0_ERE_NUS-NCI_MMCF,re-exports,NCI,Chile,americas,,
2023-01-15,2026-09-30,NGM_EPG0_ERE_NUS-NEG_MMCF,re-exports,NEG,Egypt,middle_east_africa,0,
2023-01-15,2026-09-30,NGM_EPG0_ERE_NUS-NIN_MMCF,re-exports,NIN,India,other_asia,0,
2023-01-15,2026-09-30,NGM_EPG0_ERE_NUS-NJA_MMCF,re-exports,NJA,Japan,jkm_markets,0,
2023-01-15,2026-09-30,NGM_EPG0_ERE_NUS-NKS_MMCF,re-exports,NKS,South Korea,jkm_markets,0,
2023-01-15,2026-09-30,NGM_EPG0_ERE_NUS-NMX_MMCF,re-exports,NMX,Mexico,americas,0,
2023-01-15,2026-09-30,NGM_EPG0_ERE_NUS-NPO_MMCF,re-exports,NPO,Portugal,europe,,
2023-01-15,2026-09-30,NGM_EPG0_ERE_NUS-NSP_MMCF,re-exports,NSP,Spain,europe,0,
2023-01-15,2026-09-30,NGM_EPG0_ERE_NUS-NTU_MMCF,re-exports,NTU,Turkiye,europe,0,
2023-01-15,2026-09-30,NGM_EPG0_ERE_NUS-NUK_MMCF,re-exports,NUK,United Kingdom,europe,0,
2023-01-15,2026-09-30,NGM_EPG0_ERE_NUS-Z00_MMCF,re-exports,Z00,,,0,
2023-01-15,2026-09-30,NGM_EPG0_ETR_NUS-NCA_MMCF,exports by truck,NCA,Canada,americas,0,
2023-01-15,2026-09-30,NGM_EPG0_ETR_NUS-NMX_MMCF,exports by truck,NMX,Mexico,americas,133,8.24
2023-01-15,2026-09-30,NGM_EPG0_ETR_NUS-Z00_MMCF,exports by truck,Z00,,,133,8.24
2023-01-15,2026-09-30,NGM_EPG0_EVE_NUS-NAC_MMCF,exports by vessel,NAC,Antigua and Barbuda,americas,4,10.8
2023-01-15,2026-09-30,NGM_EPG0_EVE_NUS-NAT_MMCF,exports by vessel,NAT,Argentina,americas,0,
2023-01-15,2026-09-30,NGM_EPG0_EVE_NUS-NBA_MMCF,exports by vessel,NBA,Bahrain,middle_east_africa,,
2023-01-15,2026-09-30,NGM_EPG0_EVE_NUS-NBB_MMCF,exports by vessel,NBB,Barbados,americas,0,
2023-01-15,2026-09-30,NGM_EPG0_EVE_NUS-NBE_MMCF,exports by vessel,NBE,Belgium,europe,3640,8.36
2023-01-15,2026-09-30,NGM_EPG0_EVE_NUS-NBF_MMCF,exports by vessel,NBF,Bahamas,americas,42,10.39
2023-01-15,2026-09-30,NGM_EPG0_EVE_NUS-NBG_MMCF,exports by vessel,NBG,Bangladesh,other_asia,3369,40.44
2023-01-15,2026-09-30,NGM_EPG0_EVE_NUS-NBR_MMCF,exports by vessel,NBR,Brazil,americas,0,
2023-01-15,2026-09-30,NGM_EPG0_EVE_NUS-NCA_MMCF,exports by vessel,NCA,Canada,americas,,
2023-01-15,2026-09-30,NGM_EPG0_EVE_NUS-NCH_MMCF,exports by vessel,NCH,China,jkm_markets,17896,13.31
2023-01-15,2026-09-30,NGM_EPG0_EVE_NUS-NCI_MMCF,exports by vessel,NCI,Chile,americas,3307,6.96
2023-01-15,2026-09-30,NGM_EPG0_EVE_NUS-NCO_MMCF,exports by vessel,NCO,Colombia,americas,0,
2023-01-15,2026-09-30,NGM_EPG0_EVE_NUS-NDR_MMCF,exports by vessel,NDR,Dominican Republic,americas,3643,7.4
2023-01-15,2026-09-30,NGM_EPG0_EVE_NUS-NEG_MMCF,exports by vessel,NEG,Egypt,middle_east_africa,0,
2023-01-15,2026-09-30,NGM_EPG0_EVE_NUS-NES_MMCF,exports by vessel,NES,El Salvador,americas,0,
2023-01-15,2026-09-30,NGM_EPG0_EVE_NUS-NFI_MMCF,exports by vessel,NFI,Finland,europe,0,
2023-01-15,2026-09-30,NGM_EPG0_EVE_NUS-NFR_MMCF,exports by vessel,NFR,France,europe,34124,12.44
2023-01-15,2026-09-30,NGM_EPG0_EVE_NUS-NGM_MMCF,exports by vessel,NGM,Germany,europe,14314,13.46
2023-01-15,2026-09-30,NGM_EPG0_EVE_NUS-NGR_MMCF,exports by vessel,NGR,Greece,europe,3207,8.69
2023-01-15,2026-09-30,NGM_EPG0_EVE_NUS-NHA_MMCF,exports by vessel,NHA,Haiti,americas,8,10.39
2023-01-15,2026-09-30,NGM_EPG0_EVE_NUS-NHR_MMCF,exports by vessel,NHR,Croatia,europe,2913,8.3
2023-01-15,2026-09-30,NGM_EPG0_EVE_NUS-NID_MMCF,exports by vessel,NID,Indonesia,other_asia,805,6.96
2023-01-15,2026-09-30,NGM_EPG0_EVE_NUS-NIN_MMCF,exports by vessel,NIN,India,other_asia,6956,8.2
2023-01-15,2026-09-30,NGM_EPG0_EVE_NUS-NIS_MMCF,exports by vessel,NIS,Israel,middle_east_africa,0,
2023-01-15,2026-09-30,NGM_EPG0_EVE_NUS-NIT_MMCF,exports by vessel,NIT,Italy,europe,6925,9.09
2023-01-15,2026-09-30,NGM_EPG0_EVE_NUS-NJA_MMCF,exports by vessel,NJA,Japan,jkm_markets,17696,8.36
2023-01-15,2026-09-30,NGM_EPG0_EVE_NUS-NJM_MMCF,exports by vessel,NJM,Jamaica,americas,107,10.39
2023-01-15,2026-09-30,NGM_EPG0_EVE_NUS-NJO_MMCF,exports by vessel,NJO,Jordan,middle_east_africa,0,
2023-01-15,2026-09-30,NGM_EPG0_EVE_NUS-NKS_MMCF,exports by vessel,NKS,South Korea,jkm_markets,24507,16.08
2023-01-15,2026-09-30,NGM_EPG0_EVE_NUS-NKU_MMCF,exports by vessel,NKU,Kuwait,middle_east_africa,0,
2023-01-15,2026-09-30,NGM_EPG0_EVE_NUS-NLH_MMCF,exports by vessel,NLH,Lithuania,europe,6713,8.53
2023-01-15,2026-09-30,NGM_EPG0_EVE_NUS-NM6_MMCF,exports by vessel,NM6,Malta,europe,2592,8.23
2023-01-15,2026-09-30,NGM_EPG0_EVE_NUS-NMR_MMCF,exports by vessel,NMR,Mauritania,middle_east_africa,,
2023-01-15,2026-09-30,NGM_EPG0_EVE_NUS-NMX_MMCF,exports by vessel,NMX,Mexico,americas,3219,8.67
2023-01-15,2026-09-30,NGM_EPG0_EVE_NUS-NMY_MMCF,exports by vessel,NMY,Malaysia,other_asia,0,
2023-01-15,2026-09-30,NGM_EPG0_EVE_NUS-NNL_MMCF,exports by vessel,NNL,Netherlands,europe,36453,11.95
2023-01-15,2026-09-30,NGM_EPG0_EVE_NUS-NNU_MMCF,exports by vessel,NNU,Nicaragua,americas,0,
2023-01-15,2026-09-30,NGM_EPG0_EVE_NUS-NPK_MMCF,exports by vessel,NPK,Pakistan,other_asia,0,
2023-01-15,2026-09-30,NGM_EPG0_EVE_NUS-NPL_MMCF,exports by vessel,NPL,Poland,europe,11538,8.76
2023-01-15,2026-09-30,NGM_EPG0_EVE_NUS-NPM_MMCF,exports by vessel,NPM,Panama,americas,2718,9.32
2023-01-15,2026-09-30,NGM_EPG0_EVE_NUS-NPO_MMCF,exports by vessel,NPO,Portugal,europe,6816,7.99
2023-01-15,2026-09-30,NGM_EPG0_EVE_NUS-NRP_MMCF,exports by vessel,NRP,Philippines,other_asia,0,
2023-01-15,2026-09-30,NGM_EPG0_EVE_NUS-NRS_MMCF,exports by vessel,NRS,Russia,europe,0,
2023-01-15,2026-09-30,NGM_EPG0_EVE_NUS-NSG_MMCF,exports by vessel,NSG,Senegal,middle_east_africa,,
2023-01-15,2026-09-30,NGM_EPG0_EVE_NUS-NSN_MMCF,exports by vessel,NSN,Singapore,other_asia,0,
2023-01-15,2026-09-30,NGM_EPG0_EVE_NUS-NSP_MMCF,exports by vessel,NSP,Spain,europe,13987,9.44
2023-01-15,2026-09-30,NGM_EPG0_EVE_NUS-NTC_MMCF,exports by vessel,NTC,United Arab Emirates,middle_east_africa,0,
2023-01-15,2026-09-30,NGM_EPG0_EVE_NUS-NTH_MMCF,exports by vessel,NTH,Thailand,other_asia,3738,8.75
2023-01-15,2026-09-30,NGM_EPG0_EVE_NUS-NTU_MMCF,exports by vessel,NTU,Turkiye,europe,39283,9.77
2023-01-15,2026-09-30,NGM_EPG0_EVE_NUS-NTW_MMCF,exports by vessel,NTW,Taiwan,jkm_markets,3471,7.68
2023-01-15,2026-09-30,NGM_EPG0_EVE_NUS-NUK_MMCF,exports by vessel,NUK,United Kingdom,europe,63032,11.07
2023-01-15,2026-09-30,NGM_EPG0_EVE_NUS-Z00_MMCF,exports by vessel,Z00,,,337022,11.24
2023-01-15,2026-09-30,NGM_EPG0_EVT_NUS-Z00_MMCF,exports by vessel and truck,Z00,,,337155,11.24
2023-02-15,2026-09-30,N9133US2,LNG total including re-exports,Z00,,,326275,9.36
2023-02-15,2026-09-30,NGM_EPG0_ERE_NUS-NAT_MMCF,re-exports,NAT,Argentina,americas,0,
2023-02-15,2026-09-30,NGM_EPG0_ERE_NUS-NBR_MMCF,re-exports,NBR,Brazil,americas,0,
2023-02-15,2026-09-30,NGM_EPG0_ERE_NUS-NCH_MMCF,re-exports,NCH,China,jkm_markets,0,
2023-02-15,2026-09-30,NGM_EPG0_ERE_NUS-NCI_MMCF,re-exports,NCI,Chile,americas,,
2023-02-15,2026-09-30,NGM_EPG0_ERE_NUS-NEG_MMCF,re-exports,NEG,Egypt,middle_east_africa,0,
2023-02-15,2026-09-30,NGM_EPG0_ERE_NUS-NIN_MMCF,re-exports,NIN,India,other_asia,0,
2023-02-15,2026-09-30,NGM_EPG0_ERE_NUS-NJA_MMCF,re-exports,NJA,Japan,jkm_markets,0,
2023-02-15,2026-09-30,NGM_EPG0_ERE_NUS-NKS_MMCF,re-exports,NKS,South Korea,jkm_markets,0,
2023-02-15,2026-09-30,NGM_EPG0_ERE_NUS-NMX_MMCF,re-exports,NMX,Mexico,americas,0,
2023-02-15,2026-09-30,NGM_EPG0_ERE_NUS-NPO_MMCF,re-exports,NPO,Portugal,europe,,
2023-02-15,2026-09-30,NGM_EPG0_ERE_NUS-NSP_MMCF,re-exports,NSP,Spain,europe,0,
2023-02-15,2026-09-30,NGM_EPG0_ERE_NUS-NTU_MMCF,re-exports,NTU,Turkiye,europe,0,
2023-02-15,2026-09-30,NGM_EPG0_ERE_NUS-NUK_MMCF,re-exports,NUK,United Kingdom,europe,0,
2023-02-15,2026-09-30,NGM_EPG0_ERE_NUS-Z00_MMCF,re-exports,Z00,,,0,
2023-02-15,2026-09-30,NGM_EPG0_ETR_NUS-NCA_MMCF,exports by truck,NCA,Canada,americas,0,
2023-02-15,2026-09-30,NGM_EPG0_ETR_NUS-NMX_MMCF,exports by truck,NMX,Mexico,americas,106,9.27
2023-02-15,2026-09-30,NGM_EPG0_ETR_NUS-Z00_MMCF,exports by truck,Z00,,,106,9.27
2023-02-15,2026-09-30,NGM_EPG0_EVE_NUS-NAC_MMCF,exports by vessel,NAC,Antigua and Barbuda,americas,2,10.8
2023-02-15,2026-09-30,NGM_EPG0_EVE_NUS-NAT_MMCF,exports by vessel,NAT,Argentina,americas,2287,17.21
2023-02-15,2026-09-30,NGM_EPG0_EVE_NUS-NBA_MMCF,exports by vessel,NBA,Bahrain,middle_east_africa,,
2023-02-15,2026-09-30,NGM_EPG0_EVE_NUS-NBB_MMCF,exports by vessel,NBB,Barbados,americas,0,
2023-02-15,2026-09-30,NGM_EPG0_EVE_NUS-NBE_MMCF,exports by vessel,NBE,Belgium,europe,7322,8.16
2023-02-15,2026-09-30,NGM_EPG0_EVE_NUS-NBF_MMCF,exports by vessel,NBF,Bahamas,americas,27,10.39
2023-02-15,2026-09-30,NGM_EPG0_EVE_NUS-NBG_MMCF,exports by vessel,NBG,Bangladesh,other_asia,0,
2023-02-15,2026-09-30,NGM_EPG0_EVE_NUS-NBR_MMCF,exports by vessel,NBR,Brazil,americas,0,
2023-02-15,2026-09-30,NGM_EPG0_EVE_NUS-NCA_MMCF,exports by vessel,NCA,Canada,americas,,
2023-02-15,2026-09-30,NGM_EPG0_EVE_NUS-NCH_MMCF,exports by vessel,NCH,China,jkm_markets,2565,6.9
2023-02-15,2026-09-30,NGM_EPG0_EVE_NUS-NCI_MMCF,exports by vessel,NCI,Chile,americas,0,
2023-02-15,2026-09-30,NGM_EPG0_EVE_NUS-NCO_MMCF,exports by vessel,NCO,Colombia,americas,0,
2023-02-15,2026-09-30,NGM_EPG0_EVE_NUS-NDR_MMCF,exports by vessel,NDR,Dominican Republic,americas,3514,27.88
2023-02-15,2026-09-30,NGM_EPG0_EVE_NUS-NEG_MMCF,exports by vessel,NEG,Egypt,middle_east_africa,0,
2023-02-15,2026-09-30,NGM_EPG0_EVE_NUS-NES_MMCF,exports by vessel,NES,El Salvador,americas,0,
2023-02-15,2026-09-30,NGM_EPG0_EVE_NUS-NFI_MMCF,exports by vessel,NFI,Finland,europe,0,
2023-02-15,2026-09-30,NGM_EPG0_EVE_NUS-NFR_MMCF,exports by vessel,NFR,France,europe,39457,11.71
2023-02-15,2026-09-30,NGM_EPG0_EVE_NUS-NGM_MMCF,exports by vessel,NGM,Germany,europe,8229,16.33
2023-02-15,2026-09-30,NGM_EPG0_EVE_NUS-NGR_MMCF,exports by vessel,NGR,Greece,europe,6781,5.09
2023-02-15,2026-09-30,NGM_EPG0_EVE_NUS-NHA_MMCF,exports by vessel,NHA,Haiti,americas,11,10.39
2023-02-15,2026-09-30,NGM_EPG0_EVE_NUS-NHR_MMCF,exports by vessel,NHR,Croatia,europe,6006,7.61
2023-02-15,2026-09-30,NGM_EPG0_EVE_NUS-NID_MMCF,exports by vessel,NID,Indonesia,other_asia,,
2023-02-15,2026-09-30,NGM_EPG0_EVE_NUS-NIN_MMCF,exports by vessel,NIN,India,other_asia,14064,8.87
2023-02-15,2026-09-30,NGM_EPG0_EVE_NUS-NIS_MMCF,exports by vessel,NIS,Israel,middle_east_africa,0,
2023-02-15,2026-09-30,NGM_EPG0_EVE_NUS-NIT_MMCF,exports by vessel,NIT,Italy,europe,17555,13.92
2023-02-15,2026-09-30,NGM_EPG0_EVE_NUS-NJA_MMCF,exports by vessel,NJA,Japan,jkm_markets,14058,7.28
2023-02-15,2026-09-30,NGM_EPG0_EVE_NUS-NJM_MMCF,exports by vessel,NJM,Jamaica,americas,161,10.39
2023-02-15,2026-09-30,NGM_EPG0_EVE_NUS-NJO_MMCF,exports by vessel,NJO,Jordan,middle_east_africa,0,
2023-02-15,2026-09-30,NGM_EPG0_EVE_NUS-NKS_MMCF,exports by vessel,NKS,South Korea,jkm_markets,22672,6.67
2023-02-15,2026-09-30,NGM_EPG0_EVE_NUS-NKU_MMCF,exports by vessel,NKU,Kuwait,middle_east_africa,0,
2023-02-15,2026-09-30,NGM_EPG0_EVE_NUS-NLH_MMCF,exports by vessel,NLH,Lithuania,europe,0,
2023-02-15,2026-09-30,NGM_EPG0_EVE_NUS-NM6_MMCF,exports by vessel,NM6,Malta,europe,0,
2023-02-15,2026-09-30,NGM_EPG0_EVE_NUS-NMR_MMCF,exports by vessel,NMR,Mauritania,middle_east_africa,,
2023-02-15,2026-09-30,NGM_EPG0_EVE_NUS-NMX_MMCF,exports by vessel,NMX,Mexico,americas,0,
2023-02-15,2026-09-30,NGM_EPG0_EVE_NUS-NMY_MMCF,exports by vessel,NMY,Malaysia,other_asia,0,
2023-02-15,2026-09-30,NGM_EPG0_EVE_NUS-NNL_MMCF,exports by vessel,NNL,Netherlands,europe,39301,12.24
2023-02-15,2026-09-30,NGM_EPG0_EVE_NUS-NNU_MMCF,exports by vessel,NNU,Nicaragua,americas,0,
2023-02-15,2026-09-30,NGM_EPG0_EVE_NUS-NPK_MMCF,exports by vessel,NPK,Pakistan,other_asia,0,
2023-02-15,2026-09-30,NGM_EPG0_EVE_NUS-NPL_MMCF,exports by vessel,NPL,Poland,europe,10347,6.14
2023-02-15,2026-09-30,NGM_EPG0_EVE_NUS-NPM_MMCF,exports by vessel,NPM,Panama,americas,0,
2023-02-15,2026-09-30,NGM_EPG0_EVE_NUS-NPO_MMCF,exports by vessel,NPO,Portugal,europe,6138,6.08
2023-02-15,2026-09-30,NGM_EPG0_EVE_NUS-NRP_MMCF,exports by vessel,NRP,Philippines,other_asia,0,
2023-02-15,2026-09-30,NGM_EPG0_EVE_NUS-NRS_MMCF,exports by vessel,NRS,Russia,europe,0,
2023-02-15,2026-09-30,NGM_EPG0_EVE_NUS-NSG_MMCF,exports by vessel,NSG,Senegal,middle_east_africa,,
2023-02-15,2026-09-30,NGM_EPG0_EVE_NUS-NSN_MMCF,exports by vessel,NSN,Singapore,other_asia,0,
2023-02-15,2026-09-30,NGM_EPG0_EVE_NUS-NSP_MMCF,exports by vessel,NSP,Spain,europe,32138,7.88
2023-02-15,2026-09-30,NGM_EPG0_EVE_NUS-NTC_MMCF,exports by vessel,NTC,United Arab Emirates,middle_east_africa,0,
2023-02-15,2026-09-30,NGM_EPG0_EVE_NUS-NTH_MMCF,exports by vessel,NTH,Thailand,other_asia,1829,6.93
2023-02-15,2026-09-30,NGM_EPG0_EVE_NUS-NTU_MMCF,exports by vessel,NTU,Turkiye,europe,13444,7.75
2023-02-15,2026-09-30,NGM_EPG0_EVE_NUS-NTW_MMCF,exports by vessel,NTW,Taiwan,jkm_markets,6557,6.26
2023-02-15,2026-09-30,NGM_EPG0_EVE_NUS-NUK_MMCF,exports by vessel,NUK,United Kingdom,europe,71702,7.58
2023-02-15,2026-09-30,NGM_EPG0_EVE_NUS-Z00_MMCF,exports by vessel,Z00,,,326169,9.36
2023-02-15,2026-09-30,NGM_EPG0_EVT_NUS-Z00_MMCF,exports by vessel and truck,Z00,,,326275,9.36
2023-03-15,2026-09-30,N9133US2,LNG total including re-exports,Z00,,,366552,7.97
2023-03-15,2026-09-30,NGM_EPG0_ERE_NUS-NAT_MMCF,re-exports,NAT,Argentina,americas,0,
2023-03-15,2026-09-30,NGM_EPG0_ERE_NUS-NBR_MMCF,re-exports,NBR,Brazil,americas,0,
2023-03-15,2026-09-30,NGM_EPG0_ERE_NUS-NCH_MMCF,re-exports,NCH,China,jkm_markets,0,
2023-03-15,2026-09-30,NGM_EPG0_ERE_NUS-NCI_MMCF,re-exports,NCI,Chile,americas,,
2023-03-15,2026-09-30,NGM_EPG0_ERE_NUS-NEG_MMCF,re-exports,NEG,Egypt,middle_east_africa,0,
2023-03-15,2026-09-30,NGM_EPG0_ERE_NUS-NIN_MMCF,re-exports,NIN,India,other_asia,0,
2023-03-15,2026-09-30,NGM_EPG0_ERE_NUS-NJA_MMCF,re-exports,NJA,Japan,jkm_markets,0,
2023-03-15,2026-09-30,NGM_EPG0_ERE_NUS-NKS_MMCF,re-exports,NKS,South Korea,jkm_markets,0,
2023-03-15,2026-09-30,NGM_EPG0_ERE_NUS-NMX_MMCF,re-exports,NMX,Mexico,americas,0,
2023-03-15,2026-09-30,NGM_EPG0_ERE_NUS-NPO_MMCF,re-exports,NPO,Portugal,europe,,
2023-03-15,2026-09-30,NGM_EPG0_ERE_NUS-NSP_MMCF,re-exports,NSP,Spain,europe,0,
2023-03-15,2026-09-30,NGM_EPG0_ERE_NUS-NTU_MMCF,re-exports,NTU,Turkiye,europe,0,
2023-03-15,2026-09-30,NGM_EPG0_ERE_NUS-NUK_MMCF,re-exports,NUK,United Kingdom,europe,0,
2023-03-15,2026-09-30,NGM_EPG0_ERE_NUS-Z00_MMCF,re-exports,Z00,,,0,
2023-03-15,2026-09-30,NGM_EPG0_ETR_NUS-NCA_MMCF,exports by truck,NCA,Canada,americas,7,14.36
2023-03-15,2026-09-30,NGM_EPG0_ETR_NUS-NMX_MMCF,exports by truck,NMX,Mexico,americas,96,9.44
2023-03-15,2026-09-30,NGM_EPG0_ETR_NUS-Z00_MMCF,exports by truck,Z00,,,102,9.76
2023-03-15,2026-09-30,NGM_EPG0_EVE_NUS-NAC_MMCF,exports by vessel,NAC,Antigua and Barbuda,americas,2,10.8
2023-03-15,2026-09-30,NGM_EPG0_EVE_NUS-NAT_MMCF,exports by vessel,NAT,Argentina,americas,2343,4.87
2023-03-15,2026-09-30,NGM_EPG0_EVE_NUS-NBA_MMCF,exports by vessel,NBA,Bahrain,middle_east_africa,,
2023-03-15,2026-09-30,NGM_EPG0_EVE_NUS-NBB_MMCF,exports by vessel,NBB,Barbados,americas,0,
2023-03-15,2026-09-30,NGM_EPG0_EVE_NUS-NBE_MMCF,exports by vessel,NBE,Belgium,europe,8053,12.64
2023-03-15,2026-09-30,NGM_EPG0_EVE_NUS-NBF_MMCF,exports by vessel,NBF,Bahamas,americas,53,10.39
2023-03-15,2026-09-30,NGM_EPG0_EVE_NUS-NBG_MMCF,exports by vessel,NBG,Bangladesh,other_asia,0,
2023-03-15,2026-09-30,NGM_EPG0_EVE_NUS-NBR_MMCF,exports by vessel,NBR,Brazil,americas,1334,4.87
2023-03-15,2026-09-30,NGM_EPG0_EVE_NUS-NCA_MMCF,exports by vessel,NCA,Canada,americas,,
2023-03-15,2026-09-30,NGM_EPG0_EVE_NUS-NCH_MMCF,exports by vessel,NCH,China,jkm_markets,5132,5.98
2023-03-15,2026-09-30,NGM_EPG0_EVE_NUS-NCI_MMCF,exports by vessel,NCI,Chile,americas,7271,9.4
2023-03-15,2026-09-30,NGM_EPG0_EVE_NUS-NCO_MMCF,exports by vessel,NCO,Colombia,americas,0,
2023-03-15,2026-09-30,NGM_EPG0_EVE_NUS-NDR_MMCF,exports by vessel,NDR,Dominican Republic,americas,876,6.12
2023-03-15,2026-09-30,NGM_EPG0_EVE_NUS-NEG_MMCF,exports by vessel,NEG,Egypt,middle_east_africa,0,
2023-03-15,2026-09-30,NGM_EPG0_EVE_NUS-NES_MMCF,exports by vessel,NES,El Salvador,americas,0,
2023-03-15,2026-09-30,NGM_EPG0_EVE_NUS-NFI_MMCF,exports by vessel,NFI,Finland,europe,6462,18.43
2023-03-15,2026-09-30,NGM_EPG0_EVE_NUS-NFR_MMCF,exports by vessel,NFR,France,europe,28581,6.17
2023-03-15,2026-09-30,NGM_EPG0_EVE_NUS-NGM_MMCF,exports by vessel,NGM,Germany,europe,24841,12.06
2023-03-15,2026-09-30,NGM_EPG0_EVE_NUS-NGR_MMCF,exports by vessel,NGR,Greece,europe,3156,6.07
2023-03-15,2026-09-30,NGM_EPG0_EVE_NUS-NHA_MMCF,exports by vessel,NHA,Haiti,americas,8,10.39
2023-03-15,2026-09-30,NGM_EPG0_EVE_NUS-NHR_MMCF,exports by vessel,NHR,Croatia,europe,3694,5.63
2023-03-15,2026-09-30,NGM_EPG0_EVE_NUS-NID_MMCF,exports by vessel,NID,Indonesia,other_asia,,
2023-03-15,2026-09-30,NGM_EPG0_EVE_NUS-NIN_MMCF,exports by vessel,NIN,India,other_asia,10230,5.96
2023-03-15,2026-09-30,NGM_EPG0_EVE_NUS-NIS_MMCF,exports by vessel,NIS,Israel,middle_east_africa,0,
2023-03-15,2026-09-30,NGM_EPG0_EVE_NUS-NIT_MMCF,exports by vessel,NIT,Italy,europe,13699,5.93
2023-03-15,2026-09-30,NGM_EPG0_EVE_NUS-NJA_MMCF,exports by vessel,NJA,Japan,jkm_markets,20102,6.92
2023-03-15,2026-09-30,NGM_EPG0_EVE_NUS-NJM_MMCF,exports by vessel,NJM,Jamaica,americas,540,6.65
2023-03-15,2026-09-30,NGM_EPG0_EVE_NUS-NJO_MMCF,exports by vessel,NJO,Jordan,middle_east_africa,0,
2023-03-15,2026-09-30,NGM_EPG0_EVE_NUS-NKS_MMCF,exports by vessel,NKS,South Korea,jkm_markets,10807,6.12
2023-03-15,2026-09-30,NGM_EPG0_EVE_NUS-NKU_MMCF,exports by vessel,NKU,Kuwait,middle_east_africa,0,
2023-03-15,2026-09-30,NGM_EPG0_EVE_NUS-NLH_MMCF,exports by vessel,NLH,Lithuania,europe,3599,4.98
2023-03-15,2026-09-30,NGM_EPG0_EVE_NUS-NM6_MMCF,exports by vessel,NM6,Malta,europe,0,
2023-03-15,2026-09-30,NGM_EPG0_EVE_NUS-NMR_MMCF,exports by vessel,NMR,Mauritania,middle_east_africa,,
2023-03-15,2026-09-30,NGM_EPG0_EVE_NUS-NMX_MMCF,exports by vessel,NMX,Mexico,americas,3051,6.12
2023-03-15,2026-09-30,NGM_EPG0_EVE_NUS-NMY_MMCF,exports by vessel,NMY,Malaysia,other_asia,0,
2023-03-15,2026-09-30,NGM_EPG0_EVE_NUS-NNL_MMCF,exports by vessel,NNL,Netherlands,europe,61017,8.15
2023-03-15,2026-09-30,NGM_EPG0_EVE_NUS-NNU_MMCF,exports by vessel,NNU,Nicaragua,americas,0,
2023-03-15,2026-09-30,NGM_EPG0_EVE_NUS-NPK_MMCF,exports by vessel,NPK,Pakistan,other_asia,0,
2023-03-15,2026-09-30,NGM_EPG0_EVE_NUS-NPL_MMCF,exports by vessel,NPL,Poland,europe,7236,8.63
2023-03-15,2026-09-30,NGM_EPG0_EVE_NUS-NPM_MMCF,exports by vessel,NPM,Panama,americas,3209,6.66
2023-03-15,2026-09-30,NGM_EPG0_EVE_NUS-NPO_MMCF,exports by vessel,NPO,Portugal,europe,6133,5.29
2023-03-15,2026-09-30,NGM_EPG0_EVE_NUS-NRP_MMCF,exports by vessel,NRP,Philippines,other_asia,0,
2023-03-15,2026-09-30,NGM_EPG0_EVE_NUS-NRS_MMCF,exports by vessel,NRS,Russia,europe,0,
2023-03-15,2026-09-30,NGM_EPG0_EVE_NUS-NSG_MMCF,exports by vessel,NSG,Senegal,middle_east_africa,,
2023-03-15,2026-09-30,NGM_EPG0_EVE_NUS-NSN_MMCF,exports by vessel,NSN,Singapore,other_asia,0,
2023-03-15,2026-09-30,NGM_EPG0_EVE_NUS-NSP_MMCF,exports by vessel,NSP,Spain,europe,38096,7.9
2023-03-15,2026-09-30,NGM_EPG0_EVE_NUS-NTC_MMCF,exports by vessel,NTC,United Arab Emirates,middle_east_africa,0,
2023-03-15,2026-09-30,NGM_EPG0_EVE_NUS-NTH_MMCF,exports by vessel,NTH,Thailand,other_asia,4249,4.77
2023-03-15,2026-09-30,NGM_EPG0_EVE_NUS-NTU_MMCF,exports by vessel,NTU,Turkiye,europe,11866,10.5
2023-03-15,2026-09-30,NGM_EPG0_EVE_NUS-NTW_MMCF,exports by vessel,NTW,Taiwan,jkm_markets,10311,5.29
2023-03-15,2026-09-30,NGM_EPG0_EVE_NUS-NUK_MMCF,exports by vessel,NUK,United Kingdom,europe,70499,7.95
2023-03-15,2026-09-30,NGM_EPG0_EVE_NUS-Z00_MMCF,exports by vessel,Z00,,,366450,7.97
2023-03-15,2026-09-30,NGM_EPG0_EVT_NUS-Z00_MMCF,exports by vessel and truck,Z00,,,366552,7.97
2023-04-15,2026-09-30,N9133US2,LNG total including re-exports,Z00,,,375843,6.83
2023-04-15,2026-09-30,NGM_EPG0_ERE_NUS-NAT_MMCF,re-exports,NAT,Argentina,americas,0,
2023-04-15,2026-09-30,NGM_EPG0_ERE_NUS-NBR_MMCF,re-exports,NBR,Brazil,americas,0,
2023-04-15,2026-09-30,NGM_EPG0_ERE_NUS-NCH_MMCF,re-exports,NCH,China,jkm_markets,0,
2023-04-15,2026-09-30,NGM_EPG0_ERE_NUS-NCI_MMCF,re-exports,NCI,Chile,americas,,
2023-04-15,2026-09-30,NGM_EPG0_ERE_NUS-NEG_MMCF,re-exports,NEG,Egypt,middle_east_africa,0,
2023-04-15,2026-09-30,NGM_EPG0_ERE_NUS-NIN_MMCF,re-exports,NIN,India,other_asia,0,
2023-04-15,2026-09-30,NGM_EPG0_ERE_NUS-NJA_MMCF,re-exports,NJA,Japan,jkm_markets,0,
2023-04-15,2026-09-30,NGM_EPG0_ERE_NUS-NKS_MMCF,re-exports,NKS,South Korea,jkm_markets,0,
2023-04-15,2026-09-30,NGM_EPG0_ERE_NUS-NMX_MMCF,re-exports,NMX,Mexico,americas,0,
2023-04-15,2026-09-30,NGM_EPG0_ERE_NUS-NPO_MMCF,re-exports,NPO,Portugal,europe,,
2023-04-15,2026-09-30,NGM_EPG0_ERE_NUS-NSP_MMCF,re-exports,NSP,Spain,europe,0,
2023-04-15,2026-09-30,NGM_EPG0_ERE_NUS-NTU_MMCF,re-exports,NTU,Turkiye,europe,0,
2023-04-15,2026-09-30,NGM_EPG0_ERE_NUS-NUK_MMCF,re-exports,NUK,United Kingdom,europe,0,
2023-04-15,2026-09-30,NGM_EPG0_ERE_NUS-Z00_MMCF,re-exports,Z00,,,0,
2023-04-15,2026-09-30,NGM_EPG0_ETR_NUS-NCA_MMCF,exports by truck,NCA,Canada,americas,7,14.54
2023-04-15,2026-09-30,NGM_EPG0_ETR_NUS-NMX_MMCF,exports by truck,NMX,Mexico,americas,58,8.57
2023-04-15,2026-09-30,NGM_EPG0_ETR_NUS-Z00_MMCF,exports by truck,Z00,,,65,9.18
2023-04-15,2026-09-30,NGM_EPG0_EVE_NUS-NAC_MMCF,exports by vessel,NAC,Antigua and Barbuda,americas,3,10.8
2023-04-15,2026-09-30,NGM_EPG0_EVE_NUS-NAT_MMCF,exports by vessel,NAT,Argentina,americas,11536,9.07
2023-04-15,2026-09-30,NGM_EPG0_EVE_NUS-NBA_MMCF,exports by vessel,NBA,Bahrain,middle_east_africa,,
2023-04-15,2026-09-30,NGM_EPG0_EVE_NUS-NBB_MMCF,exports by vessel,NBB,Barbados,americas,0,
2023-04-15,2026-09-30,NGM_EPG0_EVE_NUS-NBE_MMCF,exports by vessel,NBE,Belgium,europe,4844,5.34
2023-04-15,2026-09-30,NGM_EPG0_EVE_NUS-NBF_MMCF,exports by vessel,NBF,Bahamas,americas,43,10.39
2023-04-15,2026-09-30,NGM_EPG0_EVE_NUS-NBG_MMCF,exports by vessel,NBG,Bangladesh,other_asia,0,
2023-04-15,2026-09-30,NGM_EPG0_EVE_NUS-NBR_MMCF,exports by vessel,NBR,Brazil,americas,3598,5.16
2023-04-15,2026-09-30,NGM_EPG0_EVE_NUS-NCA_MMCF,exports by vessel,NCA,Canada,americas,,
2023-04-15,2026-09-30,NGM_EPG0_EVE_NUS-NCH_MMCF,exports by vessel,NCH,China,jkm_markets,3426,11.12
2023-04-15,2026-09-30,NGM_EPG0_EVE_NUS-NCI_MMCF,exports by vessel,NCI,Chile,americas,0,
2023-04-15,2026-09-30,NGM_EPG0_EVE_NUS-NCO_MMCF,exports by vessel,NCO,Colombia,americas,0,
2023-04-15,2026-09-30,NGM_EPG0_EVE_NUS-NDR_MMCF,exports by vessel,NDR,Dominican Republic,americas,6901,15.81
2023-04-15,2026-09-30,NGM_EPG0_EVE_NUS-NEG_MMCF,exports by vessel,NEG,Egypt,middle_east_africa,0,
2023-04-15,2026-09-30,NGM_EPG0_EVE_NUS-NES_MMCF,exports by vessel,NES,El Salvador,americas,0,
2023-04-15,2026-09-30,NGM_EPG0_EVE_NUS-NFI_MMCF,exports by vessel,NFI,Finland,europe,0,
2023-04-15,2026-09-30,NGM_EPG0_EVE_NUS-NFR_MMCF,exports by vessel,NFR,France,europe,53211,8.65
2023-04-15,2026-09-30,NGM_EPG0_EVE_NUS-NGM_MMCF,exports by vessel,NGM,Germany,europe,18546,5.71
2023-04-15,2026-09-30,NGM_EPG0_EVE_NUS-NGR_MMCF,exports by vessel,NGR,Greece,europe,3905,4.54
2023-04-15,2026-09-30,NGM_EPG0_EVE_NUS-NHA_MMCF,exports by vessel,NHA,Haiti,americas,11,10.39
2023-04-15,2026-09-30,NGM_EPG0_EVE_NUS-NHR_MMCF,exports by vessel,NHR,Croatia,europe,3163,6.15
2023-04-15,2026-09-30,NGM_EPG0_EVE_NUS-NID_MMCF,exports by vessel,NID,Indonesia,other_asia,,
2023-04-15,2026-09-30,NGM_EPG0_EVE_NUS-NIN_MMCF,exports by vessel,NIN,India,other_asia,14585,5.17
2023-04-15,2026-09-30,NGM_EPG0_EVE_NUS-NIS_MMCF,exports by vessel,NIS,Israel,middle_east_africa,0,
2023-04-15,2026-09-30,NGM_EPG0_EVE_NUS-NIT_MMCF,exports by vessel,NIT,Italy,europe,17378,6.8
2023-04-15,2026-09-30,NGM_EPG0_EVE_NUS-NJA_MMCF,exports by vessel,NJA,Japan,jkm_markets,13687,5.65
2023-04-15,2026-09-30,NGM_EPG0_EVE_NUS-NJM_MMCF,exports by vessel,NJM,Jamaica,americas,31,10.44
2023-04-15,2026-09-30,NGM_EPG0_EVE_NUS-NJO_MMCF,exports by vessel,NJO,Jordan,middle_east_africa,0,
2023-04-15,2026-09-30,NGM_EPG0_EVE_NUS-NKS_MMCF,exports by vessel,NKS,South Korea,jkm_markets,24734,5.65
2023-04-15,2026-09-30,NGM_EPG0_EVE_NUS-NKU_MMCF,exports by vessel,NKU,Kuwait,middle_east_africa,3707,5.12
2023-04-15,2026-09-30,NGM_EPG0_EVE_NUS-NLH_MMCF,exports by vessel,NLH,Lithuania,europe,3412,4.84
2023-04-15,2026-09-30,NGM_EPG0_EVE_NUS-NM6_MMCF,exports by vessel,NM6,Malta,europe,0,
2023-04-15,2026-09-30,NGM_EPG0_EVE_NUS-NMR_MMCF,exports by vessel,NMR,Mauritania,middle_east_africa,,
2023-04-15,2026-09-30,NGM_EPG0_EVE_NUS-NMX_MMCF,exports by vessel,NMX,Mexico,americas,0,
2023-04-15,2026-09-30,NGM_EPG0_EVE_NUS-NMY_MMCF,exports by vessel,NMY,Malaysia,other_asia,0,
2023-04-15,2026-09-30,NGM_EPG0_EVE_NUS-NNL_MMCF,exports by vessel,NNL,Netherlands,europe,60234,6.03
2023-04-15,2026-09-30,NGM_EPG0_EVE_NUS-NNU_MMCF,exports by vessel,NNU,Nicaragua,americas,0,
2023-04-15,2026-09-30,NGM_EPG0_EVE_NUS-NPK_MMCF,exports by vessel,NPK,Pakistan,other_asia,0,
2023-04-15,2026-09-30,NGM_EPG0_EVE_NUS-NPL_MMCF,exports by vessel,NPL,Poland,europe,7165,4.99
2023-04-15,2026-09-30,NGM_EPG0_EVE_NUS-NPM_MMCF,exports by vessel,NPM,Panama,americas,0,
2023-04-15,2026-09-30,NGM_EPG0_EVE_NUS-NPO_MMCF,exports by vessel,NPO,Portugal,europe,4237,5.2
2023-04-15,2026-09-30,NGM_EPG0_EVE_NUS-NRP_MMCF,exports by vessel,NRP,Philippines,other_asia,0,
2023-04-15,2026-09-30,NGM_EPG0_EVE_NUS-NRS_MMCF,exports by vessel,NRS,Russia,europe,0,
2023-04-15,2026-09-30,NGM_EPG0_EVE_NUS-NSG_MMCF,exports by vessel,NSG,Senegal,middle_east_africa,,
2023-04-15,2026-09-30,NGM_EPG0_EVE_NUS-NSN_MMCF,exports by vessel,NSN,Singapore,other_asia,0,
2023-04-15,2026-09-30,NGM_EPG0_EVE_NUS-NSP_MMCF,exports by vessel,NSP,Spain,europe,13680,8.18
2023-04-15,2026-09-30,NGM_EPG0_EVE_NUS-NTC_MMCF,exports by vessel,NTC,United Arab Emirates,middle_east_africa,0,
2023-04-15,2026-09-30,NGM_EPG0_EVE_NUS-NTH_MMCF,exports by vessel,NTH,Thailand,other_asia,4225,4.22
2023-04-15,2026-09-30,NGM_EPG0_EVE_NUS-NTU_MMCF,exports by vessel,NTU,Turkiye,europe,13908,5.23
2023-04-15,2026-09-30,NGM_EPG0_EVE_NUS-NTW_MMCF,exports by vessel,NTW,Taiwan,jkm_markets,9774,7.4
2023-04-15,2026-09-30,NGM_EPG0_EVE_NUS-NUK_MMCF,exports by vessel,NUK,United Kingdom,europe,75836,6.93
2023-04-15,2026-09-30,NGM_EPG0_EVE_NUS-Z00_MMCF,exports by vessel,Z00,,,375779,6.83
2023-04-15,2026-09-30,NGM_EPG0_EVT_NUS-Z00_MMCF,exports by vessel and truck,Z00,,,375843,6.83
2023-05-15,2026-09-30,N9133US2,LNG total including re-exports,Z00,,,366774,7.33
2023-05-15,2026-09-30,NGM_EPG0_ERE_NUS-NAT_MMCF,re-exports,NAT,Argentina,americas,0,
2023-05-15,2026-09-30,NGM_EPG0_ERE_NUS-NBR_MMCF,re-exports,NBR,Brazil,americas,0,
2023-05-15,2026-09-30,NGM_EPG0_ERE_NUS-NCH_MMCF,re-exports,NCH,China,jkm_markets,0,
2023-05-15,2026-09-30,NGM_EPG0_ERE_NUS-NCI_MMCF,re-exports,NCI,Chile,americas,,
2023-05-15,2026-09-30,NGM_EPG0_ERE_NUS-NEG_MMCF,re-exports,NEG,Egypt,middle_east_africa,0,
2023-05-15,2026-09-30,NGM_EPG0_ERE_NUS-NIN_MMCF,re-exports,NIN,India,other_asia,0,
2023-05-15,2026-09-30,NGM_EPG0_ERE_NUS-NJA_MMCF,re-exports,NJA,Japan,jkm_markets,0,
2023-05-15,2026-09-30,NGM_EPG0_ERE_NUS-NKS_MMCF,re-exports,NKS,South Korea,jkm_markets,0,
2023-05-15,2026-09-30,NGM_EPG0_ERE_NUS-NMX_MMCF,re-exports,NMX,Mexico,americas,0,
2023-05-15,2026-09-30,NGM_EPG0_ERE_NUS-NPO_MMCF,re-exports,NPO,Portugal,europe,,
2023-05-15,2026-09-30,NGM_EPG0_ERE_NUS-NSP_MMCF,re-exports,NSP,Spain,europe,0,
2023-05-15,2026-09-30,NGM_EPG0_ERE_NUS-NTU_MMCF,re-exports,NTU,Turkiye,europe,0,
2023-05-15,2026-09-30,NGM_EPG0_ERE_NUS-NUK_MMCF,re-exports,NUK,United Kingdom,europe,0,
2023-05-15,2026-09-30,NGM_EPG0_ERE_NUS-Z00_MMCF,re-exports,Z00,,,0,
2023-05-15,2026-09-30,NGM_EPG0_ETR_NUS-NCA_MMCF,exports by truck,NCA,Canada,americas,7,14.6
2023-05-15,2026-09-30,NGM_EPG0_ETR_NUS-NMX_MMCF,exports by truck,NMX,Mexico,americas,26,7.7
2023-05-15,2026-09-30,NGM_EPG0_ETR_NUS-Z00_MMCF,exports by truck,Z00,,,32,9.16
2023-05-15,2026-09-30,NGM_EPG0_EVE_NUS-NAC_MMCF,exports by vessel,NAC,Antigua and Barbuda,americas,3,10.8
2023-05-15,2026-09-30,NGM_EPG0_EVE_NUS-NAT_MMCF,exports by vessel,NAT,Argentina,americas,26930,13.09
2023-05-15,2026-09-30,NGM_EPG0_EVE_NUS-NBA_MMCF,exports by vessel,NBA,Bahrain,middle_east_africa,,
2023-05-15,2026-09-30,NGM_EPG0_EVE_NUS-NBB_MMCF,exports by vessel,NBB,Barbados,americas,0,
2023-05-15,2026-09-30,NGM_EPG0_EVE_NUS-NBE_MMCF,exports by vessel,NBE,Belgium,europe,3809,4.57
2023-05-15,2026-09-30,NGM_EPG0_EVE_NUS-NBF_MMCF,exports by vessel,NBF,Bahamas,americas,45,10.39
2023-05-15,2026-09-30,NGM_EPG0_EVE_NUS-NBG_MMCF,exports by vessel,NBG,Bangladesh,other_asia,3561,3.04
2023-05-15,2026-09-30,NGM_EPG0_EVE_NUS-NBR_MMCF,exports by vessel,NBR,Brazil,americas,4196,19.45
2023-05-15,2026-09-30,NGM_EPG0_EVE_NUS-NCA_MMCF,exports by vessel,NCA,Canada,americas,,
2023-05-15,2026-09-30,NGM_EPG0_EVE_NUS-NCH_MMCF,exports by vessel,NCH,China,jkm_markets,6593,5.87
2023-05-15,2026-09-30,NGM_EPG0_EVE_NUS-NCI_MMCF,exports by vessel,NCI,Chile,americas,6419,5.7
2023-05-15,2026-09-30,NGM_EPG0_EVE_NUS-NCO_MMCF,exports by vessel,NCO,Colombia,americas,2847,5.98
2023-05-15,2026-09-30,NGM_EPG0_EVE_NUS-NDR_MMCF,exports by vessel,NDR,Dominican Republic,americas,7871,23.38
2023-05-15,2026-09-30,NGM_EPG0_EVE_NUS-NEG_MMCF,exports by vessel,NEG,Egypt,middle_east_africa,0,
2023-05-15,2026-09-30,NGM_EPG0_EVE_NUS-NES_MMCF,exports by vessel,NES,El Salvador,americas,0,
2023-05-15,2026-09-30,NGM_EPG0_EVE_NUS-NFI_MMCF,exports by vessel,NFI,Finland,europe,6935,14.11
2023-05-15,2026-09-30,NGM_EPG0_EVE_NUS-NFR_MMCF,exports by vessel,NFR,France,europe,51355,5.85
2023-05-15,2026-09-30,NGM_EPG0_EVE_NUS-NGM_MMCF,exports by vessel,NGM,Germany,europe,16002,9.85
2023-05-15,2026-09-30,NGM_EPG0_EVE_NUS-NGR_MMCF,exports by vessel,NGR,Greece,europe,4498,5
2023-05-15,2026-09-30,NGM_EPG0_EVE_NUS-NHA_MMCF,exports by vessel,NHA,Haiti,americas,12,10.39
2023-05-15,2026-09-30,NGM_EPG0_EVE_NUS-NHR_MMCF,exports by vessel,NHR,Croatia,europe,2932,5.47
2023-05-15,2026-09-30,NGM_EPG0_EVE_NUS-NID_MMCF,exports by vessel,NID,Indonesia,other_asia,,
2023-05-15,2026-09-30,NGM_EPG0_EVE_NUS-NIN_MMCF,exports by vessel,NIN,India,other_asia,7140,5.6
2023-05-15,2026-09-30,NGM_EPG0_EVE_NUS-NIS_MMCF,exports by vessel,NIS,Israel,middle_east_africa,0,
2023-05-15,2026-09-30,NGM_EPG0_EVE_NUS-NIT_MMCF,exports by vessel,NIT,Italy,europe,18845,5.78
2023-05-15,2026-09-30,NGM_EPG0_EVE_NUS-NJA_MMCF,exports by vessel,NJA,Japan,jkm_markets,31208,6.51
2023-05-15,2026-09-30,NGM_EPG0_EVE_NUS-NJM_MMCF,exports by vessel,NJM,Jamaica,americas,289,6.06
2023-05-15,2026-09-30,NGM_EPG0_EVE_NUS-NJO_MMCF,exports by vessel,NJO,Jordan,middle_east_africa,0,
2023-05-15,2026-09-30,NGM_EPG0_EVE_NUS-NKS_MMCF,exports by vessel,NKS,South Korea,jkm_markets,10958,5.68
2023-05-15,2026-09-30,NGM_EPG0_EVE_NUS-NKU_MMCF,exports by vessel,NKU,Kuwait,middle_east_africa,3802,4.57
2023-05-15,2026-09-30,NGM_EPG0_EVE_NUS-NLH_MMCF,exports by vessel,NLH,Lithuania,europe,7048,5.81
2023-05-15,2026-09-30,NGM_EPG0_EVE_NUS-NM6_MMCF,exports by vessel,NM6,Malta,europe,0,
2023-05-15,2026-09-30,NGM_EPG0_EVE_NUS-NMR_MMCF,exports by vessel,NMR,Mauritania,middle_east_africa,,
2023-05-15,2026-09-30,NGM_EPG0_EVE_NUS-NMX_MMCF,exports by vessel,NMX,Mexico,americas,0,
2023-05-15,2026-09-30,NGM_EPG0_EVE_NUS-NMY_MMCF,exports by vessel,NMY,Malaysia,other_asia,0,
2023-05-15,2026-09-30,NGM_EPG0_EVE_NUS-NNL_MMCF,exports by vessel,NNL,Netherlands,europe,64538,6.27
2023-05-15,2026-09-30,NGM_EPG0_EVE_NUS-NNU_MMCF,exports by vessel,NNU,Nicaragua,americas,0,
2023-05-15,2026-09-30,NGM_EPG0_EVE_NUS-NPK_MMCF,exports by vessel,NPK,Pakistan,other_asia,0,
2023-05-15,2026-09-30,NGM_EPG0_EVE_NUS-NPL_MMCF,exports by vessel,NPL,Poland,europe,17422,5.01
2023-05-15,2026-09-30,NGM_EPG0_EVE_NUS-NPM_MMCF,exports by vessel,NPM,Panama,americas,3289,5.64
2023-05-15,2026-09-30,NGM_EPG0_EVE_NUS-NPO_MMCF,exports by vessel,NPO,Portugal,europe,10424,5.7
2023-05-15,2026-09-30,NGM_EPG0_EVE_NUS-NRP_MMCF,exports by vessel,NRP,Philippines,other_asia,0,
2023-05-15,2026-09-30,NGM_EPG0_EVE_NUS-NRS_MMCF,exports by vessel,NRS,Russia,europe,0,
2023-05-15,2026-09-30,NGM_EPG0_EVE_NUS-NSG_MMCF,exports by vessel,NSG,Senegal,middle_east_africa,,
2023-05-15,2026-09-30,NGM_EPG0_EVE_NUS-NSN_MMCF,exports by vessel,NSN,Singapore,other_asia,0,
2023-05-15,2026-09-30,NGM_EPG0_EVE_NUS-NSP_MMCF,exports by vessel,NSP,Spain,europe,12266,7.87
2023-05-15,2026-09-30,NGM_EPG0_EVE_NUS-NTC_MMCF,exports by vessel,NTC,United Arab Emirates,middle_east_africa,0,
2023-05-15,2026-09-30,NGM_EPG0_EVE_NUS-NTH_MMCF,exports by vessel,NTH,Thailand,other_asia,0,
2023-05-15,2026-09-30,NGM_EPG0_EVE_NUS-NTU_MMCF,exports by vessel,NTU,Turkiye,europe,0,
2023-05-15,2026-09-30,NGM_EPG0_EVE_NUS-NTW_MMCF,exports by vessel,NTW,Taiwan,jkm_markets,10262,6.52
2023-05-15,2026-09-30,NGM_EPG0_EVE_NUS-NUK_MMCF,exports by vessel,NUK,United Kingdom,europe,25242,5.8
2023-05-15,2026-09-30,NGM_EPG0_EVE_NUS-Z00_MMCF,exports by vessel,Z00,,,366742,7.33
2023-05-15,2026-09-30,NGM_EPG0_EVT_NUS-Z00_MMCF,exports by vessel and truck,Z00,,,366774,7.33
2023-06-15,2026-09-30,N9133US2,LNG total including re-exports,Z00,,,327872,7.37
2023-06-15,2026-09-30,NGM_EPG0_ERE_NUS-NAT_MMCF,re-exports,NAT,Argentina,americas,0,
2023-06-15,2026-09-30,NGM_EPG0_ERE_NUS-NBR_MMCF,re-exports,NBR,Brazil,americas,0,
2023-06-15,2026-09-30,NGM_EPG0_ERE_NUS-NCH_MMCF,re-exports,NCH,China,jkm_markets,0,
2023-06-15,2026-09-30,NGM_EPG0_ERE_NUS-NCI_MMCF,re-exports,NCI,Chile,americas,,
2023-06-15,2026-09-30,NGM_EPG0_ERE_NUS-NEG_MMCF,re-exports,NEG,Egypt,middle_east_africa,0,
2023-06-15,2026-09-30,NGM_EPG0_ERE_NUS-NIN_MMCF,re-exports,NIN,India,other_asia,0,
2023-06-15,2026-09-30,NGM_EPG0_ERE_NUS-NJA_MMCF,re-exports,NJA,Japan,jkm_markets,0,
2023-06-15,2026-09-30,NGM_EPG0_ERE_NUS-NKS_MMCF,re-exports,NKS,South Korea,jkm_markets,0,
2023-06-15,2026-09-30,NGM_EPG0_ERE_NUS-NMX_MMCF,re-exports,NMX,Mexico,americas,0,
2023-06-15,2026-09-30,NGM_EPG0_ERE_NUS-NPO_MMCF,re-exports,NPO,Portugal,europe,,
2023-06-15,2026-09-30,NGM_EPG0_ERE_NUS-NSP_MMCF,re-exports,NSP,Spain,europe,0,
2023-06-15,2026-09-30,NGM_EPG0_ERE_NUS-NTU_MMCF,re-exports,NTU,Turkiye,europe,0,
2023-06-15,2026-09-30,NGM_EPG0_ERE_NUS-NUK_MMCF,re-exports,NUK,United Kingdom,europe,0,
2023-06-15,2026-09-30,NGM_EPG0_ERE_NUS-Z00_MMCF,re-exports,Z00,,,0,
2023-06-15,2026-09-30,NGM_EPG0_ETR_NUS-NCA_MMCF,exports by truck,NCA,Canada,americas,17,13.86
2023-06-15,2026-09-30,NGM_EPG0_ETR_NUS-NMX_MMCF,exports by truck,NMX,Mexico,americas,34,8.83
2023-06-15,2026-09-30,NGM_EPG0_ETR_NUS-Z00_MMCF,exports by truck,Z00,,,51,10.5
2023-06-15,2026-09-30,NGM_EPG0_EVE_NUS-NAC_MMCF,exports by vessel,NAC,Antigua and Barbuda,americas,3,10.8
2023-06-15,2026-09-30,NGM_EPG0_EVE_NUS-NAT_MMCF,exports by vessel,NAT,Argentina,americas,22663,14.09
2023-06-15,2026-09-30,NGM_EPG0_EVE_NUS-NBA_MMCF,exports by vessel,NBA,Bahrain,middle_east_africa,,
2023-06-15,2026-09-30,NGM_EPG0_EVE_NUS-NBB_MMCF,exports by vessel,NBB,Barbados,americas,0,
2023-06-15,2026-09-30,NGM_EPG0_EVE_NUS-NBE_MMCF,exports by vessel,NBE,Belgium,europe,6953,5.2
2023-06-15,2026-09-30,NGM_EPG0_EVE_NUS-NBF_MMCF,exports by vessel,NBF,Bahamas,americas,45,10.39
2023-06-15,2026-09-30,NGM_EPG0_EVE_NUS-NBG_MMCF,exports by vessel,NBG,Bangladesh,other_asia,3624,5.8
2023-06-15,2026-09-30,NGM_EPG0_EVE_NUS-NBR_MMCF,exports by vessel,NBR,Brazil,americas,8628,11.42
2023-06-15,2026-09-30,NGM_EPG0_EVE_NUS-NCA_MMCF,exports by vessel,NCA,Canada,americas,,
2023-06-15,2026-09-30,NGM_EPG0_EVE_NUS-NCH_MMCF,exports by vessel,NCH,China,jkm_markets,20261,16.29
2023-06-15,2026-09-30,NGM_EPG0_EVE_NUS-NCI_MMCF,exports by vessel,NCI,Chile,americas,4011,5.4
2023-06-15,2026-09-30,NGM_EPG0_EVE_NUS-NCO_MMCF,exports by vessel,NCO,Colombia,americas,0,
2023-06-15,2026-09-30,NGM_EPG0_EVE_NUS-NDR_MMCF,exports by vessel,NDR,Dominican Republic,americas,7443,2.89
2023-06-15,2026-09-30,NGM_EPG0_EVE_NUS-NEG_MMCF,exports by vessel,NEG,Egypt,middle_east_africa,0,
2023-06-15,2026-09-30,NGM_EPG0_EVE_NUS-NES_MMCF,exports by vessel,NES,El Salvador,americas,0,
2023-06-15,2026-09-30,NGM_EPG0_EVE_NUS-NFI_MMCF,exports by vessel,NFI,Finland,europe,1622,5.35
2023-06-15,2026-09-30,NGM_EPG0_EVE_NUS-NFR_MMCF,exports by vessel,NFR,France,europe,45569,5.59
2023-06-15,2026-09-30,NGM_EPG0_EVE_NUS-NGM_MMCF,exports by vessel,NGM,Germany,europe,15769,5.8
2023-06-15,2026-09-30,NGM_EPG0_EVE_NUS-NGR_MMCF,exports by vessel,NGR,Greece,europe,2924,5.35
2023-06-15,2026-09-30,NGM_EPG0_EVE_NUS-NHA_MMCF,exports by vessel,NHA,Haiti,americas,6,10.39
2023-06-15,2026-09-30,NGM_EPG0_EVE_NUS-NHR_MMCF,exports by vessel,NHR,Croatia,europe,0,
2023-06-15,2026-09-30,NGM_EPG0_EVE_NUS-NID_MMCF,exports by vessel,NID,Indonesia,other_asia,,
2023-06-15,2026-09-30,NGM_EPG0_EVE_NUS-NIN_MMCF,exports by vessel,NIN,India,other_asia,14488,5.82
2023-06-15,2026-09-30,NGM_EPG0_EVE_NUS-NIS_MMCF,exports by vessel,NIS,Israel,middle_east_africa,0,
2023-06-15,2026-09-30,NGM_EPG0_EVE_NUS-NIT_MMCF,exports by vessel,NIT,Italy,europe,13959,6.24
2023-06-15,2026-09-30,NGM_EPG0_EVE_NUS-NJA_MMCF,exports by vessel,NJA,Japan,jkm_markets,28031,6.7
2023-06-15,2026-09-30,NGM_EPG0_EVE_NUS-NJM_MMCF,exports by vessel,NJM,Jamaica,americas,3,10.14
2023-06-15,2026-09-30,NGM_EPG0_EVE_NUS-NJO_MMCF,exports by vessel,NJO,Jordan,middle_east_africa,0,
2023-06-15,2026-09-30,NGM_EPG0_EVE_NUS-NKS_MMCF,exports by vessel,NKS,South Korea,jkm_markets,17044,5.79
2023-06-15,2026-09-30,NGM_EPG0_EVE_NUS-NKU_MMCF,exports by vessel,NKU,Kuwait,middle_east_africa,10670,5.43
2023-06-15,2026-09-30,NGM_EPG0_EVE_NUS-NLH_MMCF,exports by vessel,NLH,Lithuania,europe,3629,5.31
2023-06-15,2026-09-30,NGM_EPG0_EVE_NUS-NM6_MMCF,exports by vessel,NM6,Malta,europe,0,
2023-06-15,2026-09-30,NGM_EPG0_EVE_NUS-NMR_MMCF,exports by vessel,NMR,Mauritania,middle_east_africa,,
2023-06-15,2026-09-30,NGM_EPG0_EVE_NUS-NMX_MMCF,exports by vessel,NMX,Mexico,americas,0,
2023-06-15,2026-09-30,NGM_EPG0_EVE_NUS-NMY_MMCF,exports by vessel,NMY,Malaysia,other_asia,0,
2023-06-15,2026-09-30,NGM_EPG0_EVE_NUS-NNL_MMCF,exports by vessel,NNL,Netherlands,europe,45866,6.06
2023-06-15,2026-09-30,NGM_EPG0_EVE_NUS-NNU_MMCF,exports by vessel,NNU,Nicaragua,americas,0,
2023-06-15,2026-09-30,NGM_EPG0_EVE_NUS-NPK_MMCF,exports by vessel,NPK,Pakistan,other_asia,0,
2023-06-15,2026-09-30,NGM_EPG0_EVE_NUS-NPL_MMCF,exports by vessel,NPL,Poland,europe,18046,6.01
2023-06-15,2026-09-30,NGM_EPG0_EVE_NUS-NPM_MMCF,exports by vessel,NPM,Panama,americas,0,
2023-06-15,2026-09-30,NGM_EPG0_EVE_NUS-NPO_MMCF,exports by vessel,NPO,Portugal,europe,3194,4.69
2023-06-15,2026-09-30,NGM_EPG0_EVE_NUS-NRP_MMCF,exports by vessel,NRP,Philippines,other_asia,0,
2023-06-15,2026-09-30,NGM_EPG0_EVE_NUS-NRS_MMCF,exports by vessel,NRS,Russia,europe,0,
2023-06-15,2026-09-30,NGM_EPG0_EVE_NUS-NSG_MMCF,exports by vessel,NSG,Senegal,middle_east_africa,,
2023-06-15,2026-09-30,NGM_EPG0_EVE_NUS-NSN_MMCF,exports by vessel,NSN,Singapore,other_asia,10009,5.46
2023-06-15,2026-09-30,NGM_EPG0_EVE_NUS-NSP_MMCF,exports by vessel,NSP,Spain,europe,12274,11.16
2023-06-15,2026-09-30,NGM_EPG0_EVE_NUS-NTC_MMCF,exports by vessel,NTC,United Arab Emirates,middle_east_africa,0,
2023-06-15,2026-09-30,NGM_EPG0_EVE_NUS-NTH_MMCF,exports by vessel,NTH,Thailand,other_asia,4242,4.65
2023-06-15,2026-09-30,NGM_EPG0_EVE_NUS-NTU_MMCF,exports by vessel,NTU,Turkiye,europe,0,
2023-06-15,2026-09-30,NGM_EPG0_EVE_NUS-NTW_MMCF,exports by vessel,NTW,Taiwan,jkm_markets,6848,7.03
2023-06-15,2026-09-30,NGM_EPG0_EVE_NUS-NUK_MMCF,exports by vessel,NUK,United Kingdom,europe,,
2023-06-15,2026-09-30,NGM_EPG0_EVE_NUS-Z00_MMCF,exports by vessel,Z00,,,327821,7.37
2023-06-15,2026-09-30,NGM_EPG0_EVT_NUS-Z00_MMCF,exports by vessel and truck,Z00,,,327872,7.37
2023-07-15,2026-09-30,N9133US2,LNG total including re-exports,Z00,,,349292,6.62
2023-07-15,2026-09-30,NGM_EPG0_ERE_NUS-NAT_MMCF,re-exports,NAT,Argentina,americas,0,
2023-07-15,2026-09-30,NGM_EPG0_ERE_NUS-NBR_MMCF,re-exports,NBR,Brazil,americas,0,
2023-07-15,2026-09-30,NGM_EPG0_ERE_NUS-NCH_MMCF,re-exports,NCH,China,jkm_markets,0,
2023-07-15,2026-09-30,NGM_EPG0_ERE_NUS-NCI_MMCF,re-exports,NCI,Chile,americas,,
2023-07-15,2026-09-30,NGM_EPG0_ERE_NUS-NEG_MMCF,re-exports,NEG,Egypt,middle_east_africa,0,
2023-07-15,2026-09-30,NGM_EPG0_ERE_NUS-NIN_MMCF,re-exports,NIN,India,other_asia,0,
2023-07-15,2026-09-30,NGM_EPG0_ERE_NUS-NJA_MMCF,re-exports,NJA,Japan,jkm_markets,0,
2023-07-15,2026-09-30,NGM_EPG0_ERE_NUS-NKS_MMCF,re-exports,NKS,South Korea,jkm_markets,0,
2023-07-15,2026-09-30,NGM_EPG0_ERE_NUS-NMX_MMCF,re-exports,NMX,Mexico,americas,0,
2023-07-15,2026-09-30,NGM_EPG0_ERE_NUS-NPO_MMCF,re-exports,NPO,Portugal,europe,,
2023-07-15,2026-09-30,NGM_EPG0_ERE_NUS-NSP_MMCF,re-exports,NSP,Spain,europe,0,
2023-07-15,2026-09-30,NGM_EPG0_ERE_NUS-NTU_MMCF,re-exports,NTU,Turkiye,europe,0,
2023-07-15,2026-09-30,NGM_EPG0_ERE_NUS-NUK_MMCF,re-exports,NUK,United Kingdom,europe,0,
2023-07-15,2026-09-30,NGM_EPG0_ERE_NUS-Z00_MMCF,re-exports,Z00,,,0,
2023-07-15,2026-09-30,NGM_EPG0_ETR_NUS-NCA_MMCF,exports by truck,NCA,Canada,americas,8,14.34
2023-07-15,2026-09-30,NGM_EPG0_ETR_NUS-NMX_MMCF,exports by truck,NMX,Mexico,americas,25,9.22
2023-07-15,2026-09-30,NGM_EPG0_ETR_NUS-Z00_MMCF,exports by truck,Z00,,,34,10.49
2023-07-15,2026-09-30,NGM_EPG0_EVE_NUS-NAC_MMCF,exports by vessel,NAC,Antigua and Barbuda,americas,4,10.8
2023-07-15,2026-09-30,NGM_EPG0_EVE_NUS-NAT_MMCF,exports by vessel,NAT,Argentina,americas,11162,5.62
2023-07-15,2026-09-30,NGM_EPG0_EVE_NUS-NBA_MMCF,exports by vessel,NBA,Bahrain,middle_east_africa,,
2023-07-15,2026-09-30,NGM_EPG0_EVE_NUS-NBB_MMCF,exports by vessel,NBB,Barbados,americas,0,
2023-07-15,2026-09-30,NGM_EPG0_EVE_NUS-NBE_MMCF,exports by vessel,NBE,Belgium,europe,0,
2023-07-15,2026-09-30,NGM_EPG0_EVE_NUS-NBF_MMCF,exports by vessel,NBF,Bahamas,americas,47,10.39
2023-07-15,2026-09-30,NGM_EPG0_EVE_NUS-NBG_MMCF,exports by vessel,NBG,Bangladesh,other_asia,0,
2023-07-15,2026-09-30,NGM_EPG0_EVE_NUS-NBR_MMCF,exports by vessel,NBR,Brazil,americas,0,
2023-07-15,2026-09-30,NGM_EPG0_EVE_NUS-NCA_MMCF,exports by vessel,NCA,Canada,americas,,
2023-07-15,2026-09-30,NGM_EPG0_EVE_NUS-NCH_MMCF,exports by vessel,NCH,China,jkm_markets,35337,6.56
2023-07-15,2026-09-30,NGM_EPG0_EVE_NUS-NCI_MMCF,exports by vessel,NCI,Chile,americas,7144,5.95
2023-07-15,2026-09-30,NGM_EPG0_EVE_NUS-NCO_MMCF,exports by vessel,NCO,Colombia,americas,0,
2023-07-15,2026-09-30,NGM_EPG0_EVE_NUS-NDR_MMCF,exports by vessel,NDR,Dominican Republic,americas,6076,6.2
2023-07-15,2026-09-30,NGM_EPG0_EVE_NUS-NEG_MMCF,exports by vessel,NEG,Egypt,middle_east_africa,0,
2023-07-15,2026-09-30,NGM_EPG0_EVE_NUS-NES_MMCF,exports by vessel,NES,El Salvador,americas,1,5.85
2023-07-15,2026-09-30,NGM_EPG0_EVE_NUS-NFI_MMCF,exports by vessel,NFI,Finland,europe,3666,7.08
2023-07-15,2026-09-30,NGM_EPG0_EVE_NUS-NFR_MMCF,exports by vessel,NFR,France,europe,20589,6.38
2023-07-15,2026-09-30,NGM_EPG0_EVE_NUS-NGM_MMCF,exports by vessel,NGM,Germany,europe,17245,10.22
2023-07-15,2026-09-30,NGM_EPG0_EVE_NUS-NGR_MMCF,exports by vessel,NGR,Greece,europe,0,
2023-07-15,2026-09-30,NGM_EPG0_EVE_NUS-NHA_MMCF,exports by vessel,NHA,Haiti,americas,8,10.39
2023-07-15,2026-09-30,NGM_EPG0_EVE_NUS-NHR_MMCF,exports by vessel,NHR,Croatia,europe,10121,5.98
2023-07-15,2026-09-30,NGM_EPG0_EVE_NUS-NID_MMCF,exports by vessel,NID,Indonesia,other_asia,1097,5.95
2023-07-15,2026-09-30,NGM_EPG0_EVE_NUS-NIN_MMCF,exports by vessel,NIN,India,other_asia,20494,6.46
2023-07-15,2026-09-30,NGM_EPG0_EVE_NUS-NIS_MMCF,exports by vessel,NIS,Israel,middle_east_africa,0,
2023-07-15,2026-09-30,NGM_EPG0_EVE_NUS-NIT_MMCF,exports by vessel,NIT,Italy,europe,13923,6.2
2023-07-15,2026-09-30,NGM_EPG0_EVE_NUS-NJA_MMCF,exports by vessel,NJA,Japan,jkm_markets,44016,6.77
2023-07-15,2026-09-30,NGM_EPG0_EVE_NUS-NJM_MMCF,exports by vessel,NJM,Jamaica,americas,1443,5.86
2023-07-15,2026-09-30,NGM_EPG0_EVE_NUS-NJO_MMCF,exports by vessel,NJO,Jordan,middle_east_africa,3282,6.31
2023-07-15,2026-09-30,NGM_EPG0_EVE_NUS-NKS_MMCF,exports by vessel,NKS,South Korea,jkm_markets,16462,6.13
2023-07-15,2026-09-30,NGM_EPG0_EVE_NUS-NKU_MMCF,exports by vessel,NKU,Kuwait,middle_east_africa,7081,7.19
2023-07-15,2026-09-30,NGM_EPG0_EVE_NUS-NLH_MMCF,exports by vessel,NLH,Lithuania,europe,3375,6.31
2023-07-15,2026-09-30,NGM_EPG0_EVE_NUS-NM6_MMCF,exports by vessel,NM6,Malta,europe,0,
2023-07-15,2026-09-30,NGM_EPG0_EVE_NUS-NMR_MMCF,exports by vessel,NMR,Mauritania,middle_east_africa,,
2023-07-15,2026-09-30,NGM_EPG0_EVE_NUS-NMX_MMCF,exports by vessel,NMX,Mexico,americas,1954,5.85
2023-07-15,2026-09-30,NGM_EPG0_EVE_NUS-NMY_MMCF,exports by vessel,NMY,Malaysia,other_asia,0,
2023-07-15,2026-09-30,NGM_EPG0_EVE_NUS-NNL_MMCF,exports by vessel,NNL,Netherlands,europe,53296,6.71
2023-07-15,2026-09-30,NGM_EPG0_EVE_NUS-NNU_MMCF,exports by vessel,NNU,Nicaragua,americas,0,
2023-07-15,2026-09-30,NGM_EPG0_EVE_NUS-NPK_MMCF,exports by vessel,NPK,Pakistan,other_asia,0,
2023-07-15,2026-09-30,NGM_EPG0_EVE_NUS-NPL_MMCF,exports by vessel,NPL,Poland,europe,3635,4.65
2023-07-15,2026-09-30,NGM_EPG0_EVE_NUS-NPM_MMCF,exports by vessel,NPM,Panama,americas,3295,5.85
2023-07-15,2026-09-30,NGM_EPG0_EVE_NUS-NPO_MMCF,exports by vessel,NPO,Portugal,europe,9845,5.95
2023-07-15,2026-09-30,NGM_EPG0_EVE_NUS-NRP_MMCF,exports by vessel,NRP,Philippines,other_asia,0,
2023-07-15,2026-09-30,NGM_EPG0_EVE_NUS-NRS_MMCF,exports by vessel,NRS,Russia,europe,0,
2023-07-15,2026-09-30,NGM_EPG0_EVE_NUS-NSG_MMCF,exports by vessel,NSG,Senegal,middle_east_africa,,
2023-07-15,2026-09-30,NGM_EPG0_EVE_NUS-NSN_MMCF,exports by vessel,NSN,Singapore,other_asia,0,
2023-07-15,2026-09-30,NGM_EPG0_EVE_NUS-NSP_MMCF,exports by vessel,NSP,Spain,europe,34106,6.51
2023-07-15,2026-09-30,NGM_EPG0_EVE_NUS-NTC_MMCF,exports by vessel,NTC,United Arab Emirates,middle_east_africa,0,
2023-07-15,2026-09-30,NGM_EPG0_EVE_NUS-NTH_MMCF,exports by vessel,NTH,Thailand,other_asia,7463,8.05
2023-07-15,2026-09-30,NGM_EPG0_EVE_NUS-NTU_MMCF,exports by vessel,NTU,Turkiye,europe,0,
2023-07-15,2026-09-30,NGM_EPG0_EVE_NUS-NTW_MMCF,exports by vessel,NTW,Taiwan,jkm_markets,13090,5.53
2023-07-15,2026-09-30,NGM_EPG0_EVE_NUS-NUK_MMCF,exports by vessel,NUK,United Kingdom,europe,,
2023-07-15,2026-09-30,NGM_EPG0_EVE_NUS-Z00_MMCF,exports by vessel,Z00,,,349258,6.62
2023-07-15,2026-09-30,NGM_EPG0_EVT_NUS-Z00_MMCF,exports by vessel and truck,Z00,,,349292,6.62
2023-08-15,2026-09-30,N9133US2,LNG total including re-exports,Z00,,,353059,6.45
2023-08-15,2026-09-30,NGM_EPG0_ERE_NUS-NAT_MMCF,re-exports,NAT,Argentina,americas,0,
2023-08-15,2026-09-30,NGM_EPG0_ERE_NUS-NBR_MMCF,re-exports,NBR,Brazil,americas,0,
2023-08-15,2026-09-30,NGM_EPG0_ERE_NUS-NCH_MMCF,re-exports,NCH,China,jkm_markets,0,
2023-08-15,2026-09-30,NGM_EPG0_ERE_NUS-NCI_MMCF,re-exports,NCI,Chile,americas,,
2023-08-15,2026-09-30,NGM_EPG0_ERE_NUS-NEG_MMCF,re-exports,NEG,Egypt,middle_east_africa,0,
2023-08-15,2026-09-30,NGM_EPG0_ERE_NUS-NIN_MMCF,re-exports,NIN,India,other_asia,0,
2023-08-15,2026-09-30,NGM_EPG0_ERE_NUS-NJA_MMCF,re-exports,NJA,Japan,jkm_markets,0,
2023-08-15,2026-09-30,NGM_EPG0_ERE_NUS-NKS_MMCF,re-exports,NKS,South Korea,jkm_markets,0,
2023-08-15,2026-09-30,NGM_EPG0_ERE_NUS-NMX_MMCF,re-exports,NMX,Mexico,americas,0,
2023-08-15,2026-09-30,NGM_EPG0_ERE_NUS-NPO_MMCF,re-exports,NPO,Portugal,europe,,
2023-08-15,2026-09-30,NGM_EPG0_ERE_NUS-NSP_MMCF,re-exports,NSP,Spain,europe,0,
2023-08-15,2026-09-30,NGM_EPG0_ERE_NUS-NTU_MMCF,re-exports,NTU,Turkiye,europe,0,
2023-08-15,2026-09-30,NGM_EPG0_ERE_NUS-NUK_MMCF,re-exports,NUK,United Kingdom,europe,0,
2023-08-15,2026-09-30,NGM_EPG0_ERE_NUS-Z00_MMCF,re-exports,Z00,,,0,
2023-08-15,2026-09-30,NGM_EPG0_ETR_NUS-NCA_MMCF,exports by truck,NCA,Canada,americas,8,14.32
2023-08-15,2026-09-30,NGM_EPG0_ETR_NUS-NMX_MMCF,exports by truck,NMX,Mexico,americas,19,6.72
2023-08-15,2026-09-30,NGM_EPG0_ETR_NUS-Z00_MMCF,exports by truck,Z00,,,28,9.03
2023-08-15,2026-09-30,NGM_EPG0_EVE_NUS-NAC_MMCF,exports by vessel,NAC,Antigua and Barbuda,americas,5,10.8
2023-08-15,2026-09-30,NGM_EPG0_EVE_NUS-NAT_MMCF,exports by vessel,NAT,Argentina,americas,0,
2023-08-15,2026-09-30,NGM_EPG0_EVE_NUS-NBA_MMCF,exports by vessel,NBA,Bahrain,middle_east_africa,,
2023-08-15,2026-09-30,NGM_EPG0_EVE_NUS-NBB_MMCF,exports by vessel,NBB,Barbados,americas,0,
2023-08-15,2026-09-30,NGM_EPG0_EVE_NUS-NBE_MMCF,exports by vessel,NBE,Belgium,europe,3363,2.98
2023-08-15,2026-09-30,NGM_EPG0_EVE_NUS-NBF_MMCF,exports by vessel,NBF,Bahamas,americas,47,10.39
2023-08-15,2026-09-30,NGM_EPG0_EVE_NUS-NBG_MMCF,exports by vessel,NBG,Bangladesh,other_asia,7095,5.89
2023-08-15,2026-09-30,NGM_EPG0_EVE_NUS-NBR_MMCF,exports by vessel,NBR,Brazil,americas,3287,6.17
2023-08-15,2026-09-30,NGM_EPG0_EVE_NUS-NCA_MMCF,exports by vessel,NCA,Canada,americas,,
2023-08-15,2026-09-30,NGM_EPG0_EVE_NUS-NCH_MMCF,exports by vessel,NCH,China,jkm_markets,14252,5.57
2023-08-15,2026-09-30,NGM_EPG0_EVE_NUS-NCI_MMCF,exports by vessel,NCI,Chile,americas,3065,6.1
2023-08-15,2026-09-30,NGM_EPG0_EVE_NUS-NCO_MMCF,exports by vessel,NCO,Colombia,americas,3149,8
2023-08-15,2026-09-30,NGM_EPG0_EVE_NUS-NDR_MMCF,exports by vessel,NDR,Dominican Republic,americas,10055,6.84
2023-08-15,2026-09-30,NGM_EPG0_EVE_NUS-NEG_MMCF,exports by vessel,NEG,Egypt,middle_east_africa,0,
2023-08-15,2026-09-30,NGM_EPG0_EVE_NUS-NES_MMCF,exports by vessel,NES,El Salvador,americas,0,
2023-08-15,2026-09-30,NGM_EPG0_EVE_NUS-NFI_MMCF,exports by vessel,NFI,Finland,europe,6630,6.03
2023-08-15,2026-09-30,NGM_EPG0_EVE_NUS-NFR_MMCF,exports by vessel,NFR,France,europe,34332,6.04
2023-08-15,2026-09-30,NGM_EPG0_EVE_NUS-NGM_MMCF,exports by vessel,NGM,Germany,europe,20709,7.21
2023-08-15,2026-09-30,NGM_EPG0_EVE_NUS-NGR_MMCF,exports by vessel,NGR,Greece,europe,4700,6.06
2023-08-15,2026-09-30,NGM_EPG0_EVE_NUS-NHA_MMCF,exports by vessel,NHA,Haiti,americas,9,10.39
2023-08-15,2026-09-30,NGM_EPG0_EVE_NUS-NHR_MMCF,exports by vessel,NHR,Croatia,europe,3023,6.71
2023-08-15,2026-09-30,NGM_EPG0_EVE_NUS-NID_MMCF,exports by vessel,NID,Indonesia,other_asia,766,5.53
2023-08-15,2026-09-30,NGM_EPG0_EVE_NUS-NIN_MMCF,exports by vessel,NIN,India,other_asia,13713,6.43
2023-08-15,2026-09-30,NGM_EPG0_EVE_NUS-NIS_MMCF,exports by vessel,NIS,Israel,middle_east_africa,0,
2023-08-15,2026-09-30,NGM_EPG0_EVE_NUS-NIT_MMCF,exports by vessel,NIT,Italy,europe,21519,7.28
2023-08-15,2026-09-30,NGM_EPG0_EVE_NUS-NJA_MMCF,exports by vessel,NJA,Japan,jkm_markets,31302,6.95
2023-08-15,2026-09-30,NGM_EPG0_EVE_NUS-NJM_MMCF,exports by vessel,NJM,Jamaica,americas,3,10.52
2023-08-15,2026-09-30,NGM_EPG0_EVE_NUS-NJO_MMCF,exports by vessel,NJO,Jordan,middle_east_africa,0,
2023-08-15,2026-09-30,NGM_EPG0_EVE_NUS-NKS_MMCF,exports by vessel,NKS,South Korea,jkm_markets,34932,6.14
2023-08-15,2026-09-30,NGM_EPG0_EVE_NUS-NKU_MMCF,exports by vessel,NKU,Kuwait,middle_east_africa,3289,5.92
2023-08-15,2026-09-30,NGM_EPG0_EVE_NUS-NLH_MMCF,exports by vessel,NLH,Lithuania,europe,7005,5.77
2023-08-15,2026-09-30,NGM_EPG0_EVE_NUS-NM6_MMCF,exports by vessel,NM6,Malta,europe,0,
2023-08-15,2026-09-30,NGM_EPG0_EVE_NUS-NMR_MMCF,exports by vessel,NMR,Mauritania,middle_east_africa,,
2023-08-15,2026-09-30,NGM_EPG0_EVE_NUS-NMX_MMCF,exports by vessel,NMX,Mexico,americas,0,
2023-08-15,2026-09-30,NGM_EPG0_EVE_NUS-NMY_MMCF,exports by vessel,NMY,Malaysia,other_asia,0,
2023-08-15,2026-09-30,NGM_EPG0_EVE_NUS-NNL_MMCF,exports by vessel,NNL,Netherlands,europe,53596,6.75
2023-08-15,2026-09-30,NGM_EPG0_EVE_NUS-NNU_MMCF,exports by vessel,NNU,Nicaragua,americas,0,
2023-08-15,2026-09-30,NGM_EPG0_EVE_NUS-NPK_MMCF,exports by vessel,NPK,Pakistan,other_asia,0,
2023-08-15,2026-09-30,NGM_EPG0_EVE_NUS-NPL_MMCF,exports by vessel,NPL,Poland,europe,10550,7.38
2023-08-15,2026-09-30,NGM_EPG0_EVE_NUS-NPM_MMCF,exports by vessel,NPM,Panama,americas,0,
2023-08-15,2026-09-30,NGM_EPG0_EVE_NUS-NPO_MMCF,exports by vessel,NPO,Portugal,europe,6660,5.36
2023-08-15,2026-09-30,NGM_EPG0_EVE_NUS-NRP_MMCF,exports by vessel,NRP,Philippines,other_asia,0,
2023-08-15,2026-09-30,NGM_EPG0_EVE_NUS-NRS_MMCF,exports by vessel,NRS,Russia,europe,0,
2023-08-15,2026-09-30,NGM_EPG0_EVE_NUS-NSG_MMCF,exports by vessel,NSG,Senegal,middle_east_africa,,
2023-08-15,2026-09-30,NGM_EPG0_EVE_NUS-NSN_MMCF,exports by vessel,NSN,Singapore,other_asia,3384,6.17
2023-08-15,2026-09-30,NGM_EPG0_EVE_NUS-NSP_MMCF,exports by vessel,NSP,Spain,europe,20023,7.15
2023-08-15,2026-09-30,NGM_EPG0_EVE_NUS-NTC_MMCF,exports by vessel,NTC,United Arab Emirates,middle_east_africa,0,
2023-08-15,2026-09-30,NGM_EPG0_EVE_NUS-NTH_MMCF,exports by vessel,NTH,Thailand,other_asia,14793,5.05
2023-08-15,2026-09-30,NGM_EPG0_EVE_NUS-NTU_MMCF,exports by vessel,NTU,Turkiye,europe,0,
2023-08-15,2026-09-30,NGM_EPG0_EVE_NUS-NTW_MMCF,exports by vessel,NTW,Taiwan,jkm_markets,14117,6.41
2023-08-15,2026-09-30,NGM_EPG0_EVE_NUS-NUK_MMCF,exports by vessel,NUK,United Kingdom,europe,3655,6.19
2023-08-15,2026-09-30,NGM_EPG0_EVE_NUS-Z00_MMCF,exports by vessel,Z00,,,353031,6.45
2023-08-15,2026-09-30,NGM_EPG0_EVT_NUS-Z00_MMCF,exports by vessel and truck,Z00,,,353059,6.45
2023-09-15,2026-09-30,N9133US2,LNG total including re-exports,Z00,,,346604,6.57
2023-09-15,2026-09-30,NGM_EPG0_ERE_NUS-NAT_MMCF,re-exports,NAT,Argentina,americas,0,
2023-09-15,2026-09-30,NGM_EPG0_ERE_NUS-NBR_MMCF,re-exports,NBR,Brazil,americas,0,
2023-09-15,2026-09-30,NGM_EPG0_ERE_NUS-NCH_MMCF,re-exports,NCH,China,jkm_markets,0,
2023-09-15,2026-09-30,NGM_EPG0_ERE_NUS-NCI_MMCF,re-exports,NCI,Chile,americas,,
2023-09-15,2026-09-30,NGM_EPG0_ERE_NUS-NEG_MMCF,re-exports,NEG,Egypt,middle_east_africa,0,
2023-09-15,2026-09-30,NGM_EPG0_ERE_NUS-NIN_MMCF,re-exports,NIN,India,other_asia,0,
2023-09-15,2026-09-30,NGM_EPG0_ERE_NUS-NJA_MMCF,re-exports,NJA,Japan,jkm_markets,0,
2023-09-15,2026-09-30,NGM_EPG0_ERE_NUS-NKS_MMCF,re-exports,NKS,South Korea,jkm_markets,0,
2023-09-15,2026-09-30,NGM_EPG0_ERE_NUS-NMX_MMCF,re-exports,NMX,Mexico,americas,0,
2023-09-15,2026-09-30,NGM_EPG0_ERE_NUS-NPO_MMCF,re-exports,NPO,Portugal,europe,,
2023-09-15,2026-09-30,NGM_EPG0_ERE_NUS-NSP_MMCF,re-exports,NSP,Spain,europe,0,
2023-09-15,2026-09-30,NGM_EPG0_ERE_NUS-NTU_MMCF,re-exports,NTU,Turkiye,europe,0,
2023-09-15,2026-09-30,NGM_EPG0_ERE_NUS-NUK_MMCF,re-exports,NUK,United Kingdom,europe,0,
2023-09-15,2026-09-30,NGM_EPG0_ERE_NUS-Z00_MMCF,re-exports,Z00,,,0,
2023-09-15,2026-09-30,NGM_EPG0_ETR_NUS-NCA_MMCF,exports by truck,NCA,Canada,americas,16,14.36
2023-09-15,2026-09-30,NGM_EPG0_ETR_NUS-NMX_MMCF,exports by truck,NMX,Mexico,americas,35,8.31
2023-09-15,2026-09-30,NGM_EPG0_ETR_NUS-Z00_MMCF,exports by truck,Z00,,,51,10.22
2023-09-15,2026-09-30,NGM_EPG0_EVE_NUS-NAC_MMCF,exports by vessel,NAC,Antigua and Barbuda,americas,7,10.8
2023-09-15,2026-09-30,NGM_EPG0_EVE_NUS-NAT_MMCF,exports by vessel,NAT,Argentina,americas,0,
2023-09-15,2026-09-30,NGM_EPG0_EVE_NUS-NBA_MMCF,exports by vessel,NBA,Bahrain,middle_east_africa,,
2023-09-15,2026-09-30,NGM_EPG0_EVE_NUS-NBB_MMCF,exports by vessel,NBB,Barbados,americas,0,
2023-09-15,2026-09-30,NGM_EPG0_EVE_NUS-NBE_MMCF,exports by vessel,NBE,Belgium,europe,13697,5.53
2023-09-15,2026-09-30,NGM_EPG0_EVE_NUS-NBF_MMCF,exports by vessel,NBF,Bahamas,americas,51,10.39
2023-09-15,2026-09-30,NGM_EPG0_EVE_NUS-NBG_MMCF,exports by vessel,NBG,Bangladesh,other_asia,0,
2023-09-15,2026-09-30,NGM_EPG0_EVE_NUS-NBR_MMCF,exports by vessel,NBR,Brazil,americas,6561,6.19
2023-09-15,2026-09-30,NGM_EPG0_EVE_NUS-NCA_MMCF,exports by vessel,NCA,Canada,americas,,
2023-09-15,2026-09-30,NGM_EPG0_EVE_NUS-NCH_MMCF,exports by vessel,NCH,China,jkm_markets,10222,5.84
2023-09-15,2026-09-30,NGM_EPG0_EVE_NUS-NCI_MMCF,exports by vessel,NCI,Chile,americas,0,
2023-09-15,2026-09-30,NGM_EPG0_EVE_NUS-NCO_MMCF,exports by vessel,NCO,Colombia,americas,10322,7.72
2023-09-15,2026-09-30,NGM_EPG0_EVE_NUS-NDR_MMCF,exports by vessel,NDR,Dominican Republic,americas,6734,6.29
2023-09-15,2026-09-30,NGM_EPG0_EVE_NUS-NEG_MMCF,exports by vessel,NEG,Egypt,middle_east_africa,0,
2023-09-15,2026-09-30,NGM_EPG0_EVE_NUS-NES_MMCF,exports by vessel,NES,El Salvador,americas,0,
2023-09-15,2026-09-30,NGM_EPG0_EVE_NUS-NFI_MMCF,exports by vessel,NFI,Finland,europe,7057,7.62
2023-09-15,2026-09-30,NGM_EPG0_EVE_NUS-NFR_MMCF,exports by vessel,NFR,France,europe,32016,6.6
2023-09-15,2026-09-30,NGM_EPG0_EVE_NUS-NGM_MMCF,exports by vessel,NGM,Germany,europe,17228,8.47
2023-09-15,2026-09-30,NGM_EPG0_EVE_NUS-NGR_MMCF,exports by vessel,NGR,Greece,europe,1968,5.31
2023-09-15,2026-09-30,NGM_EPG0_EVE_NUS-NHA_MMCF,exports by vessel,NHA,Haiti,americas,10,10.39
2023-09-15,2026-09-30,NGM_EPG0_EVE_NUS-NHR_MMCF,exports by vessel,NHR,Croatia,europe,10542,5.71
2023-09-15,2026-09-30,NGM_EPG0_EVE_NUS-NID_MMCF,exports by vessel,NID,Indonesia,other_asia,489,11.16
2023-09-15,2026-09-30,NGM_EPG0_EVE_NUS-NIN_MMCF,exports by vessel,NIN,India,other_asia,24452,6.26
2023-09-15,2026-09-30,NGM_EPG0_EVE_NUS-NIS_MMCF,exports by vessel,NIS,Israel,middle_east_africa,0,
2023-09-15,2026-09-30,NGM_EPG0_EVE_NUS-NIT_MMCF,exports by vessel,NIT,Italy,europe,22094,6.51
2023-09-15,2026-09-30,NGM_EPG0_EVE_NUS-NJA_MMCF,exports by vessel,NJA,Japan,jkm_markets,33375,6.89
2023-09-15,2026-09-30,NGM_EPG0_EVE_NUS-NJM_MMCF,exports by vessel,NJM,Jamaica,americas,4038,5.27
2023-09-15,2026-09-30,NGM_EPG0_EVE_NUS-NJO_MMCF,exports by vessel,NJO,Jordan,middle_east_africa,0,
2023-09-15,2026-09-30,NGM_EPG0_EVE_NUS-NKS_MMCF,exports by vessel,NKS,South Korea,jkm_markets,24112,6.61
2023-09-15,2026-09-30,NGM_EPG0_EVE_NUS-NKU_MMCF,exports by vessel,NKU,Kuwait,middle_east_africa,6636,6.2
2023-09-15,2026-09-30,NGM_EPG0_EVE_NUS-NLH_MMCF,exports by vessel,NLH,Lithuania,europe,10666,6.07
2023-09-15,2026-09-30,NGM_EPG0_EVE_NUS-NM6_MMCF,exports by vessel,NM6,Malta,europe,0,
2023-09-15,2026-09-30,NGM_EPG0_EVE_NUS-NMR_MMCF,exports by vessel,NMR,Mauritania,middle_east_africa,,
2023-09-15,2026-09-30,NGM_EPG0_EVE_NUS-NMX_MMCF,exports by vessel,NMX,Mexico,americas,0,
2023-09-15,2026-09-30,NGM_EPG0_EVE_NUS-NMY_MMCF,exports by vessel,NMY,Malaysia,other_asia,0,
2023-09-15,2026-09-30,NGM_EPG0_EVE_NUS-NNL_MMCF,exports by vessel,NNL,Netherlands,europe,39745,6.81
2023-09-15,2026-09-30,NGM_EPG0_EVE_NUS-NNU_MMCF,exports by vessel,NNU,Nicaragua,americas,0,
2023-09-15,2026-09-30,NGM_EPG0_EVE_NUS-NPK_MMCF,exports by vessel,NPK,Pakistan,other_asia,0,
2023-09-15,2026-09-30,NGM_EPG0_EVE_NUS-NPL_MMCF,exports by vessel,NPL,Poland,europe,14121,5.66
2023-09-15,2026-09-30,NGM_EPG0_EVE_NUS-NPM_MMCF,exports by vessel,NPM,Panama,americas,3196,6.78
2023-09-15,2026-09-30,NGM_EPG0_EVE_NUS-NPO_MMCF,exports by vessel,NPO,Portugal,europe,6135,5.43
2023-09-15,2026-09-30,NGM_EPG0_EVE_NUS-NRP_MMCF,exports by vessel,NRP,Philippines,other_asia,0,
2023-09-15,2026-09-30,NGM_EPG0_EVE_NUS-NRS_MMCF,exports by vessel,NRS,Russia,europe,0,
2023-09-15,2026-09-30,NGM_EPG0_EVE_NUS-NSG_MMCF,exports by vessel,NSG,Senegal,middle_east_africa,,
2023-09-15,2026-09-30,NGM_EPG0_EVE_NUS-NSN_MMCF,exports by vessel,NSN,Singapore,other_asia,6649,8.86
2023-09-15,2026-09-30,NGM_EPG0_EVE_NUS-NSP_MMCF,exports by vessel,NSP,Spain,europe,10234,6.12
2023-09-15,2026-09-30,NGM_EPG0_EVE_NUS-NTC_MMCF,exports by vessel,NTC,United Arab Emirates,middle_east_africa,0,
2023-09-15,2026-09-30,NGM_EPG0_EVE_NUS-NTH_MMCF,exports by vessel,NTH,Thailand,other_asia,0,
2023-09-15,2026-09-30,NGM_EPG0_EVE_NUS-NTU_MMCF,exports by vessel,NTU,Turkiye,europe,3531,6.27
2023-09-15,2026-09-30,NGM_EPG0_EVE_NUS-NTW_MMCF,exports by vessel,NTW,Taiwan,jkm_markets,13201,5.54
2023-09-15,2026-09-30,NGM_EPG0_EVE_NUS-NUK_MMCF,exports by vessel,NUK,United Kingdom,europe,7464,7.14
2023-09-15,2026-09-30,NGM_EPG0_EVE_NUS-Z00_MMCF,exports by vessel,Z00,,,346553,6.57
2023-09-15,2026-09-30,NGM_EPG0_EVT_NUS-Z00_MMCF,exports by vessel and truck,Z00,,,346604,6.57
2023-10-15,2026-09-30,N9133US2,LNG total including re-exports,Z00,,,384403,7.08
2023-10-15,2026-09-30,NGM_EPG0_ERE_NUS-NAT_MMCF,re-exports,NAT,Argentina,americas,0,
2023-10-15,2026-09-30,NGM_EPG0_ERE_NUS-NBR_MMCF,re-exports,NBR,Brazil,americas,0,
2023-10-15,2026-09-30,NGM_EPG0_ERE_NUS-NCH_MMCF,re-exports,NCH,China,jkm_markets,0,
2023-10-15,2026-09-30,NGM_EPG0_ERE_NUS-NCI_MMCF,re-exports,NCI,Chile,americas,,
2023-10-15,2026-09-30,NGM_EPG0_ERE_NUS-NEG_MMCF,re-exports,NEG,Egypt,middle_east_africa,0,
2023-10-15,2026-09-30,NGM_EPG0_ERE_NUS-NIN_MMCF,re-exports,NIN,India,other_asia,0,
2023-10-15,2026-09-30,NGM_EPG0_ERE_NUS-NJA_MMCF,re-exports,NJA,Japan,jkm_markets,0,
2023-10-15,2026-09-30,NGM_EPG0_ERE_NUS-NKS_MMCF,re-exports,NKS,South Korea,jkm_markets,0,
2023-10-15,2026-09-30,NGM_EPG0_ERE_NUS-NMX_MMCF,re-exports,NMX,Mexico,americas,0,
2023-10-15,2026-09-30,NGM_EPG0_ERE_NUS-NPO_MMCF,re-exports,NPO,Portugal,europe,,
2023-10-15,2026-09-30,NGM_EPG0_ERE_NUS-NSP_MMCF,re-exports,NSP,Spain,europe,0,
2023-10-15,2026-09-30,NGM_EPG0_ERE_NUS-NTU_MMCF,re-exports,NTU,Turkiye,europe,0,
2023-10-15,2026-09-30,NGM_EPG0_ERE_NUS-NUK_MMCF,re-exports,NUK,United Kingdom,europe,0,
2023-10-15,2026-09-30,NGM_EPG0_ERE_NUS-Z00_MMCF,re-exports,Z00,,,0,
2023-10-15,2026-09-30,NGM_EPG0_ETR_NUS-NCA_MMCF,exports by truck,NCA,Canada,americas,0,
2023-10-15,2026-09-30,NGM_EPG0_ETR_NUS-NMX_MMCF,exports by truck,NMX,Mexico,americas,27,7.19
2023-10-15,2026-09-30,NGM_EPG0_ETR_NUS-Z00_MMCF,exports by truck,Z00,,,27,7.19
2023-10-15,2026-09-30,NGM_EPG0_EVE_NUS-NAC_MMCF,exports by vessel,NAC,Antigua and Barbuda,americas,7,10.8
2023-10-15,2026-09-30,NGM_EPG0_EVE_NUS-NAT_MMCF,exports by vessel,NAT,Argentina,americas,0,
2023-10-15,2026-09-30,NGM_EPG0_EVE_NUS-NBA_MMCF,exports by vessel,NBA,Bahrain,middle_east_africa,,
2023-10-15,2026-09-30,NGM_EPG0_EVE_NUS-NBB_MMCF,exports by vessel,NBB,Barbados,americas,0,
2023-10-15,2026-09-30,NGM_EPG0_EVE_NUS-NBE_MMCF,exports by vessel,NBE,Belgium,europe,20775,6.25
2023-10-15,2026-09-30,NGM_EPG0_EVE_NUS-NBF_MMCF,exports by vessel,NBF,Bahamas,americas,34,10.39
2023-10-15,2026-09-30,NGM_EPG0_EVE_NUS-NBG_MMCF,exports by vessel,NBG,Bangladesh,other_asia,0,
2023-10-15,2026-09-30,NGM_EPG0_EVE_NUS-NBR_MMCF,exports by vessel,NBR,Brazil,americas,3720,12.34
2023-10-15,2026-09-30,NGM_EPG0_EVE_NUS-NCA_MMCF,exports by vessel,NCA,Canada,americas,,
2023-10-15,2026-09-30,NGM_EPG0_EVE_NUS-NCH_MMCF,exports by vessel,NCH,China,jkm_markets,18013,5.84
2023-10-15,2026-09-30,NGM_EPG0_EVE_NUS-NCI_MMCF,exports by vessel,NCI,Chile,americas,0,
2023-10-15,2026-09-30,NGM_EPG0_EVE_NUS-NCO_MMCF,exports by vessel,NCO,Colombia,americas,6689,5.45
2023-10-15,2026-09-30,NGM_EPG0_EVE_NUS-NDR_MMCF,exports by vessel,NDR,Dominican Republic,americas,8826,8.01
2023-10-15,2026-09-30,NGM_EPG0_EVE_NUS-NEG_MMCF,exports by vessel,NEG,Egypt,middle_east_africa,0,
2023-10-15,2026-09-30,NGM_EPG0_EVE_NUS-NES_MMCF,exports by vessel,NES,El Salvador,americas,0,
2023-10-15,2026-09-30,NGM_EPG0_EVE_NUS-NFI_MMCF,exports by vessel,NFI,Finland,europe,0,
2023-10-15,2026-09-30,NGM_EPG0_EVE_NUS-NFR_MMCF,exports by vessel,NFR,France,europe,54072,6.99
2023-10-15,2026-09-30,NGM_EPG0_EVE_NUS-NGM_MMCF,exports by vessel,NGM,Germany,europe,17901,8.32
2023-10-15,2026-09-30,NGM_EPG0_EVE_NUS-NGR_MMCF,exports by vessel,NGR,Greece,europe,0,
2023-10-15,2026-09-30,NGM_EPG0_EVE_NUS-NHA_MMCF,exports by vessel,NHA,Haiti,americas,8,10.39
2023-10-15,2026-09-30,NGM_EPG0_EVE_NUS-NHR_MMCF,exports by vessel,NHR,Croatia,europe,0,
2023-10-15,2026-09-30,NGM_EPG0_EVE_NUS-NID_MMCF,exports by vessel,NID,Indonesia,other_asia,,
2023-10-15,2026-09-30,NGM_EPG0_EVE_NUS-NIN_MMCF,exports by vessel,NIN,India,other_asia,13698,5.97
2023-10-15,2026-09-30,NGM_EPG0_EVE_NUS-NIS_MMCF,exports by vessel,NIS,Israel,middle_east_africa,0,
2023-10-15,2026-09-30,NGM_EPG0_EVE_NUS-NIT_MMCF,exports by vessel,NIT,Italy,europe,6850,8.48
2023-10-15,2026-09-30,NGM_EPG0_EVE_NUS-NJA_MMCF,exports by vessel,NJA,Japan,jkm_markets,24357,6.59
2023-10-15,2026-09-30,NGM_EPG0_EVE_NUS-NJM_MMCF,exports by vessel,NJM,Jamaica,americas,1831,12.56
2023-10-15,2026-09-30,NGM_EPG0_EVE_NUS-NJO_MMCF,exports by vessel,NJO,Jordan,middle_east_africa,0,
2023-10-15,2026-09-30,NGM_EPG0_EVE_NUS-NKS_MMCF,exports by vessel,NKS,South Korea,jkm_markets,28224,7.41
2023-10-15,2026-09-30,NGM_EPG0_EVE_NUS-NKU_MMCF,exports by vessel,NKU,Kuwait,middle_east_africa,0,
2023-10-15,2026-09-30,NGM_EPG0_EVE_NUS-NLH_MMCF,exports by vessel,NLH,Lithuania,europe,6476,9.27
2023-10-15,2026-09-30,NGM_EPG0_EVE_NUS-NM6_MMCF,exports by vessel,NM6,Malta,europe,0,
2023-10-15,2026-09-30,NGM_EPG0_EVE_NUS-NMR_MMCF,exports by vessel,NMR,Mauritania,middle_east_africa,,
2023-10-15,2026-09-30,NGM_EPG0_EVE_NUS-NMX_MMCF,exports by vessel,NMX,Mexico,americas,1776,12.56
2023-10-15,2026-09-30,NGM_EPG0_EVE_NUS-NMY_MMCF,exports by vessel,NMY,Malaysia,other_asia,0,
2023-10-15,2026-09-30,NGM_EPG0_EVE_NUS-NNL_MMCF,exports by vessel,NNL,Netherlands,europe,49701,6.98
2023-10-15,2026-09-30,NGM_EPG0_EVE_NUS-NNU_MMCF,exports by vessel,NNU,Nicaragua,americas,0,
2023-10-15,2026-09-30,NGM_EPG0_EVE_NUS-NPK_MMCF,exports by vessel,NPK,Pakistan,other_asia,0,
2023-10-15,2026-09-30,NGM_EPG0_EVE_NUS-NPL_MMCF,exports by vessel,NPL,Poland,europe,14213,7.34
2023-10-15,2026-09-30,NGM_EPG0_EVE_NUS-NPM_MMCF,exports by vessel,NPM,Panama,americas,0,
2023-10-15,2026-09-30,NGM_EPG0_EVE_NUS-NPO_MMCF,exports by vessel,NPO,Portugal,europe,7125,5.68
2023-10-15,2026-09-30,NGM_EPG0_EVE_NUS-NRP_MMCF,exports by vessel,NRP,Philippines,other_asia,3378,9.61
2023-10-15,2026-09-30,NGM_EPG0_EVE_NUS-NRS_MMCF,exports by vessel,NRS,Russia,europe,0,
2023-10-15,2026-09-30,NGM_EPG0_EVE_NUS-NSG_MMCF,exports by vessel,NSG,Senegal,middle_east_africa,,
2023-10-15,2026-09-30,NGM_EPG0_EVE_NUS-NSN_MMCF,exports by vessel,NSN,Singapore,other_asia,3279,6.49
2023-10-15,2026-09-30,NGM_EPG0_EVE_NUS-NSP_MMCF,exports by vessel,NSP,Spain,europe,49792,7
2023-10-15,2026-09-30,NGM_EPG0_EVE_NUS-NTC_MMCF,exports by vessel,NTC,United Arab Emirates,middle_east_africa,0,
2023-10-15,2026-09-30,NGM_EPG0_EVE_NUS-NTH_MMCF,exports by vessel,NTH,Thailand,other_asia,7538,6.65
2023-10-15,2026-09-30,NGM_EPG0_EVE_NUS-NTU_MMCF,exports by vessel,NTU,Turkiye,europe,4507,6.52
2023-10-15,2026-09-30,NGM_EPG0_EVE_NUS-NTW_MMCF,exports by vessel,NTW,Taiwan,jkm_markets,6686,10.04
2023-10-15,2026-09-30,NGM_EPG0_EVE_NUS-NUK_MMCF,exports by vessel,NUK,United Kingdom,europe,24900,6.05
2023-10-15,2026-09-30,NGM_EPG0_EVE_NUS-Z00_MMCF,exports by vessel,Z00,,,384376,7.08
2023-10-15,2026-09-30,NGM_EPG0_EVT_NUS-Z00_MMCF,exports by vessel and truck,Z00,,,384403,7.08
2023-11-15,2026-09-30,N9133US2,LNG total including re-exports,Z00,,,386262,7.51
2023-11-15,2026-09-30,NGM_EPG0_ERE_NUS-NAT_MMCF,re-exports,NAT,Argentina,americas,0,
2023-11-15,2026-09-30,NGM_EPG0_ERE_NUS-NBR_MMCF,re-exports,NBR,Brazil,americas,0,
2023-11-15,2026-09-30,NGM_EPG0_ERE_NUS-NCH_MMCF,re-exports,NCH,China,jkm_markets,0,
2023-11-15,2026-09-30,NGM_EPG0_ERE_NUS-NCI_MMCF,re-exports,NCI,Chile,americas,,
2023-11-15,2026-09-30,NGM_EPG0_ERE_NUS-NEG_MMCF,re-exports,NEG,Egypt,middle_east_africa,0,
2023-11-15,2026-09-30,NGM_EPG0_ERE_NUS-NIN_MMCF,re-exports,NIN,India,other_asia,0,
2023-11-15,2026-09-30,NGM_EPG0_ERE_NUS-NJA_MMCF,re-exports,NJA,Japan,jkm_markets,0,
2023-11-15,2026-09-30,NGM_EPG0_ERE_NUS-NKS_MMCF,re-exports,NKS,South Korea,jkm_markets,0,
2023-11-15,2026-09-30,NGM_EPG0_ERE_NUS-NMX_MMCF,re-exports,NMX,Mexico,americas,0,
2023-11-15,2026-09-30,NGM_EPG0_ERE_NUS-NPO_MMCF,re-exports,NPO,Portugal,europe,,
2023-11-15,2026-09-30,NGM_EPG0_ERE_NUS-NSP_MMCF,re-exports,NSP,Spain,europe,0,
2023-11-15,2026-09-30,NGM_EPG0_ERE_NUS-NTU_MMCF,re-exports,NTU,Turkiye,europe,0,
2023-11-15,2026-09-30,NGM_EPG0_ERE_NUS-NUK_MMCF,re-exports,NUK,United Kingdom,europe,0,
2023-11-15,2026-09-30,NGM_EPG0_ERE_NUS-Z00_MMCF,re-exports,Z00,,,0,
2023-11-15,2026-09-30,NGM_EPG0_ETR_NUS-NCA_MMCF,exports by truck,NCA,Canada,americas,7,16.31
2023-11-15,2026-09-30,NGM_EPG0_ETR_NUS-NMX_MMCF,exports by truck,NMX,Mexico,americas,26,7.33
2023-11-15,2026-09-30,NGM_EPG0_ETR_NUS-Z00_MMCF,exports by truck,Z00,,,33,9.35
2023-11-15,2026-09-30,NGM_EPG0_EVE_NUS-NAC_MMCF,exports by vessel,NAC,Antigua and Barbuda,americas,4,10.8
2023-11-15,2026-09-30,NGM_EPG0_EVE_NUS-NAT_MMCF,exports by vessel,NAT,Argentina,americas,0,
2023-11-15,2026-09-30,NGM_EPG0_EVE_NUS-NBA_MMCF,exports by vessel,NBA,Bahrain,middle_east_africa,,
2023-11-15,2026-09-30,NGM_EPG0_EVE_NUS-NBB_MMCF,exports by vessel,NBB,Barbados,americas,0,
2023-11-15,2026-09-30,NGM_EPG0_EVE_NUS-NBE_MMCF,exports by vessel,NBE,Belgium,europe,10288,7.16
2023-11-15,2026-09-30,NGM_EPG0_EVE_NUS-NBF_MMCF,exports by vessel,NBF,Bahamas,americas,34,10.39
2023-11-15,2026-09-30,NGM_EPG0_EVE_NUS-NBG_MMCF,exports by vessel,NBG,Bangladesh,other_asia,3240,5.08
2023-11-15,2026-09-30,NGM_EPG0_EVE_NUS-NBR_MMCF,exports by vessel,NBR,Brazil,americas,3563,6.51
2023-11-15,2026-09-30,NGM_EPG0_EVE_NUS-NCA_MMCF,exports by vessel,NCA,Canada,americas,,
2023-11-15,2026-09-30,NGM_EPG0_EVE_NUS-NCH_MMCF,exports by vessel,NCH,China,jkm_markets,25601,7.39
2023-11-15,2026-09-30,NGM_EPG0_EVE_NUS-NCI_MMCF,exports by vessel,NCI,Chile,americas,0,
2023-11-15,2026-09-30,NGM_EPG0_EVE_NUS-NCO_MMCF,exports by vessel,NCO,Colombia,americas,1844,6.71
2023-11-15,2026-09-30,NGM_EPG0_EVE_NUS-NDR_MMCF,exports by vessel,NDR,Dominican Republic,americas,8647,7.18
2023-11-15,2026-09-30,NGM_EPG0_EVE_NUS-NEG_MMCF,exports by vessel,NEG,Egypt,middle_east_africa,0,
2023-11-15,2026-09-30,NGM_EPG0_EVE_NUS-NES_MMCF,exports by vessel,NES,El Salvador,americas,0,
2023-11-15,2026-09-30,NGM_EPG0_EVE_NUS-NFI_MMCF,exports by vessel,NFI,Finland,europe,3335,5.08
2023-11-15,2026-09-30,NGM_EPG0_EVE_NUS-NFR_MMCF,exports by vessel,NFR,France,europe,58907,7.6
2023-11-15,2026-09-30,NGM_EPG0_EVE_NUS-NGM_MMCF,exports by vessel,NGM,Germany,europe,14382,8.38
2023-11-15,2026-09-30,NGM_EPG0_EVE_NUS-NGR_MMCF,exports by vessel,NGR,Greece,europe,0,
2023-11-15,2026-09-30,NGM_EPG0_EVE_NUS-NHA_MMCF,exports by vessel,NHA,Haiti,americas,8,10.39
2023-11-15,2026-09-30,NGM_EPG0_EVE_NUS-NHR_MMCF,exports by vessel,NHR,Croatia,europe,9995,8.5
2023-11-15,2026-09-30,NGM_EPG0_EVE_NUS-NID_MMCF,exports by vessel,NID,Indonesia,other_asia,,
2023-11-15,2026-09-30,NGM_EPG0_EVE_NUS-NIN_MMCF,exports by vessel,NIN,India,other_asia,7441,6.38
2023-11-15,2026-09-30,NGM_EPG0_EVE_NUS-NIS_MMCF,exports by vessel,NIS,Israel,middle_east_africa,0,
2023-11-15,2026-09-30,NGM_EPG0_EVE_NUS-NIT_MMCF,exports by vessel,NIT,Italy,europe,23786,8.61
2023-11-15,2026-09-30,NGM_EPG0_EVE_NUS-NJA_MMCF,exports by vessel,NJA,Japan,jkm_markets,24896,8.4
2023-11-15,2026-09-30,NGM_EPG0_EVE_NUS-NJM_MMCF,exports by vessel,NJM,Jamaica,americas,122,6.57
2023-11-15,2026-09-30,NGM_EPG0_EVE_NUS-NJO_MMCF,exports by vessel,NJO,Jordan,middle_east_africa,0,
2023-11-15,2026-09-30,NGM_EPG0_EVE_NUS-NKS_MMCF,exports by vessel,NKS,South Korea,jkm_markets,26140,6.54
2023-11-15,2026-09-30,NGM_EPG0_EVE_NUS-NKU_MMCF,exports by vessel,NKU,Kuwait,middle_east_africa,0,
2023-11-15,2026-09-30,NGM_EPG0_EVE_NUS-NLH_MMCF,exports by vessel,NLH,Lithuania,europe,0,
2023-11-15,2026-09-30,NGM_EPG0_EVE_NUS-NM6_MMCF,exports by vessel,NM6,Malta,europe,0,
2023-11-15,2026-09-30,NGM_EPG0_EVE_NUS-NMR_MMCF,exports by vessel,NMR,Mauritania,middle_east_africa,,
2023-11-15,2026-09-30,NGM_EPG0_EVE_NUS-NMX_MMCF,exports by vessel,NMX,Mexico,americas,0,
2023-11-15,2026-09-30,NGM_EPG0_EVE_NUS-NMY_MMCF,exports by vessel,NMY,Malaysia,other_asia,0,
2023-11-15,2026-09-30,NGM_EPG0_EVE_NUS-NNL_MMCF,exports by vessel,NNL,Netherlands,europe,36150,8.58
2023-11-15,2026-09-30,NGM_EPG0_EVE_NUS-NNU_MMCF,exports by vessel,NNU,Nicaragua,americas,0,
2023-11-15,2026-09-30,NGM_EPG0_EVE_NUS-NPK_MMCF,exports by vessel,NPK,Pakistan,other_asia,0,
2023-11-15,2026-09-30,NGM_EPG0_EVE_NUS-NPL_MMCF,exports by vessel,NPL,Poland,europe,14500,6.75
2023-11-15,2026-09-30,NGM_EPG0_EVE_NUS-NPM_MMCF,exports by vessel,NPM,Panama,americas,3530,5.93
2023-11-15,2026-09-30,NGM_EPG0_EVE_NUS-NPO_MMCF,exports by vessel,NPO,Portugal,europe,3204,5.86
2023-11-15,2026-09-30,NGM_EPG0_EVE_NUS-NRP_MMCF,exports by vessel,NRP,Philippines,other_asia,3445,12.15
2023-11-15,2026-09-30,NGM_EPG0_EVE_NUS-NRS_MMCF,exports by vessel,NRS,Russia,europe,0,
2023-11-15,2026-09-30,NGM_EPG0_EVE_NUS-NSG_MMCF,exports by vessel,NSG,Senegal,middle_east_africa,,
2023-11-15,2026-09-30,NGM_EPG0_EVE_NUS-NSN_MMCF,exports by vessel,NSN,Singapore,other_asia,0,
2023-11-15,2026-09-30,NGM_EPG0_EVE_NUS-NSP_MMCF,exports by vessel,NSP,Spain,europe,17280,7.18
2023-11-15,2026-09-30,NGM_EPG0_EVE_NUS-NTC_MMCF,exports by vessel,NTC,United Arab Emirates,middle_east_africa,0,
2023-11-15,2026-09-30,NGM_EPG0_EVE_NUS-NTH_MMCF,exports by vessel,NTH,Thailand,other_asia,7581,6.82
2023-11-15,2026-09-30,NGM_EPG0_EVE_NUS-NTU_MMCF,exports by vessel,NTU,Turkiye,europe,27560,7.86
2023-11-15,2026-09-30,NGM_EPG0_EVE_NUS-NTW_MMCF,exports by vessel,NTW,Taiwan,jkm_markets,3104,6.9
2023-11-15,2026-09-30,NGM_EPG0_EVE_NUS-NUK_MMCF,exports by vessel,NUK,United Kingdom,europe,47642,6.66
2023-11-15,2026-09-30,NGM_EPG0_EVE_NUS-Z00_MMCF,exports by vessel,Z00,,,386229,7.51
2023-11-15,2026-09-30,NGM_EPG0_EVT_NUS-Z00_MMCF,exports by vessel and truck,Z00,,,386262,7.51
2023-12-15,2026-09-30,N9133US2,LNG total including re-exports,Z00,,,422935,6.94
2023-12-15,2026-09-30,NGM_EPG0_ERE_NUS-NAT_MMCF,re-exports,NAT,Argentina,americas,0,
2023-12-15,2026-09-30,NGM_EPG0_ERE_NUS-NBR_MMCF,re-exports,NBR,Brazil,americas,0,
2023-12-15,2026-09-30,NGM_EPG0_ERE_NUS-NCH_MMCF,re-exports,NCH,China,jkm_markets,0,
2023-12-15,2026-09-30,NGM_EPG0_ERE_NUS-NCI_MMCF,re-exports,NCI,Chile,americas,,
2023-12-15,2026-09-30,NGM_EPG0_ERE_NUS-NEG_MMCF,re-exports,NEG,Egypt,middle_east_africa,0,
2023-12-15,2026-09-30,NGM_EPG0_ERE_NUS-NIN_MMCF,re-exports,NIN,India,other_asia,0,
2023-12-15,2026-09-30,NGM_EPG0_ERE_NUS-NJA_MMCF,re-exports,NJA,Japan,jkm_markets,0,
2023-12-15,2026-09-30,NGM_EPG0_ERE_NUS-NKS_MMCF,re-exports,NKS,South Korea,jkm_markets,0,
2023-12-15,2026-09-30,NGM_EPG0_ERE_NUS-NMX_MMCF,re-exports,NMX,Mexico,americas,0,
2023-12-15,2026-09-30,NGM_EPG0_ERE_NUS-NPO_MMCF,re-exports,NPO,Portugal,europe,,
2023-12-15,2026-09-30,NGM_EPG0_ERE_NUS-NSP_MMCF,re-exports,NSP,Spain,europe,0,
2023-12-15,2026-09-30,NGM_EPG0_ERE_NUS-NTU_MMCF,re-exports,NTU,Turkiye,europe,0,
2023-12-15,2026-09-30,NGM_EPG0_ERE_NUS-NUK_MMCF,re-exports,NUK,United Kingdom,europe,0,
2023-12-15,2026-09-30,NGM_EPG0_ERE_NUS-Z00_MMCF,re-exports,Z00,,,0,
2023-12-15,2026-09-30,NGM_EPG0_ETR_NUS-NCA_MMCF,exports by truck,NCA,Canada,americas,7,15.29
2023-12-15,2026-09-30,NGM_EPG0_ETR_NUS-NMX_MMCF,exports by truck,NMX,Mexico,americas,20,7.21
2023-12-15,2026-09-30,NGM_EPG0_ETR_NUS-Z00_MMCF,exports by truck,Z00,,,27,9.41
2023-12-15,2026-09-30,NGM_EPG0_EVE_NUS-NAC_MMCF,exports by vessel,NAC,Antigua and Barbuda,americas,6,10.8
2023-12-15,2026-09-30,NGM_EPG0_EVE_NUS-NAT_MMCF,exports by vessel,NAT,Argentina,americas,0,
2023-12-15,2026-09-30,NGM_EPG0_EVE_NUS-NBA_MMCF,exports by vessel,NBA,Bahrain,middle_east_africa,,
2023-12-15,2026-09-30,NGM_EPG0_EVE_NUS-NBB_MMCF,exports by vessel,NBB,Barbados,americas,11,10.39
2023-12-15,2026-09-30,NGM_EPG0_EVE_NUS-NBE_MMCF,exports by vessel,NBE,Belgium,europe,14272,6.14
2023-12-15,2026-09-30,NGM_EPG0_EVE_NUS-NBF_MMCF,exports by vessel,NBF,Bahamas,americas,32,10.39
2023-12-15,2026-09-30,NGM_EPG0_EVE_NUS-NBG_MMCF,exports by vessel,NBG,Bangladesh,other_asia,3257,9.98
2023-12-15,2026-09-30,NGM_EPG0_EVE_NUS-NBR_MMCF,exports by vessel,NBR,Brazil,americas,3708,5.87
2023-12-15,2026-09-30,NGM_EPG0_EVE_NUS-NCA_MMCF,exports by vessel,NCA,Canada,americas,,
2023-12-15,2026-09-30,NGM_EPG0_EVE_NUS-NCH_MMCF,exports by vessel,NCH,China,jkm_markets,13949,7.12
2023-12-15,2026-09-30,NGM_EPG0_EVE_NUS-NCI_MMCF,exports by vessel,NCI,Chile,americas,0,
2023-12-15,2026-09-30,NGM_EPG0_EVE_NUS-NCO_MMCF,exports by vessel,NCO,Colombia,americas,7162,6.62
2023-12-15,2026-09-30,NGM_EPG0_EVE_NUS-NDR_MMCF,exports by vessel,NDR,Dominican Republic,americas,3177,11.91
2023-12-15,2026-09-30,NGM_EPG0_EVE_NUS-NEG_MMCF,exports by vessel,NEG,Egypt,middle_east_africa,0,
2023-12-15,2026-09-30,NGM_EPG0_EVE_NUS-NES_MMCF,exports by vessel,NES,El Salvador,americas,0,
2023-12-15,2026-09-30,NGM_EPG0_EVE_NUS-NFI_MMCF,exports by vessel,NFI,Finland,europe,2762,11.91
2023-12-15,2026-09-30,NGM_EPG0_EVE_NUS-NFR_MMCF,exports by vessel,NFR,France,europe,40692,6.91
2023-12-15,2026-09-30,NGM_EPG0_EVE_NUS-NGM_MMCF,exports by vessel,NGM,Germany,europe,19439,8.14
2023-12-15,2026-09-30,NGM_EPG0_EVE_NUS-NGR_MMCF,exports by vessel,NGR,Greece,europe,8287,6.53
2023-12-15,2026-09-30,NGM_EPG0_EVE_NUS-NHA_MMCF,exports by vessel,NHA,Haiti,americas,13,10.39
2023-12-15,2026-09-30,NGM_EPG0_EVE_NUS-NHR_MMCF,exports by vessel,NHR,Croatia,europe,3050,5.47
2023-12-15,2026-09-30,NGM_EPG0_EVE_NUS-NID_MMCF,exports by vessel,NID,Indonesia,other_asia,,
2023-12-15,2026-09-30,NGM_EPG0_EVE_NUS-NIN_MMCF,exports by vessel,NIN,India,other_asia,17062,6.11
2023-12-15,2026-09-30,NGM_EPG0_EVE_NUS-NIS_MMCF,exports by vessel,NIS,Israel,middle_east_africa,0,
2023-12-15,2026-09-30,NGM_EPG0_EVE_NUS-NIT_MMCF,exports by vessel,NIT,Italy,europe,21283,6.13
2023-12-15,2026-09-30,NGM_EPG0_EVE_NUS-NJA_MMCF,exports by vessel,NJA,Japan,jkm_markets,27461,6.84
2023-12-15,2026-09-30,NGM_EPG0_EVE_NUS-NJM_MMCF,exports by vessel,NJM,Jamaica,americas,480,6.98
2023-12-15,2026-09-30,NGM_EPG0_EVE_NUS-NJO_MMCF,exports by vessel,NJO,Jordan,middle_east_africa,0,
2023-12-15,2026-09-30,NGM_EPG0_EVE_NUS-NKS_MMCF,exports by vessel,NKS,South Korea,jkm_markets,35187,6.26
2023-12-15,2026-09-30,NGM_EPG0_EVE_NUS-NKU_MMCF,exports by vessel,NKU,Kuwait,middle_east_africa,0,
2023-12-15,2026-09-30,NGM_EPG0_EVE_NUS-NLH_MMCF,exports by vessel,NLH,Lithuania,europe,3409,6.96
2023-12-15,2026-09-30,NGM_EPG0_EVE_NUS-NM6_MMCF,exports by vessel,NM6,Malta,europe,0,
2023-12-15,2026-09-30,NGM_EPG0_EVE_NUS-NMR_MMCF,exports by vessel,NMR,Mauritania,middle_east_africa,,
2023-12-15,2026-09-30,NGM_EPG0_EVE_NUS-NMX_MMCF,exports by vessel,NMX,Mexico,americas,3660,10.19
2023-12-15,2026-09-30,NGM_EPG0_EVE_NUS-NMY_MMCF,exports by vessel,NMY,Malaysia,other_asia,0,
2023-12-15,2026-09-30,NGM_EPG0_EVE_NUS-NNL_MMCF,exports by vessel,NNL,Netherlands,europe,48658,7.59
2023-12-15,2026-09-30,NGM_EPG0_EVE_NUS-NNU_MMCF,exports by vessel,NNU,Nicaragua,americas,0,
2023-12-15,2026-09-30,NGM_EPG0_EVE_NUS-NPK_MMCF,exports by vessel,NPK,Pakistan,other_asia,3141,12.22
2023-12-15,2026-09-30,NGM_EPG0_EVE_NUS-NPL_MMCF,exports by vessel,NPL,Poland,europe,10862,5.43
2023-12-15,2026-09-30,NGM_EPG0_EVE_NUS-NPM_MMCF,exports by vessel,NPM,Panama,americas,328,12.22
2023-12-15,2026-09-30,NGM_EPG0_EVE_NUS-NPO_MMCF,exports by vessel,NPO,Portugal,europe,2945,6.97
2023-12-15,2026-09-30,NGM_EPG0_EVE_NUS-NRP_MMCF,exports by vessel,NRP,Philippines,other_asia,0,
2023-12-15,2026-09-30,NGM_EPG0_EVE_NUS-NRS_MMCF,exports by vessel,NRS,Russia,europe,0,
2023-12-15,2026-09-30,NGM_EPG0_EVE_NUS-NSG_MMCF,exports by vessel,NSG,Senegal,middle_east_africa,,
2023-12-15,2026-09-30,NGM_EPG0_EVE_NUS-NSN_MMCF,exports by vessel,NSN,Singapore,other_asia,0,
2023-12-15,2026-09-30,NGM_EPG0_EVE_NUS-NSP_MMCF,exports by vessel,NSP,Spain,europe,15629,6.49
2023-12-15,2026-09-30,NGM_EPG0_EVE_NUS-NTC_MMCF,exports by vessel,NTC,United Arab Emirates,middle_east_africa,0,
2023-12-15,2026-09-30,NGM_EPG0_EVE_NUS-NTH_MMCF,exports by vessel,NTH,Thailand,other_asia,3818,10.99
2023-12-15,2026-09-30,NGM_EPG0_EVE_NUS-NTU_MMCF,exports by vessel,NTU,Turkiye,europe,42304,5.96
2023-12-15,2026-09-30,NGM_EPG0_EVE_NUS-NTW_MMCF,exports by vessel,NTW,Taiwan,jkm_markets,6655,5.78
2023-12-15,2026-09-30,NGM_EPG0_EVE_NUS-NUK_MMCF,exports by vessel,NUK,United Kingdom,europe,60209,7.18
2023-12-15,2026-09-30,NGM_EPG0_EVE_NUS-Z00_MMCF,exports by vessel,Z00,,,422908,6.94
2023-12-15,2026-09-30,NGM_EPG0_EVT_NUS-Z00_MMCF,exports by vessel and truck,Z00,,,422935,6.94
2024-01-15,2026-09-30,N9133US2,LNG total including re-exports,Z00,,,396260,6.89
2024-01-15,2026-09-30,NGM_EPG0_ERE_NUS-NAT_MMCF,re-exports,NAT,Argentina,americas,0,
2024-01-15,2026-09-30,NGM_EPG0_ERE_NUS-NBR_MMCF,re-exports,NBR,Brazil,americas,0,
2024-01-15,2026-09-30,NGM_EPG0_ERE_NUS-NCH_MMCF,re-exports,NCH,China,jkm_markets,0,
2024-01-15,2026-09-30,NGM_EPG0_ERE_NUS-NCI_MMCF,re-exports,NCI,Chile,americas,,
2024-01-15,2026-09-30,NGM_EPG0_ERE_NUS-NEG_MMCF,re-exports,NEG,Egypt,middle_east_africa,0,
2024-01-15,2026-09-30,NGM_EPG0_ERE_NUS-NIN_MMCF,re-exports,NIN,India,other_asia,0,
2024-01-15,2026-09-30,NGM_EPG0_ERE_NUS-NJA_MMCF,re-exports,NJA,Japan,jkm_markets,0,
2024-01-15,2026-09-30,NGM_EPG0_ERE_NUS-NKS_MMCF,re-exports,NKS,South Korea,jkm_markets,0,
2024-01-15,2026-09-30,NGM_EPG0_ERE_NUS-NMX_MMCF,re-exports,NMX,Mexico,americas,0,
2024-01-15,2026-09-30,NGM_EPG0_ERE_NUS-NPO_MMCF,re-exports,NPO,Portugal,europe,,
2024-01-15,2026-09-30,NGM_EPG0_ERE_NUS-NSP_MMCF,re-exports,NSP,Spain,europe,0,
2024-01-15,2026-09-30,NGM_EPG0_ERE_NUS-NTU_MMCF,re-exports,NTU,Turkiye,europe,0,
2024-01-15,2026-09-30,NGM_EPG0_ERE_NUS-NUK_MMCF,re-exports,NUK,United Kingdom,europe,0,
2024-01-15,2026-09-30,NGM_EPG0_ERE_NUS-Z00_MMCF,re-exports,Z00,,,0,
2024-01-15,2026-09-30,NGM_EPG0_ETR_NUS-NCA_MMCF,exports by truck,NCA,Canada,americas,0,
2024-01-15,2026-09-30,NGM_EPG0_ETR_NUS-NMX_MMCF,exports by truck,NMX,Mexico,americas,21,6.89
2024-01-15,2026-09-30,NGM_EPG0_ETR_NUS-Z00_MMCF,exports by truck,Z00,,,21,6.89
2024-01-15,2026-09-30,NGM_EPG0_EVE_NUS-NAC_MMCF,exports by vessel,NAC,Antigua and Barbuda,americas,2,10.8
2024-01-15,2026-09-30,NGM_EPG0_EVE_NUS-NAT_MMCF,exports by vessel,NAT,Argentina,americas,0,
2024-01-15,2026-09-30,NGM_EPG0_EVE_NUS-NBA_MMCF,exports by vessel,NBA,Bahrain,middle_east_africa,0,
2024-01-15,2026-09-30,NGM_EPG0_EVE_NUS-NBB_MMCF,exports by vessel,NBB,Barbados,americas,22,10.39
2024-01-15,2026-09-30,NGM_EPG0_EVE_NUS-NBE_MMCF,exports by vessel,NBE,Belgium,europe,14255,6.63
2024-01-15,2026-09-30,NGM_EPG0_EVE_NUS-NBF_MMCF,exports by vessel,NBF,Bahamas,americas,42,10.39
2024-01-15,2026-09-30,NGM_EPG0_EVE_NUS-NBG_MMCF,exports by vessel,NBG,Bangladesh,other_asia,0,
2024-01-15,2026-09-30,NGM_EPG0_EVE_NUS-NBR_MMCF,exports by vessel,NBR,Brazil,americas,7322,6.82
2024-01-15,2026-09-30,NGM_EPG0_EVE_NUS-NCA_MMCF,exports by vessel,NCA,Canada,americas,,
2024-01-15,2026-09-30,NGM_EPG0_EVE_NUS-NCH_MMCF,exports by vessel,NCH,China,jkm_markets,7944,5.26
2024-01-15,2026-09-30,NGM_EPG0_EVE_NUS-NCI_MMCF,exports by vessel,NCI,Chile,americas,3696,5.85
2024-01-15,2026-09-30,NGM_EPG0_EVE_NUS-NCO_MMCF,exports by vessel,NCO,Colombia,americas,6465,6.06
2024-01-15,2026-09-30,NGM_EPG0_EVE_NUS-NDR_MMCF,exports by vessel,NDR,Dominican Republic,americas,7489,9
2024-01-15,2026-09-30,NGM_EPG0_EVE_NUS-NEG_MMCF,exports by vessel,NEG,Egypt,middle_east_africa,0,
2024-01-15,2026-09-30,NGM_EPG0_EVE_NUS-NES_MMCF,exports by vessel,NES,El Salvador,americas,0,
2024-01-15,2026-09-30,NGM_EPG0_EVE_NUS-NFI_MMCF,exports by vessel,NFI,Finland,europe,0,
2024-01-15,2026-09-30,NGM_EPG0_EVE_NUS-NFR_MMCF,exports by vessel,NFR,France,europe,28049,5.93
2024-01-15,2026-09-30,NGM_EPG0_EVE_NUS-NGM_MMCF,exports by vessel,NGM,Germany,europe,17371,8.34
2024-01-15,2026-09-30,NGM_EPG0_EVE_NUS-NGR_MMCF,exports by vessel,NGR,Greece,europe,7153,6.93
2024-01-15,2026-09-30,NGM_EPG0_EVE_NUS-NHA_MMCF,exports by vessel,NHA,Haiti,americas,16,10.39
2024-01-15,2026-09-30,NGM_EPG0_EVE_NUS-NHR_MMCF,exports by vessel,NHR,Croatia,europe,9464,8.14
2024-01-15,2026-09-30,NGM_EPG0_EVE_NUS-NID_MMCF,exports by vessel,NID,Indonesia,other_asia,,
2024-01-15,2026-09-30,NGM_EPG0_EVE_NUS-NIN_MMCF,exports by vessel,NIN,India,other_asia,10685,6.57
2024-01-15,2026-09-30,NGM_EPG0_EVE_NUS-NIS_MMCF,exports by vessel,NIS,Israel,middle_east_africa,0,
2024-01-15,2026-09-30,NGM_EPG0_EVE_NUS-NIT_MMCF,exports by vessel,NIT,Italy,europe,24767,6.51
2024-01-15,2026-09-30,NGM_EPG0_EVE_NUS-NJA_MMCF,exports by vessel,NJA,Japan,jkm_markets,19340,6.51
2024-01-15,2026-09-30,NGM_EPG0_EVE_NUS-NJM_MMCF,exports by vessel,NJM,Jamaica,americas,4945,5.55
2024-01-15,2026-09-30,NGM_EPG0_EVE_NUS-NJO_MMCF,exports by vessel,NJO,Jordan,middle_east_africa,0,
2024-01-15,2026-09-30,NGM_EPG0_EVE_NUS-NKS_MMCF,exports by vessel,NKS,South Korea,jkm_markets,20640,6.51
2024-01-15,2026-09-30,NGM_EPG0_EVE_NUS-NKU_MMCF,exports by vessel,NKU,Kuwait,middle_east_africa,0,
2024-01-15,2026-09-30,NGM_EPG0_EVE_NUS-NLH_MMCF,exports by vessel,NLH,Lithuania,europe,1083,5.85
2024-01-15,2026-09-30,NGM_EPG0_EVE_NUS-NM6_MMCF,exports by vessel,NM6,Malta,europe,0,
2024-01-15,2026-09-30,NGM_EPG0_EVE_NUS-NMR_MMCF,exports by vessel,NMR,Mauritania,middle_east_africa,0,
2024-01-15,2026-09-30,NGM_EPG0_EVE_NUS-NMX_MMCF,exports by vessel,NMX,Mexico,americas,2602,6.54
2024-01-15,2026-09-30,NGM_EPG0_EVE_NUS-NMY_MMCF,exports by vessel,NMY,Malaysia,other_asia,0,
2024-01-15,2026-09-30,NGM_EPG0_EVE_NUS-NNL_MMCF,exports by vessel,NNL,Netherlands,europe,41873,8.06
2024-01-15,2026-09-30,NGM_EPG0_EVE_NUS-NNU_MMCF,exports by vessel,NNU,Nicaragua,americas,0,
2024-01-15,2026-09-30,NGM_EPG0_EVE_NUS-NPK_MMCF,exports by vessel,NPK,Pakistan,other_asia,0,
2024-01-15,2026-09-30,NGM_EPG0_EVE_NUS-NPL_MMCF,exports by vessel,NPL,Poland,europe,5746,8.21
2024-01-15,2026-09-30,NGM_EPG0_EVE_NUS-NPM_MMCF,exports by vessel,NPM,Panama,americas,3677,10
2024-01-15,2026-09-30,NGM_EPG0_EVE_NUS-NPO_MMCF,exports by vessel,NPO,Portugal,europe,9503,5.96
2024-01-15,2026-09-30,NGM_EPG0_EVE_NUS-NRP_MMCF,exports by vessel,NRP,Philippines,other_asia,0,
2024-01-15,2026-09-30,NGM_EPG0_EVE_NUS-NRS_MMCF,exports by vessel,NRS,Russia,europe,0,
2024-01-15,2026-09-30,NGM_EPG0_EVE_NUS-NSG_MMCF,exports by vessel,NSG,Senegal,middle_east_africa,0,
2024-01-15,2026-09-30,NGM_EPG0_EVE_NUS-NSN_MMCF,exports by vessel,NSN,Singapore,other_asia,3194,6.04
2024-01-15,2026-09-30,NGM_EPG0_EVE_NUS-NSP_MMCF,exports by vessel,NSP,Spain,europe,38812,6.52
2024-01-15,2026-09-30,NGM_EPG0_EVE_NUS-NTC_MMCF,exports by vessel,NTC,United Arab Emirates,middle_east_africa,0,
2024-01-15,2026-09-30,NGM_EPG0_EVE_NUS-NTH_MMCF,exports by vessel,NTH,Thailand,other_asia,7904,5.75
2024-01-15,2026-09-30,NGM_EPG0_EVE_NUS-NTU_MMCF,exports by vessel,NTU,Turkiye,europe,42693,6.59
2024-01-15,2026-09-30,NGM_EPG0_EVE_NUS-NTW_MMCF,exports by vessel,NTW,Taiwan,jkm_markets,6555,5.8
2024-01-15,2026-09-30,NGM_EPG0_EVE_NUS-NUK_MMCF,exports by vessel,NUK,United Kingdom,europe,42928,7.41
2024-01-15,2026-09-30,NGM_EPG0_EVE_NUS-Z00_MMCF,exports by vessel,Z00,,,396240,6.89
2024-01-15,2026-09-30,NGM_EPG0_EVT_NUS-Z00_MMCF,exports by vessel and truck,Z00,,,396260,6.89
2024-02-15,2026-09-30,N9133US2,LNG total including re-exports,Z00,,,359563,6.56
2024-02-15,2026-09-30,NGM_EPG0_ERE_NUS-NAT_MMCF,re-exports,NAT,Argentina,americas,0,
2024-02-15,2026-09-30,NGM_EPG0_ERE_NUS-NBR_MMCF,re-exports,NBR,Brazil,americas,0,
2024-02-15,2026-09-30,NGM_EPG0_ERE_NUS-NCH_MMCF,re-exports,NCH,China,jkm_markets,0,
2024-02-15,2026-09-30,NGM_EPG0_ERE_NUS-NCI_MMCF,re-exports,NCI,Chile,americas,,
2024-02-15,2026-09-30,NGM_EPG0_ERE_NUS-NEG_MMCF,re-exports,NEG,Egypt,middle_east_africa,0,
2024-02-15,2026-09-30,NGM_EPG0_ERE_NUS-NIN_MMCF,re-exports,NIN,India,other_asia,0,
2024-02-15,2026-09-30,NGM_EPG0_ERE_NUS-NJA_MMCF,re-exports,NJA,Japan,jkm_markets,0,
2024-02-15,2026-09-30,NGM_EPG0_ERE_NUS-NKS_MMCF,re-exports,NKS,South Korea,jkm_markets,0,
2024-02-15,2026-09-30,NGM_EPG0_ERE_NUS-NMX_MMCF,re-exports,NMX,Mexico,americas,0,
2024-02-15,2026-09-30,NGM_EPG0_ERE_NUS-NPO_MMCF,re-exports,NPO,Portugal,europe,,
2024-02-15,2026-09-30,NGM_EPG0_ERE_NUS-NSP_MMCF,re-exports,NSP,Spain,europe,0,
2024-02-15,2026-09-30,NGM_EPG0_ERE_NUS-NTU_MMCF,re-exports,NTU,Turkiye,europe,0,
2024-02-15,2026-09-30,NGM_EPG0_ERE_NUS-NUK_MMCF,re-exports,NUK,United Kingdom,europe,607,6.83
2024-02-15,2026-09-30,NGM_EPG0_ERE_NUS-Z00_MMCF,re-exports,Z00,,,607,6.83
2024-02-15,2026-09-30,NGM_EPG0_ETR_NUS-NCA_MMCF,exports by truck,NCA,Canada,americas,0,
2024-02-15,2026-09-30,NGM_EPG0_ETR_NUS-NMX_MMCF,exports by truck,NMX,Mexico,americas,14,6.71
2024-02-15,2026-09-30,NGM_EPG0_ETR_NUS-Z00_MMCF,exports by truck,Z00,,,14,6.71
2024-02-15,2026-09-30,NGM_EPG0_EVE_NUS-NAC_MMCF,exports by vessel,NAC,Antigua and Barbuda,americas,7,10.8
2024-02-15,2026-09-30,NGM_EPG0_EVE_NUS-NAT_MMCF,exports by vessel,NAT,Argentina,americas,0,
2024-02-15,2026-09-30,NGM_EPG0_EVE_NUS-NBA_MMCF,exports by vessel,NBA,Bahrain,middle_east_africa,0,
2024-02-15,2026-09-30,NGM_EPG0_EVE_NUS-NBB_MMCF,exports by vessel,NBB,Barbados,americas,37,10.39
2024-02-15,2026-09-30,NGM_EPG0_EVE_NUS-NBE_MMCF,exports by vessel,NBE,Belgium,europe,9386,5.89
2024-02-15,2026-09-30,NGM_EPG0_EVE_NUS-NBF_MMCF,exports by vessel,NBF,Bahamas,americas,34,10.39
2024-02-15,2026-09-30,NGM_EPG0_EVE_NUS-NBG_MMCF,exports by vessel,NBG,Bangladesh,other_asia,0,
2024-02-15,2026-09-30,NGM_EPG0_EVE_NUS-NBR_MMCF,exports by vessel,NBR,Brazil,americas,6180,4.52
2024-02-15,2026-09-30,NGM_EPG0_EVE_NUS-NCA_MMCF,exports by vessel,NCA,Canada,americas,,
2024-02-15,2026-09-30,NGM_EPG0_EVE_NUS-NCH_MMCF,exports by vessel,NCH,China,jkm_markets,16312,5.61
2024-02-15,2026-09-30,NGM_EPG0_EVE_NUS-NCI_MMCF,exports by vessel,NCI,Chile,americas,3522,4.73
2024-02-15,2026-09-30,NGM_EPG0_EVE_NUS-NCO_MMCF,exports by vessel,NCO,Colombia,americas,6101,6.2
2024-02-15,2026-09-30,NGM_EPG0_EVE_NUS-NDR_MMCF,exports by vessel,NDR,Dominican Republic,americas,7106,5.53
2024-02-15,2026-09-30,NGM_EPG0_EVE_NUS-NEG_MMCF,exports by vessel,NEG,Egypt,middle_east_africa,0,
2024-02-15,2026-09-30,NGM_EPG0_EVE_NUS-NES_MMCF,exports by vessel,NES,El Salvador,americas,0,
2024-02-15,2026-09-30,NGM_EPG0_EVE_NUS-NFI_MMCF,exports by vessel,NFI,Finland,europe,0,
2024-02-15,2026-09-30,NGM_EPG0_EVE_NUS-NFR_MMCF,exports by vessel,NFR,France,europe,49363,7.44
2024-02-15,2026-09-30,NGM_EPG0_EVE_NUS-NGM_MMCF,exports by vessel,NGM,Germany,europe,16715,7.73
2024-02-15,2026-09-30,NGM_EPG0_EVE_NUS-NGR_MMCF,exports by vessel,NGR,Greece,europe,3136,5.63
2024-02-15,2026-09-30,NGM_EPG0_EVE_NUS-NHA_MMCF,exports by vessel,NHA,Haiti,americas,6,10.39
2024-02-15,2026-09-30,NGM_EPG0_EVE_NUS-NHR_MMCF,exports by vessel,NHR,Croatia,europe,3377,4.73
2024-02-15,2026-09-30,NGM_EPG0_EVE_NUS-NID_MMCF,exports by vessel,NID,Indonesia,other_asia,,
2024-02-15,2026-09-30,NGM_EPG0_EVE_NUS-NIN_MMCF,exports by vessel,NIN,India,other_asia,13530,5.9
2024-02-15,2026-09-30,NGM_EPG0_EVE_NUS-NIS_MMCF,exports by vessel,NIS,Israel,middle_east_africa,0,
2024-02-15,2026-09-30,NGM_EPG0_EVE_NUS-NIT_MMCF,exports by vessel,NIT,Italy,europe,11455,6.37
2024-02-15,2026-09-30,NGM_EPG0_EVE_NUS-NJA_MMCF,exports by vessel,NJA,Japan,jkm_markets,22827,6.25
2024-02-15,2026-09-30,NGM_EPG0_EVE_NUS-NJM_MMCF,exports by vessel,NJM,Jamaica,americas,590,4
2024-02-15,2026-09-30,NGM_EPG0_EVE_NUS-NJO_MMCF,exports by vessel,NJO,Jordan,middle_east_africa,0,
2024-02-15,2026-09-30,NGM_EPG0_EVE_NUS-NKS_MMCF,exports by vessel,NKS,South Korea,jkm_markets,16193,7.01
2024-02-15,2026-09-30,NGM_EPG0_EVE_NUS-NKU_MMCF,exports by vessel,NKU,Kuwait,middle_east_africa,3175,6.24
2024-02-15,2026-09-30,NGM_EPG0_EVE_NUS-NLH_MMCF,exports by vessel,NLH,Lithuania,europe,7174,5.98
2024-02-15,2026-09-30,NGM_EPG0_EVE_NUS-NM6_MMCF,exports by vessel,NM6,Malta,europe,0,
2024-02-15,2026-09-30,NGM_EPG0_EVE_NUS-NMR_MMCF,exports by vessel,NMR,Mauritania,middle_east_africa,0,
2024-02-15,2026-09-30,NGM_EPG0_EVE_NUS-NMX_MMCF,exports by vessel,NMX,Mexico,americas,87,3.97
2024-02-15,2026-09-30,NGM_EPG0_EVE_NUS-NMY_MMCF,exports by vessel,NMY,Malaysia,other_asia,0,
2024-02-15,2026-09-30,NGM_EPG0_EVE_NUS-NNL_MMCF,exports by vessel,NNL,Netherlands,europe,45501,6.81
2024-02-15,2026-09-30,NGM_EPG0_EVE_NUS-NNU_MMCF,exports by vessel,NNU,Nicaragua,americas,0,
2024-02-15,2026-09-30,NGM_EPG0_EVE_NUS-NPK_MMCF,exports by vessel,NPK,Pakistan,other_asia,0,
2024-02-15,2026-09-30,NGM_EPG0_EVE_NUS-NPL_MMCF,exports by vessel,NPL,Poland,europe,10702,6.57
2024-02-15,2026-09-30,NGM_EPG0_EVE_NUS-NPM_MMCF,exports by vessel,NPM,Panama,americas,0,
2024-02-15,2026-09-30,NGM_EPG0_EVE_NUS-NPO_MMCF,exports by vessel,NPO,Portugal,europe,9384,5.87
2024-02-15,2026-09-30,NGM_EPG0_EVE_NUS-NRP_MMCF,exports by vessel,NRP,Philippines,other_asia,0,
2024-02-15,2026-09-30,NGM_EPG0_EVE_NUS-NRS_MMCF,exports by vessel,NRS,Russia,europe,0,
2024-02-15,2026-09-30,NGM_EPG0_EVE_NUS-NSG_MMCF,exports by vessel,NSG,Senegal,middle_east_africa,0,
2024-02-15,2026-09-30,NGM_EPG0_EVE_NUS-NSN_MMCF,exports by vessel,NSN,Singapore,other_asia,6851,5.95
2024-02-15,2026-09-30,NGM_EPG0_EVE_NUS-NSP_MMCF,exports by vessel,NSP,Spain,europe,13660,6.2
2024-02-15,2026-09-30,NGM_EPG0_EVE_NUS-NTC_MMCF,exports by vessel,NTC,United Arab Emirates,middle_east_africa,0,
2024-02-15,2026-09-30,NGM_EPG0_EVE_NUS-NTH_MMCF,exports by vessel,NTH,Thailand,other_asia,8809,6.93
2024-02-15,2026-09-30,NGM_EPG0_EVE_NUS-NTU_MMCF,exports by vessel,NTU,Turkiye,europe,20454,6.67
2024-02-15,2026-09-30,NGM_EPG0_EVE_NUS-NTW_MMCF,exports by vessel,NTW,Taiwan,jkm_markets,13151,5.84
2024-02-15,2026-09-30,NGM_EPG0_EVE_NUS-NUK_MMCF,exports by vessel,NUK,United Kingdom,europe,34724,7.22
2024-02-15,2026-09-30,NGM_EPG0_EVE_NUS-Z00_MMCF,exports by vessel,Z00,,,358942,6.56
2024-02-15,2026-09-30,NGM_EPG0_EVT_NUS-Z00_MMCF,exports by vessel and truck,Z00,,,358956,6.56
2024-03-15,2026-09-30,N9133US2,LNG total including re-exports,Z00,,,369898,5.69
2024-03-15,2026-09-30,NGM_EPG0_ERE_NUS-NAT_MMCF,re-exports,NAT,Argentina,americas,0,
2024-03-15,2026-09-30,NGM_EPG0_ERE_NUS-NBR_MMCF,re-exports,NBR,Brazil,americas,0,
2024-03-15,2026-09-30,NGM_EPG0_ERE_NUS-NCH_MMCF,re-exports,NCH,China,jkm_markets,0,
2024-03-15,2026-09-30,NGM_EPG0_ERE_NUS-NCI_MMCF,re-exports,NCI,Chile,americas,,
2024-03-15,2026-09-30,NGM_EPG0_ERE_NUS-NEG_MMCF,re-exports,NEG,Egypt,middle_east_africa,0,
2024-03-15,2026-09-30,NGM_EPG0_ERE_NUS-NIN_MMCF,re-exports,NIN,India,other_asia,0,
2024-03-15,2026-09-30,NGM_EPG0_ERE_NUS-NJA_MMCF,re-exports,NJA,Japan,jkm_markets,0,
2024-03-15,2026-09-30,NGM_EPG0_ERE_NUS-NKS_MMCF,re-exports,NKS,South Korea,jkm_markets,0,
2024-03-15,2026-09-30,NGM_EPG0_ERE_NUS-NMX_MMCF,re-exports,NMX,Mexico,americas,0,
2024-03-15,2026-09-30,NGM_EPG0_ERE_NUS-NPO_MMCF,re-exports,NPO,Portugal,europe,,
2024-03-15,2026-09-30,NGM_EPG0_ERE_NUS-NSP_MMCF,re-exports,NSP,Spain,europe,0,
2024-03-15,2026-09-30,NGM_EPG0_ERE_NUS-NTU_MMCF,re-exports,NTU,Turkiye,europe,0,
2024-03-15,2026-09-30,NGM_EPG0_ERE_NUS-NUK_MMCF,re-exports,NUK,United Kingdom,europe,0,
2024-03-15,2026-09-30,NGM_EPG0_ERE_NUS-Z00_MMCF,re-exports,Z00,,,0,
2024-03-15,2026-09-30,NGM_EPG0_ETR_NUS-NCA_MMCF,exports by truck,NCA,Canada,americas,0,
2024-03-15,2026-09-30,NGM_EPG0_ETR_NUS-NMX_MMCF,exports by truck,NMX,Mexico,americas,12,5.62
2024-03-15,2026-09-30,NGM_EPG0_ETR_NUS-Z00_MMCF,exports by truck,Z00,,,12,5.62
2024-03-15,2026-09-30,NGM_EPG0_EVE_NUS-NAC_MMCF,exports by vessel,NAC,Antigua and Barbuda,americas,3,10.8
2024-03-15,2026-09-30,NGM_EPG0_EVE_NUS-NAT_MMCF,exports by vessel,NAT,Argentina,americas,0,
2024-03-15,2026-09-30,NGM_EPG0_EVE_NUS-NBA_MMCF,exports by vessel,NBA,Bahrain,middle_east_africa,0,
2024-03-15,2026-09-30,NGM_EPG0_EVE_NUS-NBB_MMCF,exports by vessel,NBB,Barbados,americas,29,10.39
2024-03-15,2026-09-30,NGM_EPG0_EVE_NUS-NBE_MMCF,exports by vessel,NBE,Belgium,europe,6899,5.29
2024-03-15,2026-09-30,NGM_EPG0_EVE_NUS-NBF_MMCF,exports by vessel,NBF,Bahamas,americas,35,10.39
2024-03-15,2026-09-30,NGM_EPG0_EVE_NUS-NBG_MMCF,exports by vessel,NBG,Bangladesh,other_asia,3281,5.14
2024-03-15,2026-09-30,NGM_EPG0_EVE_NUS-NBR_MMCF,exports by vessel,NBR,Brazil,americas,0,
2024-03-15,2026-09-30,NGM_EPG0_EVE_NUS-NCA_MMCF,exports by vessel,NCA,Canada,americas,,
2024-03-15,2026-09-30,NGM_EPG0_EVE_NUS-NCH_MMCF,exports by vessel,NCH,China,jkm_markets,17376,6.15
2024-03-15,2026-09-30,NGM_EPG0_EVE_NUS-NCI_MMCF,exports by vessel,NCI,Chile,americas,6439,8.13
2024-03-15,2026-09-30,NGM_EPG0_EVE_NUS-NCO_MMCF,exports by vessel,NCO,Colombia,americas,7974,6.26
2024-03-15,2026-09-30,NGM_EPG0_EVE_NUS-NDR_MMCF,exports by vessel,NDR,Dominican Republic,americas,4552,9.54
2024-03-15,2026-09-30,NGM_EPG0_EVE_NUS-NEG_MMCF,exports by vessel,NEG,Egypt,middle_east_africa,0,
2024-03-15,2026-09-30,NGM_EPG0_EVE_NUS-NES_MMCF,exports by vessel,NES,El Salvador,americas,0,
2024-03-15,2026-09-30,NGM_EPG0_EVE_NUS-NFI_MMCF,exports by vessel,NFI,Finland,europe,0,
2024-03-15,2026-09-30,NGM_EPG0_EVE_NUS-NFR_MMCF,exports by vessel,NFR,France,europe,60572,5.63
2024-03-15,2026-09-30,NGM_EPG0_EVE_NUS-NGM_MMCF,exports by vessel,NGM,Germany,europe,17060,9.32
2024-03-15,2026-09-30,NGM_EPG0_EVE_NUS-NGR_MMCF,exports by vessel,NGR,Greece,europe,3240,4.19
2024-03-15,2026-09-30,NGM_EPG0_EVE_NUS-NHA_MMCF,exports by vessel,NHA,Haiti,americas,0,
2024-03-15,2026-09-30,NGM_EPG0_EVE_NUS-NHR_MMCF,exports by vessel,NHR,Croatia,europe,10202,4.13
2024-03-15,2026-09-30,NGM_EPG0_EVE_NUS-NID_MMCF,exports by vessel,NID,Indonesia,other_asia,,
2024-03-15,2026-09-30,NGM_EPG0_EVE_NUS-NIN_MMCF,exports by vessel,NIN,India,other_asia,13842,5.05
2024-03-15,2026-09-30,NGM_EPG0_EVE_NUS-NIS_MMCF,exports by vessel,NIS,Israel,middle_east_africa,0,
2024-03-15,2026-09-30,NGM_EPG0_EVE_NUS-NIT_MMCF,exports by vessel,NIT,Italy,europe,10256,5.15
2024-03-15,2026-09-30,NGM_EPG0_EVE_NUS-NJA_MMCF,exports by vessel,NJA,Japan,jkm_markets,28923,5.34
2024-03-15,2026-09-30,NGM_EPG0_EVE_NUS-NJM_MMCF,exports by vessel,NJM,Jamaica,americas,3,9.09
2024-03-15,2026-09-30,NGM_EPG0_EVE_NUS-NJO_MMCF,exports by vessel,NJO,Jordan,middle_east_africa,3477,5.14
2024-03-15,2026-09-30,NGM_EPG0_EVE_NUS-NKS_MMCF,exports by vessel,NKS,South Korea,jkm_markets,21023,4.89
2024-03-15,2026-09-30,NGM_EPG0_EVE_NUS-NKU_MMCF,exports by vessel,NKU,Kuwait,middle_east_africa,7207,4.19
2024-03-15,2026-09-30,NGM_EPG0_EVE_NUS-NLH_MMCF,exports by vessel,NLH,Lithuania,europe,3641,7.42
2024-03-15,2026-09-30,NGM_EPG0_EVE_NUS-NM6_MMCF,exports by vessel,NM6,Malta,europe,0,
2024-03-15,2026-09-30,NGM_EPG0_EVE_NUS-NMR_MMCF,exports by vessel,NMR,Mauritania,middle_east_africa,0,
2024-03-15,2026-09-30,NGM_EPG0_EVE_NUS-NMX_MMCF,exports by vessel,NMX,Mexico,americas,0,
2024-03-15,2026-09-30,NGM_EPG0_EVE_NUS-NMY_MMCF,exports by vessel,NMY,Malaysia,other_asia,0,
2024-03-15,2026-09-30,NGM_EPG0_EVE_NUS-NNL_MMCF,exports by vessel,NNL,Netherlands,europe,57169,5.14
2024-03-15,2026-09-30,NGM_EPG0_EVE_NUS-NNU_MMCF,exports by vessel,NNU,Nicaragua,americas,0,
2024-03-15,2026-09-30,NGM_EPG0_EVE_NUS-NPK_MMCF,exports by vessel,NPK,Pakistan,other_asia,0,
2024-03-15,2026-09-30,NGM_EPG0_EVE_NUS-NPL_MMCF,exports by vessel,NPL,Poland,europe,3685,5.69
2024-03-15,2026-09-30,NGM_EPG0_EVE_NUS-NPM_MMCF,exports by vessel,NPM,Panama,americas,3448,5.49
2024-03-15,2026-09-30,NGM_EPG0_EVE_NUS-NPO_MMCF,exports by vessel,NPO,Portugal,europe,2932,4.01
2024-03-15,2026-09-30,NGM_EPG0_EVE_NUS-NRP_MMCF,exports by vessel,NRP,Philippines,other_asia,0,
2024-03-15,2026-09-30,NGM_EPG0_EVE_NUS-NRS_MMCF,exports by vessel,NRS,Russia,europe,0,
2024-03-15,2026-09-30,NGM_EPG0_EVE_NUS-NSG_MMCF,exports by vessel,NSG,Senegal,middle_east_africa,0,
2024-03-15,2026-09-30,NGM_EPG0_EVE_NUS-NSN_MMCF,exports by vessel,NSN,Singapore,other_asia,7031,6.62
2024-03-15,2026-09-30,NGM_EPG0_EVE_NUS-NSP_MMCF,exports by vessel,NSP,Spain,europe,21849,4.98
2024-03-15,2026-09-30,NGM_EPG0_EVE_NUS-NTC_MMCF,exports by vessel,NTC,United Arab Emirates,middle_east_africa,0,
2024-03-15,2026-09-30,NGM_EPG0_EVE_NUS-NTH_MMCF,exports by vessel,NTH,Thailand,other_asia,14737,5.07
2024-03-15,2026-09-30,NGM_EPG0_EVE_NUS-NTU_MMCF,exports by vessel,NTU,Turkiye,europe,8963,7.45
2024-03-15,2026-09-30,NGM_EPG0_EVE_NUS-NTW_MMCF,exports by vessel,NTW,Taiwan,jkm_markets,10374,5.39
2024-03-15,2026-09-30,NGM_EPG0_EVE_NUS-NUK_MMCF,exports by vessel,NUK,United Kingdom,europe,13663,6.47
2024-03-15,2026-09-30,NGM_EPG0_EVE_NUS-Z00_MMCF,exports by vessel,Z00,,,369885,5.69
2024-03-15,2026-09-30,NGM_EPG0_EVT_NUS-Z00_MMCF,exports by vessel and truck,Z00,,,369898,5.69
2024-04-15,2026-09-30,N9133US2,LNG total including re-exports,Z00,,,303776,5.46
2024-04-15,2026-09-30,NGM_EPG0_ERE_NUS-NAT_MMCF,re-exports,NAT,Argentina,americas,0,
2024-04-15,2026-09-30,NGM_EPG0_ERE_NUS-NBR_MMCF,re-exports,NBR,Brazil,americas,0,
2024-04-15,2026-09-30,NGM_EPG0_ERE_NUS-NCH_MMCF,re-exports,NCH,China,jkm_markets,0,
2024-04-15,2026-09-30,NGM_EPG0_ERE_NUS-NCI_MMCF,re-exports,NCI,Chile,americas,,
2024-04-15,2026-09-30,NGM_EPG0_ERE_NUS-NEG_MMCF,re-exports,NEG,Egypt,middle_east_africa,0,
2024-04-15,2026-09-30,NGM_EPG0_ERE_NUS-NIN_MMCF,re-exports,NIN,India,other_asia,0,
2024-04-15,2026-09-30,NGM_EPG0_ERE_NUS-NJA_MMCF,re-exports,NJA,Japan,jkm_markets,0,
2024-04-15,2026-09-30,NGM_EPG0_ERE_NUS-NKS_MMCF,re-exports,NKS,South Korea,jkm_markets,0,
2024-04-15,2026-09-30,NGM_EPG0_ERE_NUS-NMX_MMCF,re-exports,NMX,Mexico,americas,0,
2024-04-15,2026-09-30,NGM_EPG0_ERE_NUS-NPO_MMCF,re-exports,NPO,Portugal,europe,,
2024-04-15,2026-09-30,NGM_EPG0_ERE_NUS-NSP_MMCF,re-exports,NSP,Spain,europe,0,
2024-04-15,2026-09-30,NGM_EPG0_ERE_NUS-NTU_MMCF,re-exports,NTU,Turkiye,europe,0,
2024-04-15,2026-09-30,NGM_EPG0_ERE_NUS-NUK_MMCF,re-exports,NUK,United Kingdom,europe,0,
2024-04-15,2026-09-30,NGM_EPG0_ERE_NUS-Z00_MMCF,re-exports,Z00,,,0,
2024-04-15,2026-09-30,NGM_EPG0_ETR_NUS-NCA_MMCF,exports by truck,NCA,Canada,americas,8,12.89
2024-04-15,2026-09-30,NGM_EPG0_ETR_NUS-NMX_MMCF,exports by truck,NMX,Mexico,americas,14,5.54
2024-04-15,2026-09-30,NGM_EPG0_ETR_NUS-Z00_MMCF,exports by truck,Z00,,,22,8.36
2024-04-15,2026-09-30,NGM_EPG0_EVE_NUS-NAC_MMCF,exports by vessel,NAC,Antigua and Barbuda,americas,5,10.8
2024-04-15,2026-09-30,NGM_EPG0_EVE_NUS-NAT_MMCF,exports by vessel,NAT,Argentina,americas,8674,5.96
2024-04-15,2026-09-30,NGM_EPG0_EVE_NUS-NBA_MMCF,exports by vessel,NBA,Bahrain,middle_east_africa,0,
2024-04-15,2026-09-30,NGM_EPG0_EVE_NUS-NBB_MMCF,exports by vessel,NBB,Barbados,americas,16,10.39
2024-04-15,2026-09-30,NGM_EPG0_EVE_NUS-NBE_MMCF,exports by vessel,NBE,Belgium,europe,3247,5.17
2024-04-15,2026-09-30,NGM_EPG0_EVE_NUS-NBF_MMCF,exports by vessel,NBF,Bahamas,americas,39,10.39
2024-04-15,2026-09-30,NGM_EPG0_EVE_NUS-NBG_MMCF,exports by vessel,NBG,Bangladesh,other_asia,3289,5.1
2024-04-15,2026-09-30,NGM_EPG0_EVE_NUS-NBR_MMCF,exports by vessel,NBR,Brazil,americas,1364,5.63
2024-04-15,2026-09-30,NGM_EPG0_EVE_NUS-NCA_MMCF,exports by vessel,NCA,Canada,americas,,
2024-04-15,2026-09-30,NGM_EPG0_EVE_NUS-NCH_MMCF,exports by vessel,NCH,China,jkm_markets,10025,4.83
2024-04-15,2026-09-30,NGM_EPG0_EVE_NUS-NCI_MMCF,exports by vessel,NCI,Chile,americas,5441,4.77
2024-04-15,2026-09-30,NGM_EPG0_EVE_NUS-NCO_MMCF,exports by vessel,NCO,Colombia,americas,1444,5.2
2024-04-15,2026-09-30,NGM_EPG0_EVE_NUS-NDR_MMCF,exports by vessel,NDR,Dominican Republic,americas,12446,5.57
2024-04-15,2026-09-30,NGM_EPG0_EVE_NUS-NEG_MMCF,exports by vessel,NEG,Egypt,middle_east_africa,0,
2024-04-15,2026-09-30,NGM_EPG0_EVE_NUS-NES_MMCF,exports by vessel,NES,El Salvador,americas,0,
2024-04-15,2026-09-30,NGM_EPG0_EVE_NUS-NFI_MMCF,exports by vessel,NFI,Finland,europe,3215,5.64
2024-04-15,2026-09-30,NGM_EPG0_EVE_NUS-NFR_MMCF,exports by vessel,NFR,France,europe,37672,4.99
2024-04-15,2026-09-30,NGM_EPG0_EVE_NUS-NGM_MMCF,exports by vessel,NGM,Germany,europe,21479,8.02
2024-04-15,2026-09-30,NGM_EPG0_EVE_NUS-NGR_MMCF,exports by vessel,NGR,Greece,europe,0,
2024-04-15,2026-09-30,NGM_EPG0_EVE_NUS-NHA_MMCF,exports by vessel,NHA,Haiti,americas,3,10.39
2024-04-15,2026-09-30,NGM_EPG0_EVE_NUS-NHR_MMCF,exports by vessel,NHR,Croatia,europe,0,
2024-04-15,2026-09-30,NGM_EPG0_EVE_NUS-NID_MMCF,exports by vessel,NID,Indonesia,other_asia,,
2024-04-15,2026-09-30,NGM_EPG0_EVE_NUS-NIN_MMCF,exports by vessel,NIN,India,other_asia,20843,5.39
2024-04-15,2026-09-30,NGM_EPG0_EVE_NUS-NIS_MMCF,exports by vessel,NIS,Israel,middle_east_africa,0,
2024-04-15,2026-09-30,NGM_EPG0_EVE_NUS-NIT_MMCF,exports by vessel,NIT,Italy,europe,14040,4.87
2024-04-15,2026-09-30,NGM_EPG0_EVE_NUS-NJA_MMCF,exports by vessel,NJA,Japan,jkm_markets,22227,5.7
2024-04-15,2026-09-30,NGM_EPG0_EVE_NUS-NJM_MMCF,exports by vessel,NJM,Jamaica,americas,3,8.71
2024-04-15,2026-09-30,NGM_EPG0_EVE_NUS-NJO_MMCF,exports by vessel,NJO,Jordan,middle_east_africa,3652,5.19
2024-04-15,2026-09-30,NGM_EPG0_EVE_NUS-NKS_MMCF,exports by vessel,NKS,South Korea,jkm_markets,17457,5.09
2024-04-15,2026-09-30,NGM_EPG0_EVE_NUS-NKU_MMCF,exports by vessel,NKU,Kuwait,middle_east_africa,0,
2024-04-15,2026-09-30,NGM_EPG0_EVE_NUS-NLH_MMCF,exports by vessel,NLH,Lithuania,europe,0,
2024-04-15,2026-09-30,NGM_EPG0_EVE_NUS-NM6_MMCF,exports by vessel,NM6,Malta,europe,0,
2024-04-15,2026-09-30,NGM_EPG0_EVE_NUS-NMR_MMCF,exports by vessel,NMR,Mauritania,middle_east_africa,0,
2024-04-15,2026-09-30,NGM_EPG0_EVE_NUS-NMX_MMCF,exports by vessel,NMX,Mexico,americas,0,
2024-04-15,2026-09-30,NGM_EPG0_EVE_NUS-NMY_MMCF,exports by vessel,NMY,Malaysia,other_asia,0,
2024-04-15,2026-09-30,NGM_EPG0_EVE_NUS-NNL_MMCF,exports by vessel,NNL,Netherlands,europe,47486,5.24
2024-04-15,2026-09-30,NGM_EPG0_EVE_NUS-NNU_MMCF,exports by vessel,NNU,Nicaragua,americas,0,
2024-04-15,2026-09-30,NGM_EPG0_EVE_NUS-NPK_MMCF,exports by vessel,NPK,Pakistan,other_asia,0,
2024-04-15,2026-09-30,NGM_EPG0_EVE_NUS-NPL_MMCF,exports by vessel,NPL,Poland,europe,3576,7.88
2024-04-15,2026-09-30,NGM_EPG0_EVE_NUS-NPM_MMCF,exports by vessel,NPM,Panama,americas,3265,4.85
2024-04-15,2026-09-30,NGM_EPG0_EVE_NUS-NPO_MMCF,exports by vessel,NPO,Portugal,europe,6469,4.75
2024-04-15,2026-09-30,NGM_EPG0_EVE_NUS-NRP_MMCF,exports by vessel,NRP,Philippines,other_asia,0,
2024-04-15,2026-09-30,NGM_EPG0_EVE_NUS-NRS_MMCF,exports by vessel,NRS,Russia,europe,0,
2024-04-15,2026-09-30,NGM_EPG0_EVE_NUS-NSG_MMCF,exports by vessel,NSG,Senegal,middle_east_africa,0,
2024-04-15,2026-09-30,NGM_EPG0_EVE_NUS-NSN_MMCF,exports by vessel,NSN,Singapore,other_asia,3617,3.93
2024-04-15,2026-09-30,NGM_EPG0_EVE_NUS-NSP_MMCF,exports by vessel,NSP,Spain,europe,10127,4.91
2024-04-15,2026-09-30,NGM_EPG0_EVE_NUS-NTC_MMCF,exports by vessel,NTC,United Arab Emirates,middle_east_africa,0,
2024-04-15,2026-09-30,NGM_EPG0_EVE_NUS-NTH_MMCF,exports by vessel,NTH,Thailand,other_asia,19342,5.26
2024-04-15,2026-09-30,NGM_EPG0_EVE_NUS-NTU_MMCF,exports by vessel,NTU,Turkiye,europe,3057,4.83
2024-04-15,2026-09-30,NGM_EPG0_EVE_NUS-NTW_MMCF,exports by vessel,NTW,Taiwan,jkm_markets,13347,5.3
2024-04-15,2026-09-30,NGM_EPG0_EVE_NUS-NUK_MMCF,exports by vessel,NUK,United Kingdom,europe,6887,6.4
2024-04-15,2026-09-30,NGM_EPG0_EVE_NUS-Z00_MMCF,exports by vessel,Z00,,,303754,5.46
2024-04-15,2026-09-30,NGM_EPG0_EVT_NUS-Z00_MMCF,exports by vessel and truck,Z00,,,303776,5.46
2024-05-15,2026-09-30,N9133US2,LNG total including re-exports,Z00,,,367723,5.63
2024-05-15,2026-09-30,NGM_EPG0_ERE_NUS-NAT_MMCF,re-exports,NAT,Argentina,americas,0,
2024-05-15,2026-09-30,NGM_EPG0_ERE_NUS-NBR_MMCF,re-exports,NBR,Brazil,americas,0,
2024-05-15,2026-09-30,NGM_EPG0_ERE_NUS-NCH_MMCF,re-exports,NCH,China,jkm_markets,0,
2024-05-15,2026-09-30,NGM_EPG0_ERE_NUS-NCI_MMCF,re-exports,NCI,Chile,americas,,
2024-05-15,2026-09-30,NGM_EPG0_ERE_NUS-NEG_MMCF,re-exports,NEG,Egypt,middle_east_africa,0,
2024-05-15,2026-09-30,NGM_EPG0_ERE_NUS-NIN_MMCF,re-exports,NIN,India,other_asia,0,
2024-05-15,2026-09-30,NGM_EPG0_ERE_NUS-NJA_MMCF,re-exports,NJA,Japan,jkm_markets,0,
2024-05-15,2026-09-30,NGM_EPG0_ERE_NUS-NKS_MMCF,re-exports,NKS,South Korea,jkm_markets,0,
2024-05-15,2026-09-30,NGM_EPG0_ERE_NUS-NMX_MMCF,re-exports,NMX,Mexico,americas,0,
2024-05-15,2026-09-30,NGM_EPG0_ERE_NUS-NPO_MMCF,re-exports,NPO,Portugal,europe,,
2024-05-15,2026-09-30,NGM_EPG0_ERE_NUS-NSP_MMCF,re-exports,NSP,Spain,europe,0,
2024-05-15,2026-09-30,NGM_EPG0_ERE_NUS-NTU_MMCF,re-exports,NTU,Turkiye,europe,0,
2024-05-15,2026-09-30,NGM_EPG0_ERE_NUS-NUK_MMCF,re-exports,NUK,United Kingdom,europe,0,
2024-05-15,2026-09-30,NGM_EPG0_ERE_NUS-Z00_MMCF,re-exports,Z00,,,0,
2024-05-15,2026-09-30,NGM_EPG0_ETR_NUS-NCA_MMCF,exports by truck,NCA,Canada,americas,15,13.16
2024-05-15,2026-09-30,NGM_EPG0_ETR_NUS-NMX_MMCF,exports by truck,NMX,Mexico,americas,13,5.56
2024-05-15,2026-09-30,NGM_EPG0_ETR_NUS-Z00_MMCF,exports by truck,Z00,,,28,9.52
2024-05-15,2026-09-30,NGM_EPG0_EVE_NUS-NAC_MMCF,exports by vessel,NAC,Antigua and Barbuda,americas,8,10.8
2024-05-15,2026-09-30,NGM_EPG0_EVE_NUS-NAT_MMCF,exports by vessel,NAT,Argentina,americas,17470,5.29
2024-05-15,2026-09-30,NGM_EPG0_EVE_NUS-NBA_MMCF,exports by vessel,NBA,Bahrain,middle_east_africa,0,
2024-05-15,2026-09-30,NGM_EPG0_EVE_NUS-NBB_MMCF,exports by vessel,NBB,Barbados,americas,17,10.39
2024-05-15,2026-09-30,NGM_EPG0_EVE_NUS-NBE_MMCF,exports by vessel,NBE,Belgium,europe,0,
2024-05-15,2026-09-30,NGM_EPG0_EVE_NUS-NBF_MMCF,exports by vessel,NBF,Bahamas,americas,52,10.39
2024-05-15,2026-09-30,NGM_EPG0_EVE_NUS-NBG_MMCF,exports by vessel,NBG,Bangladesh,other_asia,0,
2024-05-15,2026-09-30,NGM_EPG0_EVE_NUS-NBR_MMCF,exports by vessel,NBR,Brazil,americas,5941,5.14
2024-05-15,2026-09-30,NGM_EPG0_EVE_NUS-NCA_MMCF,exports by vessel,NCA,Canada,americas,,
2024-05-15,2026-09-30,NGM_EPG0_EVE_NUS-NCH_MMCF,exports by vessel,NCH,China,jkm_markets,25863,5.31
2024-05-15,2026-09-30,NGM_EPG0_EVE_NUS-NCI_MMCF,exports by vessel,NCI,Chile,americas,7330,6.7
2024-05-15,2026-09-30,NGM_EPG0_EVE_NUS-NCO_MMCF,exports by vessel,NCO,Colombia,americas,436,5.16
2024-05-15,2026-09-30,NGM_EPG0_EVE_NUS-NDR_MMCF,exports by vessel,NDR,Dominican Republic,americas,5946,5.07
2024-05-15,2026-09-30,NGM_EPG0_EVE_NUS-NEG_MMCF,exports by vessel,NEG,Egypt,middle_east_africa,0,
2024-05-15,2026-09-30,NGM_EPG0_EVE_NUS-NES_MMCF,exports by vessel,NES,El Salvador,americas,0,
2024-05-15,2026-09-30,NGM_EPG0_EVE_NUS-NFI_MMCF,exports by vessel,NFI,Finland,europe,3321,4.18
2024-05-15,2026-09-30,NGM_EPG0_EVE_NUS-NFR_MMCF,exports by vessel,NFR,France,europe,19797,5.03
2024-05-15,2026-09-30,NGM_EPG0_EVE_NUS-NGM_MMCF,exports by vessel,NGM,Germany,europe,26177,7.3
2024-05-15,2026-09-30,NGM_EPG0_EVE_NUS-NGR_MMCF,exports by vessel,NGR,Greece,europe,5182,8.01
2024-05-15,2026-09-30,NGM_EPG0_EVE_NUS-NHA_MMCF,exports by vessel,NHA,Haiti,americas,10,10.39
2024-05-15,2026-09-30,NGM_EPG0_EVE_NUS-NHR_MMCF,exports by vessel,NHR,Croatia,europe,3570,4.63
2024-05-15,2026-09-30,NGM_EPG0_EVE_NUS-NID_MMCF,exports by vessel,NID,Indonesia,other_asia,432,6.09
2024-05-15,2026-09-30,NGM_EPG0_EVE_NUS-NIN_MMCF,exports by vessel,NIN,India,other_asia,45269,5.32
2024-05-15,2026-09-30,NGM_EPG0_EVE_NUS-NIS_MMCF,exports by vessel,NIS,Israel,middle_east_africa,0,
2024-05-15,2026-09-30,NGM_EPG0_EVE_NUS-NIT_MMCF,exports by vessel,NIT,Italy,europe,10814,5.79
2024-05-15,2026-09-30,NGM_EPG0_EVE_NUS-NJA_MMCF,exports by vessel,NJA,Japan,jkm_markets,41155,6.07
2024-05-15,2026-09-30,NGM_EPG0_EVE_NUS-NJM_MMCF,exports by vessel,NJM,Jamaica,americas,3,10.8
2024-05-15,2026-09-30,NGM_EPG0_EVE_NUS-NJO_MMCF,exports by vessel,NJO,Jordan,middle_east_africa,3676,5.78
2024-05-15,2026-09-30,NGM_EPG0_EVE_NUS-NKS_MMCF,exports by vessel,NKS,South Korea,jkm_markets,28401,5.14
2024-05-15,2026-09-30,NGM_EPG0_EVE_NUS-NKU_MMCF,exports by vessel,NKU,Kuwait,middle_east_africa,7216,4.29
2024-05-15,2026-09-30,NGM_EPG0_EVE_NUS-NLH_MMCF,exports by vessel,NLH,Lithuania,europe,0,
2024-05-15,2026-09-30,NGM_EPG0_EVE_NUS-NM6_MMCF,exports by vessel,NM6,Malta,europe,0,
2024-05-15,2026-09-30,NGM_EPG0_EVE_NUS-NMR_MMCF,exports by vessel,NMR,Mauritania,middle_east_africa,0,
2024-05-15,2026-09-30,NGM_EPG0_EVE_NUS-NMX_MMCF,exports by vessel,NMX,Mexico,americas,3190,5.05
2024-05-15,2026-09-30,NGM_EPG0_EVE_NUS-NMY_MMCF,exports by vessel,NMY,Malaysia,other_asia,7166,5.14
2024-05-15,2026-09-30,NGM_EPG0_EVE_NUS-NNL_MMCF,exports by vessel,NNL,Netherlands,europe,37694,5
2024-05-15,2026-09-30,NGM_EPG0_EVE_NUS-NNU_MMCF,exports by vessel,NNU,Nicaragua,americas,0,
2024-05-15,2026-09-30,NGM_EPG0_EVE_NUS-NPK_MMCF,exports by vessel,NPK,Pakistan,other_asia,0,
2024-05-15,2026-09-30,NGM_EPG0_EVE_NUS-NPL_MMCF,exports by vessel,NPL,Poland,europe,14363,6.61
2024-05-15,2026-09-30,NGM_EPG0_EVE_NUS-NPM_MMCF,exports by vessel,NPM,Panama,americas,0,
2024-05-15,2026-09-30,NGM_EPG0_EVE_NUS-NPO_MMCF,exports by vessel,NPO,Portugal,europe,4238,5.32
2024-05-15,2026-09-30,NGM_EPG0_EVE_NUS-NRP_MMCF,exports by vessel,NRP,Philippines,other_asia,0,
2024-05-15,2026-09-30,NGM_EPG0_EVE_NUS-NRS_MMCF,exports by vessel,NRS,Russia,europe,0,
2024-05-15,2026-09-30,NGM_EPG0_EVE_NUS-NSG_MMCF,exports by vessel,NSG,Senegal,middle_east_africa,0,
2024-05-15,2026-09-30,NGM_EPG0_EVE_NUS-NSN_MMCF,exports by vessel,NSN,Singapore,other_asia,6851,6.48
2024-05-15,2026-09-30,NGM_EPG0_EVE_NUS-NSP_MMCF,exports by vessel,NSP,Spain,europe,8399,5.18
2024-05-15,2026-09-30,NGM_EPG0_EVE_NUS-NTC_MMCF,exports by vessel,NTC,United Arab Emirates,middle_east_africa,3064,5.13
2024-05-15,2026-09-30,NGM_EPG0_EVE_NUS-NTH_MMCF,exports by vessel,NTH,Thailand,other_asia,7289,4.54
2024-05-15,2026-09-30,NGM_EPG0_EVE_NUS-NTU_MMCF,exports by vessel,NTU,Turkiye,europe,0,
2024-05-15,2026-09-30,NGM_EPG0_EVE_NUS-NTW_MMCF,exports by vessel,NTW,Taiwan,jkm_markets,10256,5.91
2024-05-15,2026-09-30,NGM_EPG0_EVE_NUS-NUK_MMCF,exports by vessel,NUK,United Kingdom,europe,7100,7.48
2024-05-15,2026-09-30,NGM_EPG0_EVE_NUS-Z00_MMCF,exports by vessel,Z00,,,367695,5.63
2024-05-15,2026-09-30,NGM_EPG0_EVT_NUS-Z00_MMCF,exports by vessel and truck,Z00,,,367723,5.63
2024-06-15,2026-09-30,N9133US2,LNG total including re-exports,Z00,,,356423,6.57
2024-06-15,2026-09-30,NGM_EPG0_ERE_NUS-NAT_MMCF,re-exports,NAT,Argentina,americas,0,
2024-06-15,2026-09-30,NGM_EPG0_ERE_NUS-NBR_MMCF,re-exports,NBR,Brazil,americas,0,
2024-06-15,2026-09-30,NGM_EPG0_ERE_NUS-NCH_MMCF,re-exports,NCH,China,jkm_markets,0,
2024-06-15,2026-09-30,NGM_EPG0_ERE_NUS-NCI_MMCF,re-exports,NCI,Chile,americas,,
2024-06-15,2026-09-30,NGM_EPG0_ERE_NUS-NEG_MMCF,re-exports,NEG,Egypt,middle_east_africa,0,
2024-06-15,2026-09-30,NGM_EPG0_ERE_NUS-NIN_MMCF,re-exports,NIN,India,other_asia,0,
2024-06-15,2026-09-30,NGM_EPG0_ERE_NUS-NJA_MMCF,re-exports,NJA,Japan,jkm_markets,0,
2024-06-15,2026-09-30,NGM_EPG0_ERE_NUS-NKS_MMCF,re-exports,NKS,South Korea,jkm_markets,0,
2024-06-15,2026-09-30,NGM_EPG0_ERE_NUS-NMX_MMCF,re-exports,NMX,Mexico,americas,0,
2024-06-15,2026-09-30,NGM_EPG0_ERE_NUS-NPO_MMCF,re-exports,NPO,Portugal,europe,,
2024-06-15,2026-09-30,NGM_EPG0_ERE_NUS-NSP_MMCF,re-exports,NSP,Spain,europe,0,
2024-06-15,2026-09-30,NGM_EPG0_ERE_NUS-NTU_MMCF,re-exports,NTU,Turkiye,europe,0,
2024-06-15,2026-09-30,NGM_EPG0_ERE_NUS-NUK_MMCF,re-exports,NUK,United Kingdom,europe,0,
2024-06-15,2026-09-30,NGM_EPG0_ERE_NUS-Z00_MMCF,re-exports,Z00,,,0,
2024-06-15,2026-09-30,NGM_EPG0_ETR_NUS-NCA_MMCF,exports by truck,NCA,Canada,americas,10,15.21
2024-06-15,2026-09-30,NGM_EPG0_ETR_NUS-NMX_MMCF,exports by truck,NMX,Mexico,americas,14,6.36
2024-06-15,2026-09-30,NGM_EPG0_ETR_NUS-Z00_MMCF,exports by truck,Z00,,,24,9.94
2024-06-15,2026-09-30,NGM_EPG0_EVE_NUS-NAC_MMCF,exports by vessel,NAC,Antigua and Barbuda,americas,12,10.8
2024-06-15,2026-09-30,NGM_EPG0_EVE_NUS-NAT_MMCF,exports by vessel,NAT,Argentina,americas,10114,7.12
2024-06-15,2026-09-30,NGM_EPG0_EVE_NUS-NBA_MMCF,exports by vessel,NBA,Bahrain,middle_east_africa,0,
2024-06-15,2026-09-30,NGM_EPG0_EVE_NUS-NBB_MMCF,exports by vessel,NBB,Barbados,americas,20,10.39
2024-06-15,2026-09-30,NGM_EPG0_EVE_NUS-NBE_MMCF,exports by vessel,NBE,Belgium,europe,0,
2024-06-15,2026-09-30,NGM_EPG0_EVE_NUS-NBF_MMCF,exports by vessel,NBF,Bahamas,americas,42,10.39
2024-06-15,2026-09-30,NGM_EPG0_EVE_NUS-NBG_MMCF,exports by vessel,NBG,Bangladesh,other_asia,3294,5.39
2024-06-15,2026-09-30,NGM_EPG0_EVE_NUS-NBR_MMCF,exports by vessel,NBR,Brazil,americas,14000,7.43
2024-06-15,2026-09-30,NGM_EPG0_EVE_NUS-NCA_MMCF,exports by vessel,NCA,Canada,americas,,
2024-06-15,2026-09-30,NGM_EPG0_EVE_NUS-NCH_MMCF,exports by vessel,NCH,China,jkm_markets,17042,5.96
2024-06-15,2026-09-30,NGM_EPG0_EVE_NUS-NCI_MMCF,exports by vessel,NCI,Chile,americas,7101,6.83
2024-06-15,2026-09-30,NGM_EPG0_EVE_NUS-NCO_MMCF,exports by vessel,NCO,Colombia,americas,953,6.49
2024-06-15,2026-09-30,NGM_EPG0_EVE_NUS-NDR_MMCF,exports by vessel,NDR,Dominican Republic,americas,10812,5.51
2024-06-15,2026-09-30,NGM_EPG0_EVE_NUS-NEG_MMCF,exports by vessel,NEG,Egypt,middle_east_africa,14310,7.65
2024-06-15,2026-09-30,NGM_EPG0_EVE_NUS-NES_MMCF,exports by vessel,NES,El Salvador,americas,0,
2024-06-15,2026-09-30,NGM_EPG0_EVE_NUS-NFI_MMCF,exports by vessel,NFI,Finland,europe,3212,6.74
2024-06-15,2026-09-30,NGM_EPG0_EVE_NUS-NFR_MMCF,exports by vessel,NFR,France,europe,6630,6.62
2024-06-15,2026-09-30,NGM_EPG0_EVE_NUS-NGM_MMCF,exports by vessel,NGM,Germany,europe,17970,8.8
2024-06-15,2026-09-30,NGM_EPG0_EVE_NUS-NGR_MMCF,exports by vessel,NGR,Greece,europe,3702,6.3
2024-06-15,2026-09-30,NGM_EPG0_EVE_NUS-NHA_MMCF,exports by vessel,NHA,Haiti,americas,20,10.39
2024-06-15,2026-09-30,NGM_EPG0_EVE_NUS-NHR_MMCF,exports by vessel,NHR,Croatia,europe,6784,5.76
2024-06-15,2026-09-30,NGM_EPG0_EVE_NUS-NID_MMCF,exports by vessel,NID,Indonesia,other_asia,771,6.44
2024-06-15,2026-09-30,NGM_EPG0_EVE_NUS-NIN_MMCF,exports by vessel,NIN,India,other_asia,28782,6.16
2024-06-15,2026-09-30,NGM_EPG0_EVE_NUS-NIS_MMCF,exports by vessel,NIS,Israel,middle_east_africa,0,
2024-06-15,2026-09-30,NGM_EPG0_EVE_NUS-NIT_MMCF,exports by vessel,NIT,Italy,europe,17597,6.43
2024-06-15,2026-09-30,NGM_EPG0_EVE_NUS-NJA_MMCF,exports by vessel,NJA,Japan,jkm_markets,27862,6.39
2024-06-15,2026-09-30,NGM_EPG0_EVE_NUS-NJM_MMCF,exports by vessel,NJM,Jamaica,americas,475,6.05
2024-06-15,2026-09-30,NGM_EPG0_EVE_NUS-NJO_MMCF,exports by vessel,NJO,Jordan,middle_east_africa,3954,4.42
2024-06-15,2026-09-30,NGM_EPG0_EVE_NUS-NKS_MMCF,exports by vessel,NKS,South Korea,jkm_markets,44575,6.7
2024-06-15,2026-09-30,NGM_EPG0_EVE_NUS-NKU_MMCF,exports by vessel,NKU,Kuwait,middle_east_africa,7574,5.56
2024-06-15,2026-09-30,NGM_EPG0_EVE_NUS-NLH_MMCF,exports by vessel,NLH,Lithuania,europe,6938,5.98
2024-06-15,2026-09-30,NGM_EPG0_EVE_NUS-NM6_MMCF,exports by vessel,NM6,Malta,europe,0,
2024-06-15,2026-09-30,NGM_EPG0_EVE_NUS-NMR_MMCF,exports by vessel,NMR,Mauritania,middle_east_africa,0,
2024-06-15,2026-09-30,NGM_EPG0_EVE_NUS-NMX_MMCF,exports by vessel,NMX,Mexico,americas,33,5.03
2024-06-15,2026-09-30,NGM_EPG0_EVE_NUS-NMY_MMCF,exports by vessel,NMY,Malaysia,other_asia,0,
2024-06-15,2026-09-30,NGM_EPG0_EVE_NUS-NNL_MMCF,exports by vessel,NNL,Netherlands,europe,34890,6.82
2024-06-15,2026-09-30,NGM_EPG0_EVE_NUS-NNU_MMCF,exports by vessel,NNU,Nicaragua,americas,0,
2024-06-15,2026-09-30,NGM_EPG0_EVE_NUS-NPK_MMCF,exports by vessel,NPK,Pakistan,other_asia,0,
2024-06-15,2026-09-30,NGM_EPG0_EVE_NUS-NPL_MMCF,exports by vessel,NPL,Poland,europe,17301,6.93
2024-06-15,2026-09-30,NGM_EPG0_EVE_NUS-NPM_MMCF,exports by vessel,NPM,Panama,americas,2375,8.35
2024-06-15,2026-09-30,NGM_EPG0_EVE_NUS-NPO_MMCF,exports by vessel,NPO,Portugal,europe,3743,5.42
2024-06-15,2026-09-30,NGM_EPG0_EVE_NUS-NRP_MMCF,exports by vessel,NRP,Philippines,other_asia,3645,5.22
2024-06-15,2026-09-30,NGM_EPG0_EVE_NUS-NRS_MMCF,exports by vessel,NRS,Russia,europe,0,
2024-06-15,2026-09-30,NGM_EPG0_EVE_NUS-NSG_MMCF,exports by vessel,NSG,Senegal,middle_east_africa,0,
2024-06-15,2026-09-30,NGM_EPG0_EVE_NUS-NSN_MMCF,exports by vessel,NSN,Singapore,other_asia,3371,6.19
2024-06-15,2026-09-30,NGM_EPG0_EVE_NUS-NSP_MMCF,exports by vessel,NSP,Spain,europe,17364,5.67
2024-06-15,2026-09-30,NGM_EPG0_EVE_NUS-NTC_MMCF,exports by vessel,NTC,United Arab Emirates,middle_east_africa,0,
2024-06-15,2026-09-30,NGM_EPG0_EVE_NUS-NTH_MMCF,exports by vessel,NTH,Thailand,other_asia,6811,7.95
2024-06-15,2026-09-30,NGM_EPG0_EVE_NUS-NTU_MMCF,exports by vessel,NTU,Turkiye,europe,0,
2024-06-15,2026-09-30,NGM_EPG0_EVE_NUS-NTW_MMCF,exports by vessel,NTW,Taiwan,jkm_markets,5923,5.03
2024-06-15,2026-09-30,NGM_EPG0_EVE_NUS-NUK_MMCF,exports by vessel,NUK,United Kingdom,europe,6398,6.2
2024-06-15,2026-09-30,NGM_EPG0_EVE_NUS-Z00_MMCF,exports by vessel,Z00,,,356399,6.57
2024-06-15,2026-09-30,NGM_EPG0_EVT_NUS-Z00_MMCF,exports by vessel and truck,Z00,,,356423,6.57
2024-07-15,2026-09-30,N9133US2,LNG total including re-exports,Z00,,,323873,6.72
2024-07-15,2026-09-30,NGM_EPG0_ERE_NUS-NAT_MMCF,re-exports,NAT,Argentina,americas,0,
2024-07-15,2026-09-30,NGM_EPG0_ERE_NUS-NBR_MMCF,re-exports,NBR,Brazil,americas,0,
2024-07-15,2026-09-30,NGM_EPG0_ERE_NUS-NCH_MMCF,re-exports,NCH,China,jkm_markets,0,
2024-07-15,2026-09-30,NGM_EPG0_ERE_NUS-NCI_MMCF,re-exports,NCI,Chile,americas,,
2024-07-15,2026-09-30,NGM_EPG0_ERE_NUS-NEG_MMCF,re-exports,NEG,Egypt,middle_east_africa,0,
2024-07-15,2026-09-30,NGM_EPG0_ERE_NUS-NIN_MMCF,re-exports,NIN,India,other_asia,0,
2024-07-15,2026-09-30,NGM_EPG0_ERE_NUS-NJA_MMCF,re-exports,NJA,Japan,jkm_markets,0,
2024-07-15,2026-09-30,NGM_EPG0_ERE_NUS-NKS_MMCF,re-exports,NKS,South Korea,jkm_markets,0,
2024-07-15,2026-09-30,NGM_EPG0_ERE_NUS-NMX_MMCF,re-exports,NMX,Mexico,americas,0,
2024-07-15,2026-09-30,NGM_EPG0_ERE_NUS-NPO_MMCF,re-exports,NPO,Portugal,europe,,
2024-07-15,2026-09-30,NGM_EPG0_ERE_NUS-NSP_MMCF,re-exports,NSP,Spain,europe,0,
2024-07-15,2026-09-30,NGM_EPG0_ERE_NUS-NTU_MMCF,re-exports,NTU,Turkiye,europe,0,
2024-07-15,2026-09-30,NGM_EPG0_ERE_NUS-NUK_MMCF,re-exports,NUK,United Kingdom,europe,0,
2024-07-15,2026-09-30,NGM_EPG0_ERE_NUS-Z00_MMCF,re-exports,Z00,,,0,
2024-07-15,2026-09-30,NGM_EPG0_ETR_NUS-NCA_MMCF,exports by truck,NCA,Canada,americas,7,12.98
2024-07-15,2026-09-30,NGM_EPG0_ETR_NUS-NMX_MMCF,exports by truck,NMX,Mexico,americas,12,6.57
2024-07-15,2026-09-30,NGM_EPG0_ETR_NUS-Z00_MMCF,exports by truck,Z00,,,19,9.06
2024-07-15,2026-09-30,NGM_EPG0_EVE_NUS-NAC_MMCF,exports by vessel,NAC,Antigua and Barbuda,americas,6,10.8
2024-07-15,2026-09-30,NGM_EPG0_EVE_NUS-NAT_MMCF,exports by vessel,NAT,Argentina,americas,11310,7.15
2024-07-15,2026-09-30,NGM_EPG0_EVE_NUS-NBA_MMCF,exports by vessel,NBA,Bahrain,middle_east_africa,0,
2024-07-15,2026-09-30,NGM_EPG0_EVE_NUS-NBB_MMCF,exports by vessel,NBB,Barbados,americas,18,10.39
2024-07-15,2026-09-30,NGM_EPG0_EVE_NUS-NBE_MMCF,exports by vessel,NBE,Belgium,europe,0,
2024-07-15,2026-09-30,NGM_EPG0_EVE_NUS-NBF_MMCF,exports by vessel,NBF,Bahamas,americas,54,10.39
2024-07-15,2026-09-30,NGM_EPG0_EVE_NUS-NBG_MMCF,exports by vessel,NBG,Bangladesh,other_asia,0,
2024-07-15,2026-09-30,NGM_EPG0_EVE_NUS-NBR_MMCF,exports by vessel,NBR,Brazil,americas,3531,10.1
2024-07-15,2026-09-30,NGM_EPG0_EVE_NUS-NCA_MMCF,exports by vessel,NCA,Canada,americas,,
2024-07-15,2026-09-30,NGM_EPG0_EVE_NUS-NCH_MMCF,exports by vessel,NCH,China,jkm_markets,29700,7.01
2024-07-15,2026-09-30,NGM_EPG0_EVE_NUS-NCI_MMCF,exports by vessel,NCI,Chile,americas,10640,5.86
2024-07-15,2026-09-30,NGM_EPG0_EVE_NUS-NCO_MMCF,exports by vessel,NCO,Colombia,americas,1376,6.65
2024-07-15,2026-09-30,NGM_EPG0_EVE_NUS-NDR_MMCF,exports by vessel,NDR,Dominican Republic,americas,3152,7
2024-07-15,2026-09-30,NGM_EPG0_EVE_NUS-NEG_MMCF,exports by vessel,NEG,Egypt,middle_east_africa,24297,7.36
2024-07-15,2026-09-30,NGM_EPG0_EVE_NUS-NES_MMCF,exports by vessel,NES,El Salvador,americas,0,
2024-07-15,2026-09-30,NGM_EPG0_EVE_NUS-NFI_MMCF,exports by vessel,NFI,Finland,europe,3432,9.42
2024-07-15,2026-09-30,NGM_EPG0_EVE_NUS-NFR_MMCF,exports by vessel,NFR,France,europe,14207,7.13
2024-07-15,2026-09-30,NGM_EPG0_EVE_NUS-NGM_MMCF,exports by vessel,NGM,Germany,europe,14262,9.44
2024-07-15,2026-09-30,NGM_EPG0_EVE_NUS-NGR_MMCF,exports by vessel,NGR,Greece,europe,1208,5.86
2024-07-15,2026-09-30,NGM_EPG0_EVE_NUS-NHA_MMCF,exports by vessel,NHA,Haiti,americas,11,10.39
2024-07-15,2026-09-30,NGM_EPG0_EVE_NUS-NHR_MMCF,exports by vessel,NHR,Croatia,europe,0,
2024-07-15,2026-09-30,NGM_EPG0_EVE_NUS-NID_MMCF,exports by vessel,NID,Indonesia,other_asia,,
2024-07-15,2026-09-30,NGM_EPG0_EVE_NUS-NIN_MMCF,exports by vessel,NIN,India,other_asia,25113,6.04
2024-07-15,2026-09-30,NGM_EPG0_EVE_NUS-NIS_MMCF,exports by vessel,NIS,Israel,middle_east_africa,0,
2024-07-15,2026-09-30,NGM_EPG0_EVE_NUS-NIT_MMCF,exports by vessel,NIT,Italy,europe,3965,6.25
2024-07-15,2026-09-30,NGM_EPG0_EVE_NUS-NJA_MMCF,exports by vessel,NJA,Japan,jkm_markets,30453,6.55
2024-07-15,2026-09-30,NGM_EPG0_EVE_NUS-NJM_MMCF,exports by vessel,NJM,Jamaica,americas,1409,6.36
2024-07-15,2026-09-30,NGM_EPG0_EVE_NUS-NJO_MMCF,exports by vessel,NJO,Jordan,middle_east_africa,13537,5.98
2024-07-15,2026-09-30,NGM_EPG0_EVE_NUS-NKS_MMCF,exports by vessel,NKS,South Korea,jkm_markets,24150,6.28
2024-07-15,2026-09-30,NGM_EPG0_EVE_NUS-NKU_MMCF,exports by vessel,NKU,Kuwait,middle_east_africa,0,
2024-07-15,2026-09-30,NGM_EPG0_EVE_NUS-NLH_MMCF,exports by vessel,NLH,Lithuania,europe,3334,5.87
2024-07-15,2026-09-30,NGM_EPG0_EVE_NUS-NM6_MMCF,exports by vessel,NM6,Malta,europe,2336,5.86
2024-07-15,2026-09-30,NGM_EPG0_EVE_NUS-NMR_MMCF,exports by vessel,NMR,Mauritania,middle_east_africa,517,6.9
2024-07-15,2026-09-30,NGM_EPG0_EVE_NUS-NMX_MMCF,exports by vessel,NMX,Mexico,americas,0,
2024-07-15,2026-09-30,NGM_EPG0_EVE_NUS-NMY_MMCF,exports by vessel,NMY,Malaysia,other_asia,7366,5.6
2024-07-15,2026-09-30,NGM_EPG0_EVE_NUS-NNL_MMCF,exports by vessel,NNL,Netherlands,europe,22461,6.4
2024-07-15,2026-09-30,NGM_EPG0_EVE_NUS-NNU_MMCF,exports by vessel,NNU,Nicaragua,americas,0,
2024-07-15,2026-09-30,NGM_EPG0_EVE_NUS-NPK_MMCF,exports by vessel,NPK,Pakistan,other_asia,0,
2024-07-15,2026-09-30,NGM_EPG0_EVE_NUS-NPL_MMCF,exports by vessel,NPL,Poland,europe,16541,6.01
2024-07-15,2026-09-30,NGM_EPG0_EVE_NUS-NPM_MMCF,exports by vessel,NPM,Panama,americas,0,
2024-07-15,2026-09-30,NGM_EPG0_EVE_NUS-NPO_MMCF,exports by vessel,NPO,Portugal,europe,6314,5.54
2024-07-15,2026-09-30,NGM_EPG0_EVE_NUS-NRP_MMCF,exports by vessel,NRP,Philippines,other_asia,0,
2024-07-15,2026-09-30,NGM_EPG0_EVE_NUS-NRS_MMCF,exports by vessel,NRS,Russia,europe,0,
2024-07-15,2026-09-30,NGM_EPG0_EVE_NUS-NSG_MMCF,exports by vessel,NSG,Senegal,middle_east_africa,517,6.9
2024-07-15,2026-09-30,NGM_EPG0_EVE_NUS-NSN_MMCF,exports by vessel,NSN,Singapore,other_asia,3329,6.4
2024-07-15,2026-09-30,NGM_EPG0_EVE_NUS-NSP_MMCF,exports by vessel,NSP,Spain,europe,14712,6.49
2024-07-15,2026-09-30,NGM_EPG0_EVE_NUS-NTC_MMCF,exports by vessel,NTC,United Arab Emirates,middle_east_africa,0,
2024-07-15,2026-09-30,NGM_EPG0_EVE_NUS-NTH_MMCF,exports by vessel,NTH,Thailand,other_asia,14037,7.09
2024-07-15,2026-09-30,NGM_EPG0_EVE_NUS-NTU_MMCF,exports by vessel,NTU,Turkiye,europe,0,
2024-07-15,2026-09-30,NGM_EPG0_EVE_NUS-NTW_MMCF,exports by vessel,NTW,Taiwan,jkm_markets,12857,6.48
2024-07-15,2026-09-30,NGM_EPG0_EVE_NUS-NUK_MMCF,exports by vessel,NUK,United Kingdom,europe,3703,6.9
2024-07-15,2026-09-30,NGM_EPG0_EVE_NUS-Z00_MMCF,exports by vessel,Z00,,,323853,6.72
2024-07-15,2026-09-30,NGM_EPG0_EVT_NUS-Z00_MMCF,exports by vessel and truck,Z00,,,323873,6.72
2024-08-15,2026-09-30,N9133US2,LNG total including re-exports,Z00,,,363574,5.77
2024-08-15,2026-09-30,NGM_EPG0_ERE_NUS-NAT_MMCF,re-exports,NAT,Argentina,americas,0,
2024-08-15,2026-09-30,NGM_EPG0_ERE_NUS-NBR_MMCF,re-exports,NBR,Brazil,americas,0,
2024-08-15,2026-09-30,NGM_EPG0_ERE_NUS-NCH_MMCF,re-exports,NCH,China,jkm_markets,0,
2024-08-15,2026-09-30,NGM_EPG0_ERE_NUS-NCI_MMCF,re-exports,NCI,Chile,americas,,
2024-08-15,2026-09-30,NGM_EPG0_ERE_NUS-NEG_MMCF,re-exports,NEG,Egypt,middle_east_africa,0,
2024-08-15,2026-09-30,NGM_EPG0_ERE_NUS-NIN_MMCF,re-exports,NIN,India,other_asia,0,
2024-08-15,2026-09-30,NGM_EPG0_ERE_NUS-NJA_MMCF,re-exports,NJA,Japan,jkm_markets,0,
2024-08-15,2026-09-30,NGM_EPG0_ERE_NUS-NKS_MMCF,re-exports,NKS,South Korea,jkm_markets,0,
2024-08-15,2026-09-30,NGM_EPG0_ERE_NUS-NMX_MMCF,re-exports,NMX,Mexico,americas,0,
2024-08-15,2026-09-30,NGM_EPG0_ERE_NUS-NPO_MMCF,re-exports,NPO,Portugal,europe,,
2024-08-15,2026-09-30,NGM_EPG0_ERE_NUS-NSP_MMCF,re-exports,NSP,Spain,europe,0,
2024-08-15,2026-09-30,NGM_EPG0_ERE_NUS-NTU_MMCF,re-exports,NTU,Turkiye,europe,0,
2024-08-15,2026-09-30,NGM_EPG0_ERE_NUS-NUK_MMCF,re-exports,NUK,United Kingdom,europe,0,
2024-08-15,2026-09-30,NGM_EPG0_ERE_NUS-Z00_MMCF,re-exports,Z00,,,0,
2024-08-15,2026-09-30,NGM_EPG0_ETR_NUS-NCA_MMCF,exports by truck,NCA,Canada,americas,8,12.43
2024-08-15,2026-09-30,NGM_EPG0_ETR_NUS-NMX_MMCF,exports by truck,NMX,Mexico,americas,8,5.86
2024-08-15,2026-09-30,NGM_EPG0_ETR_NUS-Z00_MMCF,exports by truck,Z00,,,15,9.09
2024-08-15,2026-09-30,NGM_EPG0_EVE_NUS-NAC_MMCF,exports by vessel,NAC,Antigua and Barbuda,americas,7,10.8
2024-08-15,2026-09-30,NGM_EPG0_EVE_NUS-NAT_MMCF,exports by vessel,NAT,Argentina,americas,4270,6.14
2024-08-15,2026-09-30,NGM_EPG0_EVE_NUS-NBA_MMCF,exports by vessel,NBA,Bahrain,middle_east_africa,0,
2024-08-15,2026-09-30,NGM_EPG0_EVE_NUS-NBB_MMCF,exports by vessel,NBB,Barbados,americas,24,10.39
2024-08-15,2026-09-30,NGM_EPG0_EVE_NUS-NBE_MMCF,exports by vessel,NBE,Belgium,europe,0,
2024-08-15,2026-09-30,NGM_EPG0_EVE_NUS-NBF_MMCF,exports by vessel,NBF,Bahamas,americas,45,10.39
2024-08-15,2026-09-30,NGM_EPG0_EVE_NUS-NBG_MMCF,exports by vessel,NBG,Bangladesh,other_asia,0,
2024-08-15,2026-09-30,NGM_EPG0_EVE_NUS-NBR_MMCF,exports by vessel,NBR,Brazil,americas,16737,5.12
2024-08-15,2026-09-30,NGM_EPG0_EVE_NUS-NCA_MMCF,exports by vessel,NCA,Canada,americas,,
2024-08-15,2026-09-30,NGM_EPG0_EVE_NUS-NCH_MMCF,exports by vessel,NCH,China,jkm_markets,28150,4.73
2024-08-15,2026-09-30,NGM_EPG0_EVE_NUS-NCI_MMCF,exports by vessel,NCI,Chile,americas,3695,8.8
2024-08-15,2026-09-30,NGM_EPG0_EVE_NUS-NCO_MMCF,exports by vessel,NCO,Colombia,americas,5160,5.68
2024-08-15,2026-09-30,NGM_EPG0_EVE_NUS-NDR_MMCF,exports by vessel,NDR,Dominican Republic,americas,9625,4.8
2024-08-15,2026-09-30,NGM_EPG0_EVE_NUS-NEG_MMCF,exports by vessel,NEG,Egypt,middle_east_africa,14658,5.66
2024-08-15,2026-09-30,NGM_EPG0_EVE_NUS-NES_MMCF,exports by vessel,NES,El Salvador,americas,0,
2024-08-15,2026-09-30,NGM_EPG0_EVE_NUS-NFI_MMCF,exports by vessel,NFI,Finland,europe,0,
2024-08-15,2026-09-30,NGM_EPG0_EVE_NUS-NFR_MMCF,exports by vessel,NFR,France,europe,8293,4.75
2024-08-15,2026-09-30,NGM_EPG0_EVE_NUS-NGM_MMCF,exports by vessel,NGM,Germany,europe,14167,8.77
2024-08-15,2026-09-30,NGM_EPG0_EVE_NUS-NGR_MMCF,exports by vessel,NGR,Greece,europe,1651,5.5
2024-08-15,2026-09-30,NGM_EPG0_EVE_NUS-NHA_MMCF,exports by vessel,NHA,Haiti,americas,10,10.39
2024-08-15,2026-09-30,NGM_EPG0_EVE_NUS-NHR_MMCF,exports by vessel,NHR,Croatia,europe,3654,5.43
2024-08-15,2026-09-30,NGM_EPG0_EVE_NUS-NID_MMCF,exports by vessel,NID,Indonesia,other_asia,1030,4.73
2024-08-15,2026-09-30,NGM_EPG0_EVE_NUS-NIN_MMCF,exports by vessel,NIN,India,other_asia,24876,5.07
2024-08-15,2026-09-30,NGM_EPG0_EVE_NUS-NIS_MMCF,exports by vessel,NIS,Israel,middle_east_africa,0,
2024-08-15,2026-09-30,NGM_EPG0_EVE_NUS-NIT_MMCF,exports by vessel,NIT,Italy,europe,21124,5.17
2024-08-15,2026-09-30,NGM_EPG0_EVE_NUS-NJA_MMCF,exports by vessel,NJA,Japan,jkm_markets,30289,6.93
2024-08-15,2026-09-30,NGM_EPG0_EVE_NUS-NJM_MMCF,exports by vessel,NJM,Jamaica,americas,1,10.79
2024-08-15,2026-09-30,NGM_EPG0_EVE_NUS-NJO_MMCF,exports by vessel,NJO,Jordan,middle_east_africa,3463,5.51
2024-08-15,2026-09-30,NGM_EPG0_EVE_NUS-NKS_MMCF,exports by vessel,NKS,South Korea,jkm_markets,42728,6.09
2024-08-15,2026-09-30,NGM_EPG0_EVE_NUS-NKU_MMCF,exports by vessel,NKU,Kuwait,middle_east_africa,3294,5.58
2024-08-15,2026-09-30,NGM_EPG0_EVE_NUS-NLH_MMCF,exports by vessel,NLH,Lithuania,europe,3208,6.04
2024-08-15,2026-09-30,NGM_EPG0_EVE_NUS-NM6_MMCF,exports by vessel,NM6,Malta,europe,0,
2024-08-15,2026-09-30,NGM_EPG0_EVE_NUS-NMR_MMCF,exports by vessel,NMR,Mauritania,middle_east_africa,0,
2024-08-15,2026-09-30,NGM_EPG0_EVE_NUS-NMX_MMCF,exports by vessel,NMX,Mexico,americas,751,6.82
2024-08-15,2026-09-30,NGM_EPG0_EVE_NUS-NMY_MMCF,exports by vessel,NMY,Malaysia,other_asia,3694,8.72
2024-08-15,2026-09-30,NGM_EPG0_EVE_NUS-NNL_MMCF,exports by vessel,NNL,Netherlands,europe,37494,5.29
2024-08-15,2026-09-30,NGM_EPG0_EVE_NUS-NNU_MMCF,exports by vessel,NNU,Nicaragua,americas,0,
2024-08-15,2026-09-30,NGM_EPG0_EVE_NUS-NPK_MMCF,exports by vessel,NPK,Pakistan,other_asia,0,
2024-08-15,2026-09-30,NGM_EPG0_EVE_NUS-NPL_MMCF,exports by vessel,NPL,Poland,europe,11026,5.08
2024-08-15,2026-09-30,NGM_EPG0_EVE_NUS-NPM_MMCF,exports by vessel,NPM,Panama,americas,1945,6.03
2024-08-15,2026-09-30,NGM_EPG0_EVE_NUS-NPO_MMCF,exports by vessel,NPO,Portugal,europe,6188,4.67
2024-08-15,2026-09-30,NGM_EPG0_EVE_NUS-NRP_MMCF,exports by vessel,NRP,Philippines,other_asia,0,
2024-08-15,2026-09-30,NGM_EPG0_EVE_NUS-NRS_MMCF,exports by vessel,NRS,Russia,europe,0,
2024-08-15,2026-09-30,NGM_EPG0_EVE_NUS-NSG_MMCF,exports by vessel,NSG,Senegal,middle_east_africa,0,
2024-08-15,2026-09-30,NGM_EPG0_EVE_NUS-NSN_MMCF,exports by vessel,NSN,Singapore,other_asia,6791,4.26
2024-08-15,2026-09-30,NGM_EPG0_EVE_NUS-NSP_MMCF,exports by vessel,NSP,Spain,europe,20877,5.13
2024-08-15,2026-09-30,NGM_EPG0_EVE_NUS-NTC_MMCF,exports by vessel,NTC,United Arab Emirates,middle_east_africa,0,
2024-08-15,2026-09-30,NGM_EPG0_EVE_NUS-NTH_MMCF,exports by vessel,NTH,Thailand,other_asia,10917,5.04
2024-08-15,2026-09-30,NGM_EPG0_EVE_NUS-NTU_MMCF,exports by vessel,NTU,Turkiye,europe,0,
2024-08-15,2026-09-30,NGM_EPG0_EVE_NUS-NTW_MMCF,exports by vessel,NTW,Taiwan,jkm_markets,9828,6.82
2024-08-15,2026-09-30,NGM_EPG0_EVE_NUS-NUK_MMCF,exports by vessel,NUK,United Kingdom,europe,13891,7.97
2024-08-15,2026-09-30,NGM_EPG0_EVE_NUS-Z00_MMCF,exports by vessel,Z00,,,363559,5.77
2024-08-15,2026-09-30,NGM_EPG0_EVT_NUS-Z00_MMCF,exports by vessel and truck,Z00,,,363574,5.77
2024-09-15,2026-09-30,N9133US2,LNG total including re-exports,Z00,,,363030,6.09
2024-09-15,2026-09-30,NGM_EPG0_ERE_NUS-NAT_MMCF,re-exports,NAT,Argentina,americas,0,
2024-09-15,2026-09-30,NGM_EPG0_ERE_NUS-NBR_MMCF,re-exports,NBR,Brazil,americas,0,
2024-09-15,2026-09-30,NGM_EPG0_ERE_NUS-NCH_MMCF,re-exports,NCH,China,jkm_markets,0,
2024-09-15,2026-09-30,NGM_EPG0_ERE_NUS-NCI_MMCF,re-exports,NCI,Chile,americas,,
2024-09-15,2026-09-30,NGM_EPG0_ERE_NUS-NEG_MMCF,re-exports,NEG,Egypt,middle_east_africa,0,
2024-09-15,2026-09-30,NGM_EPG0_ERE_NUS-NIN_MMCF,re-exports,NIN,India,other_asia,0,
2024-09-15,2026-09-30,NGM_EPG0_ERE_NUS-NJA_MMCF,re-exports,NJA,Japan,jkm_markets,0,
2024-09-15,2026-09-30,NGM_EPG0_ERE_NUS-NKS_MMCF,re-exports,NKS,South Korea,jkm_markets,0,
2024-09-15,2026-09-30,NGM_EPG0_ERE_NUS-NMX_MMCF,re-exports,NMX,Mexico,americas,0,
2024-09-15,2026-09-30,NGM_EPG0_ERE_NUS-NPO_MMCF,re-exports,NPO,Portugal,europe,,
2024-09-15,2026-09-30,NGM_EPG0_ERE_NUS-NSP_MMCF,re-exports,NSP,Spain,europe,0,
2024-09-15,2026-09-30,NGM_EPG0_ERE_NUS-NTU_MMCF,re-exports,NTU,Turkiye,europe,0,
2024-09-15,2026-09-30,NGM_EPG0_ERE_NUS-NUK_MMCF,re-exports,NUK,United Kingdom,europe,0,
2024-09-15,2026-09-30,NGM_EPG0_ERE_NUS-Z00_MMCF,re-exports,Z00,,,0,
2024-09-15,2026-09-30,NGM_EPG0_ETR_NUS-NCA_MMCF,exports by truck,NCA,Canada,americas,9,12.65
2024-09-15,2026-09-30,NGM_EPG0_ETR_NUS-NMX_MMCF,exports by truck,NMX,Mexico,americas,4,5.86
2024-09-15,2026-09-30,NGM_EPG0_ETR_NUS-Z00_MMCF,exports by truck,Z00,,,12,10.64
2024-09-15,2026-09-30,NGM_EPG0_EVE_NUS-NAC_MMCF,exports by vessel,NAC,Antigua and Barbuda,americas,2,10.8
2024-09-15,2026-09-30,NGM_EPG0_EVE_NUS-NAT_MMCF,exports by vessel,NAT,Argentina,americas,0,
2024-09-15,2026-09-30,NGM_EPG0_EVE_NUS-NBA_MMCF,exports by vessel,NBA,Bahrain,middle_east_africa,0,
2024-09-15,2026-09-30,NGM_EPG0_EVE_NUS-NBB_MMCF,exports by vessel,NBB,Barbados,americas,23,10.39
2024-09-15,2026-09-30,NGM_EPG0_EVE_NUS-NBE_MMCF,exports by vessel,NBE,Belgium,europe,3372,5.53
2024-09-15,2026-09-30,NGM_EPG0_EVE_NUS-NBF_MMCF,exports by vessel,NBF,Bahamas,americas,34,10.39
2024-09-15,2026-09-30,NGM_EPG0_EVE_NUS-NBG_MMCF,exports by vessel,NBG,Bangladesh,other_asia,6328,7.47
2024-09-15,2026-09-30,NGM_EPG0_EVE_NUS-NBR_MMCF,exports by vessel,NBR,Brazil,americas,21787,5.49
2024-09-15,2026-09-30,NGM_EPG0_EVE_NUS-NCA_MMCF,exports by vessel,NCA,Canada,americas,,
2024-09-15,2026-09-30,NGM_EPG0_EVE_NUS-NCH_MMCF,exports by vessel,NCH,China,jkm_markets,31621,6.33
2024-09-15,2026-09-30,NGM_EPG0_EVE_NUS-NCI_MMCF,exports by vessel,NCI,Chile,americas,0,
2024-09-15,2026-09-30,NGM_EPG0_EVE_NUS-NCO_MMCF,exports by vessel,NCO,Colombia,americas,9766,5.56
2024-09-15,2026-09-30,NGM_EPG0_EVE_NUS-NDR_MMCF,exports by vessel,NDR,Dominican Republic,americas,5242,6.71
2024-09-15,2026-09-30,NGM_EPG0_EVE_NUS-NEG_MMCF,exports by vessel,NEG,Egypt,middle_east_africa,10957,7.31
2024-09-15,2026-09-30,NGM_EPG0_EVE_NUS-NES_MMCF,exports by vessel,NES,El Salvador,americas,0,
2024-09-15,2026-09-30,NGM_EPG0_EVE_NUS-NFI_MMCF,exports by vessel,NFI,Finland,europe,0,
2024-09-15,2026-09-30,NGM_EPG0_EVE_NUS-NFR_MMCF,exports by vessel,NFR,France,europe,24388,5.54
2024-09-15,2026-09-30,NGM_EPG0_EVE_NUS-NGM_MMCF,exports by vessel,NGM,Germany,europe,21633,9.42
2024-09-15,2026-09-30,NGM_EPG0_EVE_NUS-NGR_MMCF,exports by vessel,NGR,Greece,europe,0,
2024-09-15,2026-09-30,NGM_EPG0_EVE_NUS-NHA_MMCF,exports by vessel,NHA,Haiti,americas,0,
2024-09-15,2026-09-30,NGM_EPG0_EVE_NUS-NHR_MMCF,exports by vessel,NHR,Croatia,europe,0,
2024-09-15,2026-09-30,NGM_EPG0_EVE_NUS-NID_MMCF,exports by vessel,NID,Indonesia,other_asia,0,
2024-09-15,2026-09-30,NGM_EPG0_EVE_NUS-NIN_MMCF,exports by vessel,NIN,India,other_asia,31990,5.31
2024-09-15,2026-09-30,NGM_EPG0_EVE_NUS-NIS_MMCF,exports by vessel,NIS,Israel,middle_east_africa,0,
2024-09-15,2026-09-30,NGM_EPG0_EVE_NUS-NIT_MMCF,exports by vessel,NIT,Italy,europe,17217,6.21
2024-09-15,2026-09-30,NGM_EPG0_EVE_NUS-NJA_MMCF,exports by vessel,NJA,Japan,jkm_markets,32183,5.77
2024-09-15,2026-09-30,NGM_EPG0_EVE_NUS-NJM_MMCF,exports by vessel,NJM,Jamaica,americas,3523,5.54
2024-09-15,2026-09-30,NGM_EPG0_EVE_NUS-NJO_MMCF,exports by vessel,NJO,Jordan,middle_east_africa,7116,5.28
2024-09-15,2026-09-30,NGM_EPG0_EVE_NUS-NKS_MMCF,exports by vessel,NKS,South Korea,jkm_markets,25698,5.41
2024-09-15,2026-09-30,NGM_EPG0_EVE_NUS-NKU_MMCF,exports by vessel,NKU,Kuwait,middle_east_africa,3831,11.28
2024-09-15,2026-09-30,NGM_EPG0_EVE_NUS-NLH_MMCF,exports by vessel,NLH,Lithuania,europe,6878,5.78
2024-09-15,2026-09-30,NGM_EPG0_EVE_NUS-NM6_MMCF,exports by vessel,NM6,Malta,europe,0,
2024-09-15,2026-09-30,NGM_EPG0_EVE_NUS-NMR_MMCF,exports by vessel,NMR,Mauritania,middle_east_africa,0,
2024-09-15,2026-09-30,NGM_EPG0_EVE_NUS-NMX_MMCF,exports by vessel,NMX,Mexico,americas,0,
2024-09-15,2026-09-30,NGM_EPG0_EVE_NUS-NMY_MMCF,exports by vessel,NMY,Malaysia,other_asia,0,
2024-09-15,2026-09-30,NGM_EPG0_EVE_NUS-NNL_MMCF,exports by vessel,NNL,Netherlands,europe,48864,5.98
2024-09-15,2026-09-30,NGM_EPG0_EVE_NUS-NNU_MMCF,exports by vessel,NNU,Nicaragua,americas,0,
2024-09-15,2026-09-30,NGM_EPG0_EVE_NUS-NPK_MMCF,exports by vessel,NPK,Pakistan,other_asia,0,
2024-09-15,2026-09-30,NGM_EPG0_EVE_NUS-NPL_MMCF,exports by vessel,NPL,Poland,europe,14417,4.77
2024-09-15,2026-09-30,NGM_EPG0_EVE_NUS-NPM_MMCF,exports by vessel,NPM,Panama,americas,2382,11.04
2024-09-15,2026-09-30,NGM_EPG0_EVE_NUS-NPO_MMCF,exports by vessel,NPO,Portugal,europe,6435,4.67
2024-09-15,2026-09-30,NGM_EPG0_EVE_NUS-NRP_MMCF,exports by vessel,NRP,Philippines,other_asia,0,
2024-09-15,2026-09-30,NGM_EPG0_EVE_NUS-NRS_MMCF,exports by vessel,NRS,Russia,europe,0,
2024-09-15,2026-09-30,NGM_EPG0_EVE_NUS-NSG_MMCF,exports by vessel,NSG,Senegal,middle_east_africa,0,
2024-09-15,2026-09-30,NGM_EPG0_EVE_NUS-NSN_MMCF,exports by vessel,NSN,Singapore,other_asia,0,
2024-09-15,2026-09-30,NGM_EPG0_EVE_NUS-NSP_MMCF,exports by vessel,NSP,Spain,europe,14107,5.92
2024-09-15,2026-09-30,NGM_EPG0_EVE_NUS-NTC_MMCF,exports by vessel,NTC,United Arab Emirates,middle_east_africa,0,
2024-09-15,2026-09-30,NGM_EPG0_EVE_NUS-NTH_MMCF,exports by vessel,NTH,Thailand,other_asia,0,
2024-09-15,2026-09-30,NGM_EPG0_EVE_NUS-NTU_MMCF,exports by vessel,NTU,Turkiye,europe,0,
2024-09-15,2026-09-30,NGM_EPG0_EVE_NUS-NTW_MMCF,exports by vessel,NTW,Taiwan,jkm_markets,9647,4.93
2024-09-15,2026-09-30,NGM_EPG0_EVE_NUS-NUK_MMCF,exports by vessel,NUK,United Kingdom,europe,3575,7.05
2024-09-15,2026-09-30,NGM_EPG0_EVE_NUS-Z00_MMCF,exports by vessel,Z00,,,363017,6.09
2024-09-15,2026-09-30,NGM_EPG0_EVT_NUS-Z00_MMCF,exports by vessel and truck,Z00,,,363030,6.09
2024-10-15,2026-09-30,N9133US2,LNG total including re-exports,Z00,,,376200,6.86
2024-10-15,2026-09-30,NGM_EPG0_ERE_NUS-NAT_MMCF,re-exports,NAT,Argentina,americas,0,
2024-10-15,2026-09-30,NGM_EPG0_ERE_NUS-NBR_MMCF,re-exports,NBR,Brazil,americas,0,
2024-10-15,2026-09-30,NGM_EPG0_ERE_NUS-NCH_MMCF,re-exports,NCH,China,jkm_markets,0,
2024-10-15,2026-09-30,NGM_EPG0_ERE_NUS-NCI_MMCF,re-exports,NCI,Chile,americas,,
2024-10-15,2026-09-30,NGM_EPG0_ERE_NUS-NEG_MMCF,re-exports,NEG,Egypt,middle_east_africa,0,
2024-10-15,2026-09-30,NGM_EPG0_ERE_NUS-NIN_MMCF,re-exports,NIN,India,other_asia,0,
2024-10-15,2026-09-30,NGM_EPG0_ERE_NUS-NJA_MMCF,re-exports,NJA,Japan,jkm_markets,0,
2024-10-15,2026-09-30,NGM_EPG0_ERE_NUS-NKS_MMCF,re-exports,NKS,South Korea,jkm_markets,0,
2024-10-15,2026-09-30,NGM_EPG0_ERE_NUS-NMX_MMCF,re-exports,NMX,Mexico,americas,0,
2024-10-15,2026-09-30,NGM_EPG0_ERE_NUS-NPO_MMCF,re-exports,NPO,Portugal,europe,,
2024-10-15,2026-09-30,NGM_EPG0_ERE_NUS-NSP_MMCF,re-exports,NSP,Spain,europe,0,
2024-10-15,2026-09-30,NGM_EPG0_ERE_NUS-NTU_MMCF,re-exports,NTU,Turkiye,europe,0,
2024-10-15,2026-09-30,NGM_EPG0_ERE_NUS-NUK_MMCF,re-exports,NUK,United Kingdom,europe,0,
2024-10-15,2026-09-30,NGM_EPG0_ERE_NUS-Z00_MMCF,re-exports,Z00,,,0,
2024-10-15,2026-09-30,NGM_EPG0_ETR_NUS-NCA_MMCF,exports by truck,NCA,Canada,americas,0,
2024-10-15,2026-09-30,NGM_EPG0_ETR_NUS-NMX_MMCF,exports by truck,NMX,Mexico,americas,0,
2024-10-15,2026-09-30,NGM_EPG0_ETR_NUS-Z00_MMCF,exports by truck,Z00,,,0,
2024-10-15,2026-09-30,NGM_EPG0_EVE_NUS-NAC_MMCF,exports by vessel,NAC,Antigua and Barbuda,americas,8,10.8
2024-10-15,2026-09-30,NGM_EPG0_EVE_NUS-NAT_MMCF,exports by vessel,NAT,Argentina,americas,0,
2024-10-15,2026-09-30,NGM_EPG0_EVE_NUS-NBA_MMCF,exports by vessel,NBA,Bahrain,middle_east_africa,0,
2024-10-15,2026-09-30,NGM_EPG0_EVE_NUS-NBB_MMCF,exports by vessel,NBB,Barbados,americas,34,10.39
2024-10-15,2026-09-30,NGM_EPG0_EVE_NUS-NBE_MMCF,exports by vessel,NBE,Belgium,europe,3682,11.58
2024-10-15,2026-09-30,NGM_EPG0_EVE_NUS-NBF_MMCF,exports by vessel,NBF,Bahamas,americas,43,10.39
2024-10-15,2026-09-30,NGM_EPG0_EVE_NUS-NBG_MMCF,exports by vessel,NBG,Bangladesh,other_asia,10291,5.96
2024-10-15,2026-09-30,NGM_EPG0_EVE_NUS-NBR_MMCF,exports by vessel,NBR,Brazil,americas,13494,6.24
2024-10-15,2026-09-30,NGM_EPG0_EVE_NUS-NCA_MMCF,exports by vessel,NCA,Canada,americas,,
2024-10-15,2026-09-30,NGM_EPG0_EVE_NUS-NCH_MMCF,exports by vessel,NCH,China,jkm_markets,11448,7.85
2024-10-15,2026-09-30,NGM_EPG0_EVE_NUS-NCI_MMCF,exports by vessel,NCI,Chile,americas,0,
2024-10-15,2026-09-30,NGM_EPG0_EVE_NUS-NCO_MMCF,exports by vessel,NCO,Colombia,americas,5326,10.21
2024-10-15,2026-09-30,NGM_EPG0_EVE_NUS-NDR_MMCF,exports by vessel,NDR,Dominican Republic,americas,9688,7.5
2024-10-15,2026-09-30,NGM_EPG0_EVE_NUS-NEG_MMCF,exports by vessel,NEG,Egypt,middle_east_africa,21571,5.82
2024-10-15,2026-09-30,NGM_EPG0_EVE_NUS-NES_MMCF,exports by vessel,NES,El Salvador,americas,0,
2024-10-15,2026-09-30,NGM_EPG0_EVE_NUS-NFI_MMCF,exports by vessel,NFI,Finland,europe,0,
2024-10-15,2026-09-30,NGM_EPG0_EVE_NUS-NFR_MMCF,exports by vessel,NFR,France,europe,39630,7.08
2024-10-15,2026-09-30,NGM_EPG0_EVE_NUS-NGM_MMCF,exports by vessel,NGM,Germany,europe,14707,10.41
2024-10-15,2026-09-30,NGM_EPG0_EVE_NUS-NGR_MMCF,exports by vessel,NGR,Greece,europe,8048,5.82
2024-10-15,2026-09-30,NGM_EPG0_EVE_NUS-NHA_MMCF,exports by vessel,NHA,Haiti,americas,0,
2024-10-15,2026-09-30,NGM_EPG0_EVE_NUS-NHR_MMCF,exports by vessel,NHR,Croatia,europe,10186,6.58
2024-10-15,2026-09-30,NGM_EPG0_EVE_NUS-NID_MMCF,exports by vessel,NID,Indonesia,other_asia,428,5.47
2024-10-15,2026-09-30,NGM_EPG0_EVE_NUS-NIN_MMCF,exports by vessel,NIN,India,other_asia,27366,6.05
2024-10-15,2026-09-30,NGM_EPG0_EVE_NUS-NIS_MMCF,exports by vessel,NIS,Israel,middle_east_africa,0,
2024-10-15,2026-09-30,NGM_EPG0_EVE_NUS-NIT_MMCF,exports by vessel,NIT,Italy,europe,17527,6.62
2024-10-15,2026-09-30,NGM_EPG0_EVE_NUS-NJA_MMCF,exports by vessel,NJA,Japan,jkm_markets,30025,6.56
2024-10-15,2026-09-30,NGM_EPG0_EVE_NUS-NJM_MMCF,exports by vessel,NJM,Jamaica,americas,1146,5.62
2024-10-15,2026-09-30,NGM_EPG0_EVE_NUS-NJO_MMCF,exports by vessel,NJO,Jordan,middle_east_africa,0,
2024-10-15,2026-09-30,NGM_EPG0_EVE_NUS-NKS_MMCF,exports by vessel,NKS,South Korea,jkm_markets,21279,6.09
2024-10-15,2026-09-30,NGM_EPG0_EVE_NUS-NKU_MMCF,exports by vessel,NKU,Kuwait,middle_east_africa,2337,6.35
2024-10-15,2026-09-30,NGM_EPG0_EVE_NUS-NLH_MMCF,exports by vessel,NLH,Lithuania,europe,9983,6.13
2024-10-15,2026-09-30,NGM_EPG0_EVE_NUS-NM6_MMCF,exports by vessel,NM6,Malta,europe,0,
2024-10-15,2026-09-30,NGM_EPG0_EVE_NUS-NMR_MMCF,exports by vessel,NMR,Mauritania,middle_east_africa,0,
2024-10-15,2026-09-30,NGM_EPG0_EVE_NUS-NMX_MMCF,exports by vessel,NMX,Mexico,americas,2550,5.67
2024-10-15,2026-09-30,NGM_EPG0_EVE_NUS-NMY_MMCF,exports by vessel,NMY,Malaysia,other_asia,0,
2024-10-15,2026-09-30,NGM_EPG0_EVE_NUS-NNL_MMCF,exports by vessel,NNL,Netherlands,europe,32221,6.18
2024-10-15,2026-09-30,NGM_EPG0_EVE_NUS-NNU_MMCF,exports by vessel,NNU,Nicaragua,americas,0,
2024-10-15,2026-09-30,NGM_EPG0_EVE_NUS-NPK_MMCF,exports by vessel,NPK,Pakistan,other_asia,0,
2024-10-15,2026-09-30,NGM_EPG0_EVE_NUS-NPL_MMCF,exports by vessel,NPL,Poland,europe,10866,9.14
2024-10-15,2026-09-30,NGM_EPG0_EVE_NUS-NPM_MMCF,exports by vessel,NPM,Panama,americas,0,
2024-10-15,2026-09-30,NGM_EPG0_EVE_NUS-NPO_MMCF,exports by vessel,NPO,Portugal,europe,3070,5.16
2024-10-15,2026-09-30,NGM_EPG0_EVE_NUS-NRP_MMCF,exports by vessel,NRP,Philippines,other_asia,0,
2024-10-15,2026-09-30,NGM_EPG0_EVE_NUS-NRS_MMCF,exports by vessel,NRS,Russia,europe,0,
2024-10-15,2026-09-30,NGM_EPG0_EVE_NUS-NSG_MMCF,exports by vessel,NSG,Senegal,middle_east_africa,0,
2024-10-15,2026-09-30,NGM_EPG0_EVE_NUS-NSN_MMCF,exports by vessel,NSN,Singapore,other_asia,3920,6.96
2024-10-15,2026-09-30,NGM_EPG0_EVE_NUS-NSP_MMCF,exports by vessel,NSP,Spain,europe,7021,6.47
2024-10-15,2026-09-30,NGM_EPG0_EVE_NUS-NTC_MMCF,exports by vessel,NTC,United Arab Emirates,middle_east_africa,0,
2024-10-15,2026-09-30,NGM_EPG0_EVE_NUS-NTH_MMCF,exports by vessel,NTH,Thailand,other_asia,10743,5.99
2024-10-15,2026-09-30,NGM_EPG0_EVE_NUS-NTU_MMCF,exports by vessel,NTU,Turkiye,europe,24106,6.81
2024-10-15,2026-09-30,NGM_EPG0_EVE_NUS-NTW_MMCF,exports by vessel,NTW,Taiwan,jkm_markets,9622,7.57
2024-10-15,2026-09-30,NGM_EPG0_EVE_NUS-NUK_MMCF,exports by vessel,NUK,United Kingdom,europe,13835,7.78
2024-10-15,2026-09-30,NGM_EPG0_EVE_NUS-Z00_MMCF,exports by vessel,Z00,,,376200,6.86
2024-10-15,2026-09-30,NGM_EPG0_EVT_NUS-Z00_MMCF,exports by vessel and truck,Z00,,,376200,6.86
2024-11-15,2026-09-30,N9133US2,LNG total including re-exports,Z00,,,376065,6.7
2024-11-15,2026-09-30,NGM_EPG0_ERE_NUS-NAT_MMCF,re-exports,NAT,Argentina,americas,0,
2024-11-15,2026-09-30,NGM_EPG0_ERE_NUS-NBR_MMCF,re-exports,NBR,Brazil,americas,0,
2024-11-15,2026-09-30,NGM_EPG0_ERE_NUS-NCH_MMCF,re-exports,NCH,China,jkm_markets,0,
2024-11-15,2026-09-30,NGM_EPG0_ERE_NUS-NCI_MMCF,re-exports,NCI,Chile,americas,,
2024-11-15,2026-09-30,NGM_EPG0_ERE_NUS-NEG_MMCF,re-exports,NEG,Egypt,middle_east_africa,0,
2024-11-15,2026-09-30,NGM_EPG0_ERE_NUS-NIN_MMCF,re-exports,NIN,India,other_asia,0,
2024-11-15,2026-09-30,NGM_EPG0_ERE_NUS-NJA_MMCF,re-exports,NJA,Japan,jkm_markets,0,
2024-11-15,2026-09-30,NGM_EPG0_ERE_NUS-NKS_MMCF,re-exports,NKS,South Korea,jkm_markets,0,
2024-11-15,2026-09-30,NGM_EPG0_ERE_NUS-NMX_MMCF,re-exports,NMX,Mexico,americas,0,
2024-11-15,2026-09-30,NGM_EPG0_ERE_NUS-NPO_MMCF,re-exports,NPO,Portugal,europe,,
2024-11-15,2026-09-30,NGM_EPG0_ERE_NUS-NSP_MMCF,re-exports,NSP,Spain,europe,0,
2024-11-15,2026-09-30,NGM_EPG0_ERE_NUS-NTU_MMCF,re-exports,NTU,Turkiye,europe,0,
2024-11-15,2026-09-30,NGM_EPG0_ERE_NUS-NUK_MMCF,re-exports,NUK,United Kingdom,europe,0,
2024-11-15,2026-09-30,NGM_EPG0_ERE_NUS-Z00_MMCF,re-exports,Z00,,,0,
2024-11-15,2026-09-30,NGM_EPG0_ETR_NUS-NCA_MMCF,exports by truck,NCA,Canada,americas,18,11.62
2024-11-15,2026-09-30,NGM_EPG0_ETR_NUS-NMX_MMCF,exports by truck,NMX,Mexico,americas,1,6.14
2024-11-15,2026-09-30,NGM_EPG0_ETR_NUS-Z00_MMCF,exports by truck,Z00,,,20,11.22
2024-11-15,2026-09-30,NGM_EPG0_EVE_NUS-NAC_MMCF,exports by vessel,NAC,Antigua and Barbuda,americas,5,10.8
2024-11-15,2026-09-30,NGM_EPG0_EVE_NUS-NAT_MMCF,exports by vessel,NAT,Argentina,americas,0,
2024-11-15,2026-09-30,NGM_EPG0_EVE_NUS-NBA_MMCF,exports by vessel,NBA,Bahrain,middle_east_africa,0,
2024-11-15,2026-09-30,NGM_EPG0_EVE_NUS-NBB_MMCF,exports by vessel,NBB,Barbados,americas,10,10.39
2024-11-15,2026-09-30,NGM_EPG0_EVE_NUS-NBE_MMCF,exports by vessel,NBE,Belgium,europe,0,
2024-11-15,2026-09-30,NGM_EPG0_EVE_NUS-NBF_MMCF,exports by vessel,NBF,Bahamas,americas,43,10.39
2024-11-15,2026-09-30,NGM_EPG0_EVE_NUS-NBG_MMCF,exports by vessel,NBG,Bangladesh,other_asia,7108,4.98
2024-11-15,2026-09-30,NGM_EPG0_EVE_NUS-NBR_MMCF,exports by vessel,NBR,Brazil,americas,9837,6.18
2024-11-15,2026-09-30,NGM_EPG0_EVE_NUS-NCA_MMCF,exports by vessel,NCA,Canada,americas,,
2024-11-15,2026-09-30,NGM_EPG0_EVE_NUS-NCH_MMCF,exports by vessel,NCH,China,jkm_markets,10113,5.3
2024-11-15,2026-09-30,NGM_EPG0_EVE_NUS-NCI_MMCF,exports by vessel,NCI,Chile,americas,2434,5.53
2024-11-15,2026-09-30,NGM_EPG0_EVE_NUS-NCO_MMCF,exports by vessel,NCO,Colombia,americas,3243,6.01
2024-11-15,2026-09-30,NGM_EPG0_EVE_NUS-NDR_MMCF,exports by vessel,NDR,Dominican Republic,americas,4826,10.06
2024-11-15,2026-09-30,NGM_EPG0_EVE_NUS-NEG_MMCF,exports by vessel,NEG,Egypt,middle_east_africa,21923,5.52
2024-11-15,2026-09-30,NGM_EPG0_EVE_NUS-NES_MMCF,exports by vessel,NES,El Salvador,americas,1167,5.53
2024-11-15,2026-09-30,NGM_EPG0_EVE_NUS-NFI_MMCF,exports by vessel,NFI,Finland,europe,0,
2024-11-15,2026-09-30,NGM_EPG0_EVE_NUS-NFR_MMCF,exports by vessel,NFR,France,europe,23601,8.11
2024-11-15,2026-09-30,NGM_EPG0_EVE_NUS-NGM_MMCF,exports by vessel,NGM,Germany,europe,16296,9.82
2024-11-15,2026-09-30,NGM_EPG0_EVE_NUS-NGR_MMCF,exports by vessel,NGR,Greece,europe,14633,7.35
2024-11-15,2026-09-30,NGM_EPG0_EVE_NUS-NHA_MMCF,exports by vessel,NHA,Haiti,americas,0,
2024-11-15,2026-09-30,NGM_EPG0_EVE_NUS-NHR_MMCF,exports by vessel,NHR,Croatia,europe,0,
2024-11-15,2026-09-30,NGM_EPG0_EVE_NUS-NID_MMCF,exports by vessel,NID,Indonesia,other_asia,3392,4.7
2024-11-15,2026-09-30,NGM_EPG0_EVE_NUS-NIN_MMCF,exports by vessel,NIN,India,other_asia,6774,6.14
2024-11-15,2026-09-30,NGM_EPG0_EVE_NUS-NIS_MMCF,exports by vessel,NIS,Israel,middle_east_africa,0,
2024-11-15,2026-09-30,NGM_EPG0_EVE_NUS-NIT_MMCF,exports by vessel,NIT,Italy,europe,19322,6.03
2024-11-15,2026-09-30,NGM_EPG0_EVE_NUS-NJA_MMCF,exports by vessel,NJA,Japan,jkm_markets,27725,7.11
2024-11-15,2026-09-30,NGM_EPG0_EVE_NUS-NJM_MMCF,exports by vessel,NJM,Jamaica,americas,776,4.72
2024-11-15,2026-09-30,NGM_EPG0_EVE_NUS-NJO_MMCF,exports by vessel,NJO,Jordan,middle_east_africa,0,
2024-11-15,2026-09-30,NGM_EPG0_EVE_NUS-NKS_MMCF,exports by vessel,NKS,South Korea,jkm_markets,16211,6.27
2024-11-15,2026-09-30,NGM_EPG0_EVE_NUS-NKU_MMCF,exports by vessel,NKU,Kuwait,middle_east_africa,0,
2024-11-15,2026-09-30,NGM_EPG0_EVE_NUS-NLH_MMCF,exports by vessel,NLH,Lithuania,europe,3682,4.73
2024-11-15,2026-09-30,NGM_EPG0_EVE_NUS-NM6_MMCF,exports by vessel,NM6,Malta,europe,2295,3.04
2024-11-15,2026-09-30,NGM_EPG0_EVE_NUS-NMR_MMCF,exports by vessel,NMR,Mauritania,middle_east_africa,0,
2024-11-15,2026-09-30,NGM_EPG0_EVE_NUS-NMX_MMCF,exports by vessel,NMX,Mexico,americas,0,
2024-11-15,2026-09-30,NGM_EPG0_EVE_NUS-NMY_MMCF,exports by vessel,NMY,Malaysia,other_asia,0,
2024-11-15,2026-09-30,NGM_EPG0_EVE_NUS-NNL_MMCF,exports by vessel,NNL,Netherlands,europe,29842,6.8
2024-11-15,2026-09-30,NGM_EPG0_EVE_NUS-NNU_MMCF,exports by vessel,NNU,Nicaragua,americas,0,
2024-11-15,2026-09-30,NGM_EPG0_EVE_NUS-NPK_MMCF,exports by vessel,NPK,Pakistan,other_asia,0,
2024-11-15,2026-09-30,NGM_EPG0_EVE_NUS-NPL_MMCF,exports by vessel,NPL,Poland,europe,14011,5.57
2024-11-15,2026-09-30,NGM_EPG0_EVE_NUS-NPM_MMCF,exports by vessel,NPM,Panama,americas,2518,4.73
2024-11-15,2026-09-30,NGM_EPG0_EVE_NUS-NPO_MMCF,exports by vessel,NPO,Portugal,europe,6386,5.2
2024-11-15,2026-09-30,NGM_EPG0_EVE_NUS-NRP_MMCF,exports by vessel,NRP,Philippines,other_asia,0,
2024-11-15,2026-09-30,NGM_EPG0_EVE_NUS-NRS_MMCF,exports by vessel,NRS,Russia,europe,0,
2024-11-15,2026-09-30,NGM_EPG0_EVE_NUS-NSG_MMCF,exports by vessel,NSG,Senegal,middle_east_africa,0,
2024-11-15,2026-09-30,NGM_EPG0_EVE_NUS-NSN_MMCF,exports by vessel,NSN,Singapore,other_asia,10739,5.72
2024-11-15,2026-09-30,NGM_EPG0_EVE_NUS-NSP_MMCF,exports by vessel,NSP,Spain,europe,10584,5.31
2024-11-15,2026-09-30,NGM_EPG0_EVE_NUS-NTC_MMCF,exports by vessel,NTC,United Arab Emirates,middle_east_africa,0,
2024-11-15,2026-09-30,NGM_EPG0_EVE_NUS-NTH_MMCF,exports by vessel,NTH,Thailand,other_asia,3559,11.75
2024-11-15,2026-09-30,NGM_EPG0_EVE_NUS-NTU_MMCF,exports by vessel,NTU,Turkiye,europe,47445,7.12
2024-11-15,2026-09-30,NGM_EPG0_EVE_NUS-NTW_MMCF,exports by vessel,NTW,Taiwan,jkm_markets,10102,5.33
2024-11-15,2026-09-30,NGM_EPG0_EVE_NUS-NUK_MMCF,exports by vessel,NUK,United Kingdom,europe,45444,7.15
2024-11-15,2026-09-30,NGM_EPG0_EVE_NUS-Z00_MMCF,exports by vessel,Z00,,,376045,6.7
2024-11-15,2026-09-30,NGM_EPG0_EVT_NUS-Z00_MMCF,exports by vessel and truck,Z00,,,376065,6.7
2024-12-15,2026-09-30,N9133US2,LNG total including re-exports,Z00,,,410786,7.67
2024-12-15,2026-09-30,NGM_EPG0_ERE_NUS-NAT_MMCF,re-exports,NAT,Argentina,americas,0,
2024-12-15,2026-09-30,NGM_EPG0_ERE_NUS-NBR_MMCF,re-exports,NBR,Brazil,americas,0,
2024-12-15,2026-09-30,NGM_EPG0_ERE_NUS-NCH_MMCF,re-exports,NCH,China,jkm_markets,0,
2024-12-15,2026-09-30,NGM_EPG0_ERE_NUS-NCI_MMCF,re-exports,NCI,Chile,americas,,
2024-12-15,2026-09-30,NGM_EPG0_ERE_NUS-NEG_MMCF,re-exports,NEG,Egypt,middle_east_africa,0,
2024-12-15,2026-09-30,NGM_EPG0_ERE_NUS-NIN_MMCF,re-exports,NIN,India,other_asia,0,
2024-12-15,2026-09-30,NGM_EPG0_ERE_NUS-NJA_MMCF,re-exports,NJA,Japan,jkm_markets,0,
2024-12-15,2026-09-30,NGM_EPG0_ERE_NUS-NKS_MMCF,re-exports,NKS,South Korea,jkm_markets,0,
2024-12-15,2026-09-30,NGM_EPG0_ERE_NUS-NMX_MMCF,re-exports,NMX,Mexico,americas,0,
2024-12-15,2026-09-30,NGM_EPG0_ERE_NUS-NPO_MMCF,re-exports,NPO,Portugal,europe,,
2024-12-15,2026-09-30,NGM_EPG0_ERE_NUS-NSP_MMCF,re-exports,NSP,Spain,europe,0,
2024-12-15,2026-09-30,NGM_EPG0_ERE_NUS-NTU_MMCF,re-exports,NTU,Turkiye,europe,0,
2024-12-15,2026-09-30,NGM_EPG0_ERE_NUS-NUK_MMCF,re-exports,NUK,United Kingdom,europe,0,
2024-12-15,2026-09-30,NGM_EPG0_ERE_NUS-Z00_MMCF,re-exports,Z00,,,0,
2024-12-15,2026-09-30,NGM_EPG0_ETR_NUS-NCA_MMCF,exports by truck,NCA,Canada,americas,10,12.9
2024-12-15,2026-09-30,NGM_EPG0_ETR_NUS-NMX_MMCF,exports by truck,NMX,Mexico,americas,0,
2024-12-15,2026-09-30,NGM_EPG0_ETR_NUS-Z00_MMCF,exports by truck,Z00,,,10,12.9
2024-12-15,2026-09-30,NGM_EPG0_EVE_NUS-NAC_MMCF,exports by vessel,NAC,Antigua and Barbuda,americas,8,10.8
2024-12-15,2026-09-30,NGM_EPG0_EVE_NUS-NAT_MMCF,exports by vessel,NAT,Argentina,americas,0,
2024-12-15,2026-09-30,NGM_EPG0_EVE_NUS-NBA_MMCF,exports by vessel,NBA,Bahrain,middle_east_africa,0,
2024-12-15,2026-09-30,NGM_EPG0_EVE_NUS-NBB_MMCF,exports by vessel,NBB,Barbados,americas,32,10.39
2024-12-15,2026-09-30,NGM_EPG0_EVE_NUS-NBE_MMCF,exports by vessel,NBE,Belgium,europe,0,
2024-12-15,2026-09-30,NGM_EPG0_EVE_NUS-NBF_MMCF,exports by vessel,NBF,Bahamas,americas,32,10.39
2024-12-15,2026-09-30,NGM_EPG0_EVE_NUS-NBG_MMCF,exports by vessel,NBG,Bangladesh,other_asia,6585,5.4
2024-12-15,2026-09-30,NGM_EPG0_EVE_NUS-NBR_MMCF,exports by vessel,NBR,Brazil,americas,5654,6.97
2024-12-15,2026-09-30,NGM_EPG0_EVE_NUS-NCA_MMCF,exports by vessel,NCA,Canada,americas,,
2024-12-15,2026-09-30,NGM_EPG0_EVE_NUS-NCH_MMCF,exports by vessel,NCH,China,jkm_markets,7244,6.22
2024-12-15,2026-09-30,NGM_EPG0_EVE_NUS-NCI_MMCF,exports by vessel,NCI,Chile,americas,6095,6.09
2024-12-15,2026-09-30,NGM_EPG0_EVE_NUS-NCO_MMCF,exports by vessel,NCO,Colombia,americas,1170,5.08
2024-12-15,2026-09-30,NGM_EPG0_EVE_NUS-NDR_MMCF,exports by vessel,NDR,Dominican Republic,americas,9711,6.96
2024-12-15,2026-09-30,NGM_EPG0_EVE_NUS-NEG_MMCF,exports by vessel,NEG,Egypt,middle_east_africa,14127,7.06
2024-12-15,2026-09-30,NGM_EPG0_EVE_NUS-NES_MMCF,exports by vessel,NES,El Salvador,americas,0,
2024-12-15,2026-09-30,NGM_EPG0_EVE_NUS-NFI_MMCF,exports by vessel,NFI,Finland,europe,3655,7.32
2024-12-15,2026-09-30,NGM_EPG0_EVE_NUS-NFR_MMCF,exports by vessel,NFR,France,europe,42622,8.08
2024-12-15,2026-09-30,NGM_EPG0_EVE_NUS-NGM_MMCF,exports by vessel,NGM,Germany,europe,14424,12.49
2024-12-15,2026-09-30,NGM_EPG0_EVE_NUS-NGR_MMCF,exports by vessel,NGR,Greece,europe,10794,9.33
2024-12-15,2026-09-30,NGM_EPG0_EVE_NUS-NHA_MMCF,exports by vessel,NHA,Haiti,americas,0,
2024-12-15,2026-09-30,NGM_EPG0_EVE_NUS-NHR_MMCF,exports by vessel,NHR,Croatia,europe,6241,6.67
2024-12-15,2026-09-30,NGM_EPG0_EVE_NUS-NID_MMCF,exports by vessel,NID,Indonesia,other_asia,1689,5.99
2024-12-15,2026-09-30,NGM_EPG0_EVE_NUS-NIN_MMCF,exports by vessel,NIN,India,other_asia,6975,6.82
2024-12-15,2026-09-30,NGM_EPG0_EVE_NUS-NIS_MMCF,exports by vessel,NIS,Israel,middle_east_africa,0,
2024-12-15,2026-09-30,NGM_EPG0_EVE_NUS-NIT_MMCF,exports by vessel,NIT,Italy,europe,17688,8.33
2024-12-15,2026-09-30,NGM_EPG0_EVE_NUS-NJA_MMCF,exports by vessel,NJA,Japan,jkm_markets,22934,6.99
2024-12-15,2026-09-30,NGM_EPG0_EVE_NUS-NJM_MMCF,exports by vessel,NJM,Jamaica,americas,327,5.9
2024-12-15,2026-09-30,NGM_EPG0_EVE_NUS-NJO_MMCF,exports by vessel,NJO,Jordan,middle_east_africa,3695,4.45
2024-12-15,2026-09-30,NGM_EPG0_EVE_NUS-NKS_MMCF,exports by vessel,NKS,South Korea,jkm_markets,10877,6.44
2024-12-15,2026-09-30,NGM_EPG0_EVE_NUS-NKU_MMCF,exports by vessel,NKU,Kuwait,middle_east_africa,0,
2024-12-15,2026-09-30,NGM_EPG0_EVE_NUS-NLH_MMCF,exports by vessel,NLH,Lithuania,europe,3391,7.58
2024-12-15,2026-09-30,NGM_EPG0_EVE_NUS-NM6_MMCF,exports by vessel,NM6,Malta,europe,0,
2024-12-15,2026-09-30,NGM_EPG0_EVE_NUS-NMR_MMCF,exports by vessel,NMR,Mauritania,middle_east_africa,0,
2024-12-15,2026-09-30,NGM_EPG0_EVE_NUS-NMX_MMCF,exports by vessel,NMX,Mexico,americas,1986,5.9
2024-12-15,2026-09-30,NGM_EPG0_EVE_NUS-NMY_MMCF,exports by vessel,NMY,Malaysia,other_asia,0,
2024-12-15,2026-09-30,NGM_EPG0_EVE_NUS-NNL_MMCF,exports by vessel,NNL,Netherlands,europe,28274,7.09
2024-12-15,2026-09-30,NGM_EPG0_EVE_NUS-NNU_MMCF,exports by vessel,NNU,Nicaragua,americas,0,
2024-12-15,2026-09-30,NGM_EPG0_EVE_NUS-NPK_MMCF,exports by vessel,NPK,Pakistan,other_asia,0,
2024-12-15,2026-09-30,NGM_EPG0_EVE_NUS-NPL_MMCF,exports by vessel,NPL,Poland,europe,10333,9.13
2024-12-15,2026-09-30,NGM_EPG0_EVE_NUS-NPM_MMCF,exports by vessel,NPM,Panama,americas,0,
2024-12-15,2026-09-30,NGM_EPG0_EVE_NUS-NPO_MMCF,exports by vessel,NPO,Portugal,europe,3068,6.18
2024-12-15,2026-09-30,NGM_EPG0_EVE_NUS-NRP_MMCF,exports by vessel,NRP,Philippines,other_asia,0,
2024-12-15,2026-09-30,NGM_EPG0_EVE_NUS-NRS_MMCF,exports by vessel,NRS,Russia,europe,0,
2024-12-15,2026-09-30,NGM_EPG0_EVE_NUS-NSG_MMCF,exports by vessel,NSG,Senegal,middle_east_africa,0,
2024-12-15,2026-09-30,NGM_EPG0_EVE_NUS-NSN_MMCF,exports by vessel,NSN,Singapore,other_asia,1950,6.15
2024-12-15,2026-09-30,NGM_EPG0_EVE_NUS-NSP_MMCF,exports by vessel,NSP,Spain,europe,33166,8.62
2024-12-15,2026-09-30,NGM_EPG0_EVE_NUS-NTC_MMCF,exports by vessel,NTC,United Arab Emirates,middle_east_africa,0,
2024-12-15,2026-09-30,NGM_EPG0_EVE_NUS-NTH_MMCF,exports by vessel,NTH,Thailand,other_asia,3982,6.15
2024-12-15,2026-09-30,NGM_EPG0_EVE_NUS-NTU_MMCF,exports by vessel,NTU,Turkiye,europe,68550,7.77
2024-12-15,2026-09-30,NGM_EPG0_EVE_NUS-NTW_MMCF,exports by vessel,NTW,Taiwan,jkm_markets,6501,5.46
2024-12-15,2026-09-30,NGM_EPG0_EVE_NUS-NUK_MMCF,exports by vessel,NUK,United Kingdom,europe,56998,7.53
2024-12-15,2026-09-30,NGM_EPG0_EVE_NUS-Z00_MMCF,exports by vessel,Z00,,,410776,7.67
2024-12-15,2026-09-30,NGM_EPG0_EVT_NUS-Z00_MMCF,exports by vessel and truck,Z00,,,410786,7.67
2025-01-15,2026-09-30,N9133US2,LNG total including re-exports,Z00,,,414951,8.51
2025-01-15,2026-09-30,NGM_EPG0_ERE_NUS-NAT_MMCF,re-exports,NAT,Argentina,americas,0,
2025-01-15,2026-09-30,NGM_EPG0_ERE_NUS-NBR_MMCF,re-exports,NBR,Brazil,americas,0,
2025-01-15,2026-09-30,NGM_EPG0_ERE_NUS-NCH_MMCF,re-exports,NCH,China,jkm_markets,0,
2025-01-15,2026-09-30,NGM_EPG0_ERE_NUS-NCI_MMCF,re-exports,NCI,Chile,americas,,
2025-01-15,2026-09-30,NGM_EPG0_ERE_NUS-NEG_MMCF,re-exports,NEG,Egypt,middle_east_africa,0,
2025-01-15,2026-09-30,NGM_EPG0_ERE_NUS-NIN_MMCF,re-exports,NIN,India,other_asia,0,
2025-01-15,2026-09-30,NGM_EPG0_ERE_NUS-NJA_MMCF,re-exports,NJA,Japan,jkm_markets,0,
2025-01-15,2026-09-30,NGM_EPG0_ERE_NUS-NKS_MMCF,re-exports,NKS,South Korea,jkm_markets,0,
2025-01-15,2026-09-30,NGM_EPG0_ERE_NUS-NMX_MMCF,re-exports,NMX,Mexico,americas,0,
2025-01-15,2026-09-30,NGM_EPG0_ERE_NUS-NPO_MMCF,re-exports,NPO,Portugal,europe,,
2025-01-15,2026-09-30,NGM_EPG0_ERE_NUS-NSP_MMCF,re-exports,NSP,Spain,europe,0,
2025-01-15,2026-09-30,NGM_EPG0_ERE_NUS-NTU_MMCF,re-exports,NTU,Turkiye,europe,0,
2025-01-15,2026-09-30,NGM_EPG0_ERE_NUS-NUK_MMCF,re-exports,NUK,United Kingdom,europe,0,
2025-01-15,2026-09-30,NGM_EPG0_ERE_NUS-Z00_MMCF,re-exports,Z00,,,0,
2025-01-15,2026-09-30,NGM_EPG0_ETR_NUS-NCA_MMCF,exports by truck,NCA,Canada,americas,0,
2025-01-15,2026-09-30,NGM_EPG0_ETR_NUS-NMX_MMCF,exports by truck,NMX,Mexico,americas,0,
2025-01-15,2026-09-30,NGM_EPG0_ETR_NUS-Z00_MMCF,exports by truck,Z00,,,0,
2025-01-15,2026-09-30,NGM_EPG0_EVE_NUS-NAC_MMCF,exports by vessel,NAC,Antigua and Barbuda,americas,2,10.8
2025-01-15,2026-09-30,NGM_EPG0_EVE_NUS-NAT_MMCF,exports by vessel,NAT,Argentina,americas,0,
2025-01-15,2026-09-30,NGM_EPG0_EVE_NUS-NBA_MMCF,exports by vessel,NBA,Bahrain,middle_east_africa,0,
2025-01-15,2026-09-30,NGM_EPG0_EVE_NUS-NBB_MMCF,exports by vessel,NBB,Barbados,americas,39,10.39
2025-01-15,2026-09-30,NGM_EPG0_EVE_NUS-NBE_MMCF,exports by vessel,NBE,Belgium,europe,6837,6.92
2025-01-15,2026-09-30,NGM_EPG0_EVE_NUS-NBF_MMCF,exports by vessel,NBF,Bahamas,americas,36,10.39
2025-01-15,2026-09-30,NGM_EPG0_EVE_NUS-NBG_MMCF,exports by vessel,NBG,Bangladesh,other_asia,3395,14.23
2025-01-15,2026-09-30,NGM_EPG0_EVE_NUS-NBR_MMCF,exports by vessel,NBR,Brazil,americas,0,
2025-01-15,2026-09-30,NGM_EPG0_EVE_NUS-NCA_MMCF,exports by vessel,NCA,Canada,americas,,
2025-01-15,2026-09-30,NGM_EPG0_EVE_NUS-NCH_MMCF,exports by vessel,NCH,China,jkm_markets,0,
2025-01-15,2026-09-30,NGM_EPG0_EVE_NUS-NCI_MMCF,exports by vessel,NCI,Chile,americas,3336,7.94
2025-01-15,2026-09-30,NGM_EPG0_EVE_NUS-NCO_MMCF,exports by vessel,NCO,Colombia,americas,0,
2025-01-15,2026-09-30,NGM_EPG0_EVE_NUS-NDR_MMCF,exports by vessel,NDR,Dominican Republic,americas,4315,9.29
2025-01-15,2026-09-30,NGM_EPG0_EVE_NUS-NEG_MMCF,exports by vessel,NEG,Egypt,middle_east_africa,14377,9.01
2025-01-15,2026-09-30,NGM_EPG0_EVE_NUS-NES_MMCF,exports by vessel,NES,El Salvador,americas,0,
2025-01-15,2026-09-30,NGM_EPG0_EVE_NUS-NFI_MMCF,exports by vessel,NFI,Finland,europe,0,
2025-01-15,2026-09-30,NGM_EPG0_EVE_NUS-NFR_MMCF,exports by vessel,NFR,France,europe,49610,7.69
2025-01-15,2026-09-30,NGM_EPG0_EVE_NUS-NGM_MMCF,exports by vessel,NGM,Germany,europe,9370,11.08
2025-01-15,2026-09-30,NGM_EPG0_EVE_NUS-NGR_MMCF,exports by vessel,NGR,Greece,europe,15032,7.24
2025-01-15,2026-09-30,NGM_EPG0_EVE_NUS-NHA_MMCF,exports by vessel,NHA,Haiti,americas,0,
2025-01-15,2026-09-30,NGM_EPG0_EVE_NUS-NHR_MMCF,exports by vessel,NHR,Croatia,europe,3279,7.43
2025-01-15,2026-09-30,NGM_EPG0_EVE_NUS-NID_MMCF,exports by vessel,NID,Indonesia,other_asia,,
2025-01-15,2026-09-30,NGM_EPG0_EVE_NUS-NIN_MMCF,exports by vessel,NIN,India,other_asia,10525,7.4
2025-01-15,2026-09-30,NGM_EPG0_EVE_NUS-NIS_MMCF,exports by vessel,NIS,Israel,middle_east_africa,0,
2025-01-15,2026-09-30,NGM_EPG0_EVE_NUS-NIT_MMCF,exports by vessel,NIT,Italy,europe,28341,8.1
2025-01-15,2026-09-30,NGM_EPG0_EVE_NUS-NJA_MMCF,exports by vessel,NJA,Japan,jkm_markets,3676,8
2025-01-15,2026-09-30,NGM_EPG0_EVE_NUS-NJM_MMCF,exports by vessel,NJM,Jamaica,americas,1200,5.98
2025-01-15,2026-09-30,NGM_EPG0_EVE_NUS-NJO_MMCF,exports by vessel,NJO,Jordan,middle_east_africa,3219,9.05
2025-01-15,2026-09-30,NGM_EPG0_EVE_NUS-NKS_MMCF,exports by vessel,NKS,South Korea,jkm_markets,11020,7.38
2025-01-15,2026-09-30,NGM_EPG0_EVE_NUS-NKU_MMCF,exports by vessel,NKU,Kuwait,middle_east_africa,0,
2025-01-15,2026-09-30,NGM_EPG0_EVE_NUS-NLH_MMCF,exports by vessel,NLH,Lithuania,europe,6887,7.38
2025-01-15,2026-09-30,NGM_EPG0_EVE_NUS-NM6_MMCF,exports by vessel,NM6,Malta,europe,0,
2025-01-15,2026-09-30,NGM_EPG0_EVE_NUS-NMR_MMCF,exports by vessel,NMR,Mauritania,middle_east_africa,0,
2025-01-15,2026-09-30,NGM_EPG0_EVE_NUS-NMX_MMCF,exports by vessel,NMX,Mexico,americas,0,
2025-01-15,2026-09-30,NGM_EPG0_EVE_NUS-NMY_MMCF,exports by vessel,NMY,Malaysia,other_asia,0,
2025-01-15,2026-09-30,NGM_EPG0_EVE_NUS-NNL_MMCF,exports by vessel,NNL,Netherlands,europe,35404,9.01
2025-01-15,2026-09-30,NGM_EPG0_EVE_NUS-NNU_MMCF,exports by vessel,NNU,Nicaragua,americas,0,
2025-01-15,2026-09-30,NGM_EPG0_EVE_NUS-NPK_MMCF,exports by vessel,NPK,Pakistan,other_asia,0,
2025-01-15,2026-09-30,NGM_EPG0_EVE_NUS-NPL_MMCF,exports by vessel,NPL,Poland,europe,25138,8.76
2025-01-15,2026-09-30,NGM_EPG0_EVE_NUS-NPM_MMCF,exports by vessel,NPM,Panama,americas,2315,12.41
2025-01-15,2026-09-30,NGM_EPG0_EVE_NUS-NPO_MMCF,exports by vessel,NPO,Portugal,europe,10626,7.06
2025-01-15,2026-09-30,NGM_EPG0_EVE_NUS-NRP_MMCF,exports by vessel,NRP,Philippines,other_asia,0,
2025-01-15,2026-09-30,NGM_EPG0_EVE_NUS-NRS_MMCF,exports by vessel,NRS,Russia,europe,0,
2025-01-15,2026-09-30,NGM_EPG0_EVE_NUS-NSG_MMCF,exports by vessel,NSG,Senegal,middle_east_africa,0,
2025-01-15,2026-09-30,NGM_EPG0_EVE_NUS-NSN_MMCF,exports by vessel,NSN,Singapore,other_asia,0,
2025-01-15,2026-09-30,NGM_EPG0_EVE_NUS-NSP_MMCF,exports by vessel,NSP,Spain,europe,30300,9.34
2025-01-15,2026-09-30,NGM_EPG0_EVE_NUS-NTC_MMCF,exports by vessel,NTC,United Arab Emirates,middle_east_africa,0,
2025-01-15,2026-09-30,NGM_EPG0_EVE_NUS-NTH_MMCF,exports by vessel,NTH,Thailand,other_asia,0,
2025-01-15,2026-09-30,NGM_EPG0_EVE_NUS-NTU_MMCF,exports by vessel,NTU,Turkiye,europe,71264,8.76
2025-01-15,2026-09-30,NGM_EPG0_EVE_NUS-NTW_MMCF,exports by vessel,NTW,Taiwan,jkm_markets,2903,7.31
2025-01-15,2026-09-30,NGM_EPG0_EVE_NUS-NUK_MMCF,exports by vessel,NUK,United Kingdom,europe,62503,8.7
2025-01-15,2026-09-30,NGM_EPG0_EVE_NUS-Z00_MMCF,exports by vessel,Z00,,,414951,8.51
2025-01-15,2026-09-30,NGM_EPG0_EVT_NUS-Z00_MMCF,exports by vessel and truck,Z00,,,414951,8.51
2025-02-15,2026-09-30,N9133US2,LNG total including re-exports,Z00,,,409232,8.43
2025-02-15,2026-09-30,NGM_EPG0_ERE_NUS-NAT_MMCF,re-exports,NAT,Argentina,americas,0,
2025-02-15,2026-09-30,NGM_EPG0_ERE_NUS-NBR_MMCF,re-exports,NBR,Brazil,americas,0,
2025-02-15,2026-09-30,NGM_EPG0_ERE_NUS-NCH_MMCF,re-exports,NCH,China,jkm_markets,0,
2025-02-15,2026-09-30,NGM_EPG0_ERE_NUS-NCI_MMCF,re-exports,NCI,Chile,americas,,
2025-02-15,2026-09-30,NGM_EPG0_ERE_NUS-NEG_MMCF,re-exports,NEG,Egypt,middle_east_africa,0,
2025-02-15,2026-09-30,NGM_EPG0_ERE_NUS-NIN_MMCF,re-exports,NIN,India,other_asia,0,
2025-02-15,2026-09-30,NGM_EPG0_ERE_NUS-NJA_MMCF,re-exports,NJA,Japan,jkm_markets,0,
2025-02-15,2026-09-30,NGM_EPG0_ERE_NUS-NKS_MMCF,re-exports,NKS,South Korea,jkm_markets,0,
2025-02-15,2026-09-30,NGM_EPG0_ERE_NUS-NMX_MMCF,re-exports,NMX,Mexico,americas,0,
2025-02-15,2026-09-30,NGM_EPG0_ERE_NUS-NPO_MMCF,re-exports,NPO,Portugal,europe,,
2025-02-15,2026-09-30,NGM_EPG0_ERE_NUS-NSP_MMCF,re-exports,NSP,Spain,europe,0,
2025-02-15,2026-09-30,NGM_EPG0_ERE_NUS-NTU_MMCF,re-exports,NTU,Turkiye,europe,0,
2025-02-15,2026-09-30,NGM_EPG0_ERE_NUS-NUK_MMCF,re-exports,NUK,United Kingdom,europe,0,
2025-02-15,2026-09-30,NGM_EPG0_ERE_NUS-Z00_MMCF,re-exports,Z00,,,0,
2025-02-15,2026-09-30,NGM_EPG0_ETR_NUS-NCA_MMCF,exports by truck,NCA,Canada,americas,51,12.85
2025-02-15,2026-09-30,NGM_EPG0_ETR_NUS-NMX_MMCF,exports by truck,NMX,Mexico,americas,0,
2025-02-15,2026-09-30,NGM_EPG0_ETR_NUS-Z00_MMCF,exports by truck,Z00,,,51,12.85
2025-02-15,2026-09-30,NGM_EPG0_EVE_NUS-NAC_MMCF,exports by vessel,NAC,Antigua and Barbuda,americas,3,10.8
2025-02-15,2026-09-30,NGM_EPG0_EVE_NUS-NAT_MMCF,exports by vessel,NAT,Argentina,americas,0,
2025-02-15,2026-09-30,NGM_EPG0_EVE_NUS-NBA_MMCF,exports by vessel,NBA,Bahrain,middle_east_africa,0,
2025-02-15,2026-09-30,NGM_EPG0_EVE_NUS-NBB_MMCF,exports by vessel,NBB,Barbados,americas,22,10.39
2025-02-15,2026-09-30,NGM_EPG0_EVE_NUS-NBE_MMCF,exports by vessel,NBE,Belgium,europe,3541,13.11
2025-02-15,2026-09-30,NGM_EPG0_EVE_NUS-NBF_MMCF,exports by vessel,NBF,Bahamas,americas,29,10.39
2025-02-15,2026-09-30,NGM_EPG0_EVE_NUS-NBG_MMCF,exports by vessel,NBG,Bangladesh,other_asia,3500,7.44
2025-02-15,2026-09-30,NGM_EPG0_EVE_NUS-NBR_MMCF,exports by vessel,NBR,Brazil,americas,9494,7.45
2025-02-15,2026-09-30,NGM_EPG0_EVE_NUS-NCA_MMCF,exports by vessel,NCA,Canada,americas,,
2025-02-15,2026-09-30,NGM_EPG0_EVE_NUS-NCH_MMCF,exports by vessel,NCH,China,jkm_markets,0,
2025-02-15,2026-09-30,NGM_EPG0_EVE_NUS-NCI_MMCF,exports by vessel,NCI,Chile,americas,0,
2025-02-15,2026-09-30,NGM_EPG0_EVE_NUS-NCO_MMCF,exports by vessel,NCO,Colombia,americas,2260,8.11
2025-02-15,2026-09-30,NGM_EPG0_EVE_NUS-NDR_MMCF,exports by vessel,NDR,Dominican Republic,americas,10740,9.52
2025-02-15,2026-09-30,NGM_EPG0_EVE_NUS-NEG_MMCF,exports by vessel,NEG,Egypt,middle_east_africa,13949,7.07
2025-02-15,2026-09-30,NGM_EPG0_EVE_NUS-NES_MMCF,exports by vessel,NES,El Salvador,americas,0,
2025-02-15,2026-09-30,NGM_EPG0_EVE_NUS-NFI_MMCF,exports by vessel,NFI,Finland,europe,3296,7.44
2025-02-15,2026-09-30,NGM_EPG0_EVE_NUS-NFR_MMCF,exports by vessel,NFR,France,europe,64434,8.54
2025-02-15,2026-09-30,NGM_EPG0_EVE_NUS-NGM_MMCF,exports by vessel,NGM,Germany,europe,13938,11.27
2025-02-15,2026-09-30,NGM_EPG0_EVE_NUS-NGR_MMCF,exports by vessel,NGR,Greece,europe,11131,7.17
2025-02-15,2026-09-30,NGM_EPG0_EVE_NUS-NHA_MMCF,exports by vessel,NHA,Haiti,americas,0,
2025-02-15,2026-09-30,NGM_EPG0_EVE_NUS-NHR_MMCF,exports by vessel,NHR,Croatia,europe,6993,7.13
2025-02-15,2026-09-30,NGM_EPG0_EVE_NUS-NID_MMCF,exports by vessel,NID,Indonesia,other_asia,,
2025-02-15,2026-09-30,NGM_EPG0_EVE_NUS-NIN_MMCF,exports by vessel,NIN,India,other_asia,6880,7.35
2025-02-15,2026-09-30,NGM_EPG0_EVE_NUS-NIS_MMCF,exports by vessel,NIS,Israel,middle_east_africa,0,
2025-02-15,2026-09-30,NGM_EPG0_EVE_NUS-NIT_MMCF,exports by vessel,NIT,Italy,europe,20748,9.53
2025-02-15,2026-09-30,NGM_EPG0_EVE_NUS-NJA_MMCF,exports by vessel,NJA,Japan,jkm_markets,6417,7.29
2025-02-15,2026-09-30,NGM_EPG0_EVE_NUS-NJM_MMCF,exports by vessel,NJM,Jamaica,americas,0,
2025-02-15,2026-09-30,NGM_EPG0_EVE_NUS-NJO_MMCF,exports by vessel,NJO,Jordan,middle_east_africa,6648,6.94
2025-02-15,2026-09-30,NGM_EPG0_EVE_NUS-NKS_MMCF,exports by vessel,NKS,South Korea,jkm_markets,10034,7.52
2025-02-15,2026-09-30,NGM_EPG0_EVE_NUS-NKU_MMCF,exports by vessel,NKU,Kuwait,middle_east_africa,0,
2025-02-15,2026-09-30,NGM_EPG0_EVE_NUS-NLH_MMCF,exports by vessel,NLH,Lithuania,europe,3388,7.11
2025-02-15,2026-09-30,NGM_EPG0_EVE_NUS-NM6_MMCF,exports by vessel,NM6,Malta,europe,0,
2025-02-15,2026-09-30,NGM_EPG0_EVE_NUS-NMR_MMCF,exports by vessel,NMR,Mauritania,middle_east_africa,0,
2025-02-15,2026-09-30,NGM_EPG0_EVE_NUS-NMX_MMCF,exports by vessel,NMX,Mexico,americas,0,
2025-02-15,2026-09-30,NGM_EPG0_EVE_NUS-NMY_MMCF,exports by vessel,NMY,Malaysia,other_asia,0,
2025-02-15,2026-09-30,NGM_EPG0_EVE_NUS-NNL_MMCF,exports by vessel,NNL,Netherlands,europe,24794,8.92
2025-02-15,2026-09-30,NGM_EPG0_EVE_NUS-NNU_MMCF,exports by vessel,NNU,Nicaragua,americas,0,
2025-02-15,2026-09-30,NGM_EPG0_EVE_NUS-NPK_MMCF,exports by vessel,NPK,Pakistan,other_asia,0,
2025-02-15,2026-09-30,NGM_EPG0_EVE_NUS-NPL_MMCF,exports by vessel,NPL,Poland,europe,13702,6.85
2025-02-15,2026-09-30,NGM_EPG0_EVE_NUS-NPM_MMCF,exports by vessel,NPM,Panama,americas,3165,7.99
2025-02-15,2026-09-30,NGM_EPG0_EVE_NUS-NPO_MMCF,exports by vessel,NPO,Portugal,europe,3492,6.31
2025-02-15,2026-09-30,NGM_EPG0_EVE_NUS-NRP_MMCF,exports by vessel,NRP,Philippines,other_asia,0,
2025-02-15,2026-09-30,NGM_EPG0_EVE_NUS-NRS_MMCF,exports by vessel,NRS,Russia,europe,0,
2025-02-15,2026-09-30,NGM_EPG0_EVE_NUS-NSG_MMCF,exports by vessel,NSG,Senegal,middle_east_africa,0,
2025-02-15,2026-09-30,NGM_EPG0_EVE_NUS-NSN_MMCF,exports by vessel,NSN,Singapore,other_asia,0,
2025-02-15,2026-09-30,NGM_EPG0_EVE_NUS-NSP_MMCF,exports by vessel,NSP,Spain,europe,18018,7.88
2025-02-15,2026-09-30,NGM_EPG0_EVE_NUS-NTC_MMCF,exports by vessel,NTC,United Arab Emirates,middle_east_africa,0,
2025-02-15,2026-09-30,NGM_EPG0_EVE_NUS-NTH_MMCF,exports by vessel,NTH,Thailand,other_asia,3217,7.44
2025-02-15,2026-09-30,NGM_EPG0_EVE_NUS-NTU_MMCF,exports by vessel,NTU,Turkiye,europe,73436,8.63
2025-02-15,2026-09-30,NGM_EPG0_EVE_NUS-NTW_MMCF,exports by vessel,NTW,Taiwan,jkm_markets,3235,6.28
2025-02-15,2026-09-30,NGM_EPG0_EVE_NUS-NUK_MMCF,exports by vessel,NUK,United Kingdom,europe,68675,8.75
2025-02-15,2026-09-30,NGM_EPG0_EVE_NUS-Z00_MMCF,exports by vessel,Z00,,,409181,8.43
2025-02-15,2026-09-30,NGM_EPG0_EVT_NUS-Z00_MMCF,exports by vessel and truck,Z00,,,409232,8.43
2025-03-15,2026-09-30,N9133US2,LNG total including re-exports,Z00,,,457660,8.89
2025-03-15,2026-09-30,NGM_EPG0_ERE_NUS-NAT_MMCF,re-exports,NAT,Argentina,americas,0,
2025-03-15,2026-09-30,NGM_EPG0_ERE_NUS-NBR_MMCF,re-exports,NBR,Brazil,americas,0,
2025-03-15,2026-09-30,NGM_EPG0_ERE_NUS-NCH_MMCF,re-exports,NCH,China,jkm_markets,0,
2025-03-15,2026-09-30,NGM_EPG0_ERE_NUS-NCI_MMCF,re-exports,NCI,Chile,americas,,
2025-03-15,2026-09-30,NGM_EPG0_ERE_NUS-NEG_MMCF,re-exports,NEG,Egypt,middle_east_africa,0,
2025-03-15,2026-09-30,NGM_EPG0_ERE_NUS-NIN_MMCF,re-exports,NIN,India,other_asia,0,
2025-03-15,2026-09-30,NGM_EPG0_ERE_NUS-NJA_MMCF,re-exports,NJA,Japan,jkm_markets,0,
2025-03-15,2026-09-30,NGM_EPG0_ERE_NUS-NKS_MMCF,re-exports,NKS,South Korea,jkm_markets,0,
2025-03-15,2026-09-30,NGM_EPG0_ERE_NUS-NMX_MMCF,re-exports,NMX,Mexico,americas,0,
2025-03-15,2026-09-30,NGM_EPG0_ERE_NUS-NPO_MMCF,re-exports,NPO,Portugal,europe,,
2025-03-15,2026-09-30,NGM_EPG0_ERE_NUS-NSP_MMCF,re-exports,NSP,Spain,europe,0,
2025-03-15,2026-09-30,NGM_EPG0_ERE_NUS-NTU_MMCF,re-exports,NTU,Turkiye,europe,0,
2025-03-15,2026-09-30,NGM_EPG0_ERE_NUS-NUK_MMCF,re-exports,NUK,United Kingdom,europe,0,
2025-03-15,2026-09-30,NGM_EPG0_ERE_NUS-Z00_MMCF,re-exports,Z00,,,0,
2025-03-15,2026-09-30,NGM_EPG0_ETR_NUS-NCA_MMCF,exports by truck,NCA,Canada,americas,0,
2025-03-15,2026-09-30,NGM_EPG0_ETR_NUS-NMX_MMCF,exports by truck,NMX,Mexico,americas,0,
2025-03-15,2026-09-30,NGM_EPG0_ETR_NUS-Z00_MMCF,exports by truck,Z00,,,0,
2025-03-15,2026-09-30,NGM_EPG0_EVE_NUS-NAC_MMCF,exports by vessel,NAC,Antigua and Barbuda,americas,3,10.8
2025-03-15,2026-09-30,NGM_EPG0_EVE_NUS-NAT_MMCF,exports by vessel,NAT,Argentina,americas,0,
2025-03-15,2026-09-30,NGM_EPG0_EVE_NUS-NBA_MMCF,exports by vessel,NBA,Bahrain,middle_east_africa,0,
2025-03-15,2026-09-30,NGM_EPG0_EVE_NUS-NBB_MMCF,exports by vessel,NBB,Barbados,americas,54,10.39
2025-03-15,2026-09-30,NGM_EPG0_EVE_NUS-NBE_MMCF,exports by vessel,NBE,Belgium,europe,23612,10.26
2025-03-15,2026-09-30,NGM_EPG0_EVE_NUS-NBF_MMCF,exports by vessel,NBF,Bahamas,americas,38,10.39
2025-03-15,2026-09-30,NGM_EPG0_EVE_NUS-NBG_MMCF,exports by vessel,NBG,Bangladesh,other_asia,0,
2025-03-15,2026-09-30,NGM_EPG0_EVE_NUS-NBR_MMCF,exports by vessel,NBR,Brazil,americas,5084,7.27
2025-03-15,2026-09-30,NGM_EPG0_EVE_NUS-NCA_MMCF,exports by vessel,NCA,Canada,americas,,
2025-03-15,2026-09-30,NGM_EPG0_EVE_NUS-NCH_MMCF,exports by vessel,NCH,China,jkm_markets,0,
2025-03-15,2026-09-30,NGM_EPG0_EVE_NUS-NCI_MMCF,exports by vessel,NCI,Chile,americas,3365,7.18
2025-03-15,2026-09-30,NGM_EPG0_EVE_NUS-NCO_MMCF,exports by vessel,NCO,Colombia,americas,3364,8.44
2025-03-15,2026-09-30,NGM_EPG0_EVE_NUS-NDR_MMCF,exports by vessel,NDR,Dominican Republic,americas,7014,6.84
2025-03-15,2026-09-30,NGM_EPG0_EVE_NUS-NEG_MMCF,exports by vessel,NEG,Egypt,middle_east_africa,14233,8.92
2025-03-15,2026-09-30,NGM_EPG0_EVE_NUS-NES_MMCF,exports by vessel,NES,El Salvador,americas,0,
2025-03-15,2026-09-30,NGM_EPG0_EVE_NUS-NFI_MMCF,exports by vessel,NFI,Finland,europe,0,
2025-03-15,2026-09-30,NGM_EPG0_EVE_NUS-NFR_MMCF,exports by vessel,NFR,France,europe,70290,9.37
2025-03-15,2026-09-30,NGM_EPG0_EVE_NUS-NGM_MMCF,exports by vessel,NGM,Germany,europe,21377,11.23
2025-03-15,2026-09-30,NGM_EPG0_EVE_NUS-NGR_MMCF,exports by vessel,NGR,Greece,europe,0,
2025-03-15,2026-09-30,NGM_EPG0_EVE_NUS-NHA_MMCF,exports by vessel,NHA,Haiti,americas,17,10.39
2025-03-15,2026-09-30,NGM_EPG0_EVE_NUS-NHR_MMCF,exports by vessel,NHR,Croatia,europe,0,
2025-03-15,2026-09-30,NGM_EPG0_EVE_NUS-NID_MMCF,exports by vessel,NID,Indonesia,other_asia,,
2025-03-15,2026-09-30,NGM_EPG0_EVE_NUS-NIN_MMCF,exports by vessel,NIN,India,other_asia,13566,7.22
2025-03-15,2026-09-30,NGM_EPG0_EVE_NUS-NIS_MMCF,exports by vessel,NIS,Israel,middle_east_africa,0,
2025-03-15,2026-09-30,NGM_EPG0_EVE_NUS-NIT_MMCF,exports by vessel,NIT,Italy,europe,31307,8.79
2025-03-15,2026-09-30,NGM_EPG0_EVE_NUS-NJA_MMCF,exports by vessel,NJA,Japan,jkm_markets,20019,7.6
2025-03-15,2026-09-30,NGM_EPG0_EVE_NUS-NJM_MMCF,exports by vessel,NJM,Jamaica,americas,0,
2025-03-15,2026-09-30,NGM_EPG0_EVE_NUS-NJO_MMCF,exports by vessel,NJO,Jordan,middle_east_africa,10335,10.5
2025-03-15,2026-09-30,NGM_EPG0_EVE_NUS-NKS_MMCF,exports by vessel,NKS,South Korea,jkm_markets,17255,8.45
2025-03-15,2026-09-30,NGM_EPG0_EVE_NUS-NKU_MMCF,exports by vessel,NKU,Kuwait,middle_east_africa,0,
2025-03-15,2026-09-30,NGM_EPG0_EVE_NUS-NLH_MMCF,exports by vessel,NLH,Lithuania,europe,6603,7.63
2025-03-15,2026-09-30,NGM_EPG0_EVE_NUS-NM6_MMCF,exports by vessel,NM6,Malta,europe,2849,4.78
2025-03-15,2026-09-30,NGM_EPG0_EVE_NUS-NMR_MMCF,exports by vessel,NMR,Mauritania,middle_east_africa,0,
2025-03-15,2026-09-30,NGM_EPG0_EVE_NUS-NMX_MMCF,exports by vessel,NMX,Mexico,americas,0,
2025-03-15,2026-09-30,NGM_EPG0_EVE_NUS-NMY_MMCF,exports by vessel,NMY,Malaysia,other_asia,0,
2025-03-15,2026-09-30,NGM_EPG0_EVE_NUS-NNL_MMCF,exports by vessel,NNL,Netherlands,europe,56519,8.85
2025-03-15,2026-09-30,NGM_EPG0_EVE_NUS-NNU_MMCF,exports by vessel,NNU,Nicaragua,americas,0,
2025-03-15,2026-09-30,NGM_EPG0_EVE_NUS-NPK_MMCF,exports by vessel,NPK,Pakistan,other_asia,0,
2025-03-15,2026-09-30,NGM_EPG0_EVE_NUS-NPL_MMCF,exports by vessel,NPL,Poland,europe,21292,7.96
2025-03-15,2026-09-30,NGM_EPG0_EVE_NUS-NPM_MMCF,exports by vessel,NPM,Panama,americas,3618,7.89
2025-03-15,2026-09-30,NGM_EPG0_EVE_NUS-NPO_MMCF,exports by vessel,NPO,Portugal,europe,3579,7.37
2025-03-15,2026-09-30,NGM_EPG0_EVE_NUS-NRP_MMCF,exports by vessel,NRP,Philippines,other_asia,0,
2025-03-15,2026-09-30,NGM_EPG0_EVE_NUS-NRS_MMCF,exports by vessel,NRS,Russia,europe,0,
2025-03-15,2026-09-30,NGM_EPG0_EVE_NUS-NSG_MMCF,exports by vessel,NSG,Senegal,middle_east_africa,0,
2025-03-15,2026-09-30,NGM_EPG0_EVE_NUS-NSN_MMCF,exports by vessel,NSN,Singapore,other_asia,0,
2025-03-15,2026-09-30,NGM_EPG0_EVE_NUS-NSP_MMCF,exports by vessel,NSP,Spain,europe,51937,9.41
2025-03-15,2026-09-30,NGM_EPG0_EVE_NUS-NTC_MMCF,exports by vessel,NTC,United Arab Emirates,middle_east_africa,3690,7.89
2025-03-15,2026-09-30,NGM_EPG0_EVE_NUS-NTH_MMCF,exports by vessel,NTH,Thailand,other_asia,11312,7.32
2025-03-15,2026-09-30,NGM_EPG0_EVE_NUS-NTU_MMCF,exports by vessel,NTU,Turkiye,europe,10703,9.01
2025-03-15,2026-09-30,NGM_EPG0_EVE_NUS-NTW_MMCF,exports by vessel,NTW,Taiwan,jkm_markets,6132,7.78
2025-03-15,2026-09-30,NGM_EPG0_EVE_NUS-NUK_MMCF,exports by vessel,NUK,United Kingdom,europe,38489,9.02
2025-03-15,2026-09-30,NGM_EPG0_EVE_NUS-Z00_MMCF,exports by vessel,Z00,,,457660,8.89
2025-03-15,2026-09-30,NGM_EPG0_EVT_NUS-Z00_MMCF,exports by vessel and truck,Z00,,,457660,8.89
2025-04-15,2026-09-30,N9133US2,LNG total including re-exports,Z00,,,448242,8.44
2025-04-15,2026-09-30,NGM_EPG0_ERE_NUS-NAT_MMCF,re-exports,NAT,Argentina,americas,0,
2025-04-15,2026-09-30,NGM_EPG0_ERE_NUS-NBR_MMCF,re-exports,NBR,Brazil,americas,0,
2025-04-15,2026-09-30,NGM_EPG0_ERE_NUS-NCH_MMCF,re-exports,NCH,China,jkm_markets,0,
2025-04-15,2026-09-30,NGM_EPG0_ERE_NUS-NCI_MMCF,re-exports,NCI,Chile,americas,,
2025-04-15,2026-09-30,NGM_EPG0_ERE_NUS-NEG_MMCF,re-exports,NEG,Egypt,middle_east_africa,0,
2025-04-15,2026-09-30,NGM_EPG0_ERE_NUS-NIN_MMCF,re-exports,NIN,India,other_asia,0,
2025-04-15,2026-09-30,NGM_EPG0_ERE_NUS-NJA_MMCF,re-exports,NJA,Japan,jkm_markets,0,
2025-04-15,2026-09-30,NGM_EPG0_ERE_NUS-NKS_MMCF,re-exports,NKS,South Korea,jkm_markets,0,
2025-04-15,2026-09-30,NGM_EPG0_ERE_NUS-NMX_MMCF,re-exports,NMX,Mexico,americas,0,
2025-04-15,2026-09-30,NGM_EPG0_ERE_NUS-NPO_MMCF,re-exports,NPO,Portugal,europe,,
2025-04-15,2026-09-30,NGM_EPG0_ERE_NUS-NSP_MMCF,re-exports,NSP,Spain,europe,0,
2025-04-15,2026-09-30,NGM_EPG0_ERE_NUS-NTU_MMCF,re-exports,NTU,Turkiye,europe,0,
2025-04-15,2026-09-30,NGM_EPG0_ERE_NUS-NUK_MMCF,re-exports,NUK,United Kingdom,europe,0,
2025-04-15,2026-09-30,NGM_EPG0_ERE_NUS-Z00_MMCF,re-exports,Z00,,,0,
2025-04-15,2026-09-30,NGM_EPG0_ETR_NUS-NCA_MMCF,exports by truck,NCA,Canada,americas,19,12.61
2025-04-15,2026-09-30,NGM_EPG0_ETR_NUS-NMX_MMCF,exports by truck,NMX,Mexico,americas,0,
2025-04-15,2026-09-30,NGM_EPG0_ETR_NUS-Z00_MMCF,exports by truck,Z00,,,19,12.61
2025-04-15,2026-09-30,NGM_EPG0_EVE_NUS-NAC_MMCF,exports by vessel,NAC,Antigua and Barbuda,americas,5,10.8
2025-04-15,2026-09-30,NGM_EPG0_EVE_NUS-NAT_MMCF,exports by vessel,NAT,Argentina,americas,2129,6.69
2025-04-15,2026-09-30,NGM_EPG0_EVE_NUS-NBA_MMCF,exports by vessel,NBA,Bahrain,middle_east_africa,0,
2025-04-15,2026-09-30,NGM_EPG0_EVE_NUS-NBB_MMCF,exports by vessel,NBB,Barbados,americas,54,10.39
2025-04-15,2026-09-30,NGM_EPG0_EVE_NUS-NBE_MMCF,exports by vessel,NBE,Belgium,europe,10645,12.44
2025-04-15,2026-09-30,NGM_EPG0_EVE_NUS-NBF_MMCF,exports by vessel,NBF,Bahamas,americas,39,10.39
2025-04-15,2026-09-30,NGM_EPG0_EVE_NUS-NBG_MMCF,exports by vessel,NBG,Bangladesh,other_asia,7146,11.21
2025-04-15,2026-09-30,NGM_EPG0_EVE_NUS-NBR_MMCF,exports by vessel,NBR,Brazil,americas,3283,7.95
2025-04-15,2026-09-30,NGM_EPG0_EVE_NUS-NCA_MMCF,exports by vessel,NCA,Canada,americas,,
2025-04-15,2026-09-30,NGM_EPG0_EVE_NUS-NCH_MMCF,exports by vessel,NCH,China,jkm_markets,0,
2025-04-15,2026-09-30,NGM_EPG0_EVE_NUS-NCI_MMCF,exports by vessel,NCI,Chile,americas,3421,6.76
2025-04-15,2026-09-30,NGM_EPG0_EVE_NUS-NCO_MMCF,exports by vessel,NCO,Colombia,americas,9753,7.56
2025-04-15,2026-09-30,NGM_EPG0_EVE_NUS-NDR_MMCF,exports by vessel,NDR,Dominican Republic,americas,4933,6.86
2025-04-15,2026-09-30,NGM_EPG0_EVE_NUS-NEG_MMCF,exports by vessel,NEG,Egypt,middle_east_africa,17967,7.28
2025-04-15,2026-09-30,NGM_EPG0_EVE_NUS-NES_MMCF,exports by vessel,NES,El Salvador,americas,0,
2025-04-15,2026-09-30,NGM_EPG0_EVE_NUS-NFI_MMCF,exports by vessel,NFI,Finland,europe,3359,6.65
2025-04-15,2026-09-30,NGM_EPG0_EVE_NUS-NFR_MMCF,exports by vessel,NFR,France,europe,52503,8.26
2025-04-15,2026-09-30,NGM_EPG0_EVE_NUS-NGM_MMCF,exports by vessel,NGM,Germany,europe,28264,9.95
2025-04-15,2026-09-30,NGM_EPG0_EVE_NUS-NGR_MMCF,exports by vessel,NGR,Greece,europe,3639,12.01
2025-04-15,2026-09-30,NGM_EPG0_EVE_NUS-NHA_MMCF,exports by vessel,NHA,Haiti,americas,5,10.39
2025-04-15,2026-09-30,NGM_EPG0_EVE_NUS-NHR_MMCF,exports by vessel,NHR,Croatia,europe,6780,7.93
2025-04-15,2026-09-30,NGM_EPG0_EVE_NUS-NID_MMCF,exports by vessel,NID,Indonesia,other_asia,,
2025-04-15,2026-09-30,NGM_EPG0_EVE_NUS-NIN_MMCF,exports by vessel,NIN,India,other_asia,10686,7.49
2025-04-15,2026-09-30,NGM_EPG0_EVE_NUS-NIS_MMCF,exports by vessel,NIS,Israel,middle_east_africa,0,
2025-04-15,2026-09-30,NGM_EPG0_EVE_NUS-NIT_MMCF,exports by vessel,NIT,Italy,europe,24212,8.35
2025-04-15,2026-09-30,NGM_EPG0_EVE_NUS-NJA_MMCF,exports by vessel,NJA,Japan,jkm_markets,21105,8.57
2025-04-15,2026-09-30,NGM_EPG0_EVE_NUS-NJM_MMCF,exports by vessel,NJM,Jamaica,americas,0,
2025-04-15,2026-09-30,NGM_EPG0_EVE_NUS-NJO_MMCF,exports by vessel,NJO,Jordan,middle_east_africa,3472,10.71
2025-04-15,2026-09-30,NGM_EPG0_EVE_NUS-NKS_MMCF,exports by vessel,NKS,South Korea,jkm_markets,39835,8.61
2025-04-15,2026-09-30,NGM_EPG0_EVE_NUS-NKU_MMCF,exports by vessel,NKU,Kuwait,middle_east_africa,0,
2025-04-15,2026-09-30,NGM_EPG0_EVE_NUS-NLH_MMCF,exports by vessel,NLH,Lithuania,europe,10145,7.46
2025-04-15,2026-09-30,NGM_EPG0_EVE_NUS-NM6_MMCF,exports by vessel,NM6,Malta,europe,0,
2025-04-15,2026-09-30,NGM_EPG0_EVE_NUS-NMR_MMCF,exports by vessel,NMR,Mauritania,middle_east_africa,0,
2025-04-15,2026-09-30,NGM_EPG0_EVE_NUS-NMX_MMCF,exports by vessel,NMX,Mexico,americas,3385,7.94
2025-04-15,2026-09-30,NGM_EPG0_EVE_NUS-NMY_MMCF,exports by vessel,NMY,Malaysia,other_asia,0,
2025-04-15,2026-09-30,NGM_EPG0_EVE_NUS-NNL_MMCF,exports by vessel,NNL,Netherlands,europe,56009,8.89
2025-04-15,2026-09-30,NGM_EPG0_EVE_NUS-NNU_MMCF,exports by vessel,NNU,Nicaragua,americas,0,
2025-04-15,2026-09-30,NGM_EPG0_EVE_NUS-NPK_MMCF,exports by vessel,NPK,Pakistan,other_asia,0,
2025-04-15,2026-09-30,NGM_EPG0_EVE_NUS-NPL_MMCF,exports by vessel,NPL,Poland,europe,25452,8.09
2025-04-15,2026-09-30,NGM_EPG0_EVE_NUS-NPM_MMCF,exports by vessel,NPM,Panama,americas,3070,6.62
2025-04-15,2026-09-30,NGM_EPG0_EVE_NUS-NPO_MMCF,exports by vessel,NPO,Portugal,europe,3491,6.8
2025-04-15,2026-09-30,NGM_EPG0_EVE_NUS-NRP_MMCF,exports by vessel,NRP,Philippines,other_asia,0,
2025-04-15,2026-09-30,NGM_EPG0_EVE_NUS-NRS_MMCF,exports by vessel,NRS,Russia,europe,0,
2025-04-15,2026-09-30,NGM_EPG0_EVE_NUS-NSG_MMCF,exports by vessel,NSG,Senegal,middle_east_africa,2660,8.49
2025-04-15,2026-09-30,NGM_EPG0_EVE_NUS-NSN_MMCF,exports by vessel,NSN,Singapore,other_asia,0,
2025-04-15,2026-09-30,NGM_EPG0_EVE_NUS-NSP_MMCF,exports by vessel,NSP,Spain,europe,55823,7.86
2025-04-15,2026-09-30,NGM_EPG0_EVE_NUS-NTC_MMCF,exports by vessel,NTC,United Arab Emirates,middle_east_africa,3557,7.46
2025-04-15,2026-09-30,NGM_EPG0_EVE_NUS-NTH_MMCF,exports by vessel,NTH,Thailand,other_asia,7272,7.77
2025-04-15,2026-09-30,NGM_EPG0_EVE_NUS-NTU_MMCF,exports by vessel,NTU,Turkiye,europe,3426,6.73
2025-04-15,2026-09-30,NGM_EPG0_EVE_NUS-NTW_MMCF,exports by vessel,NTW,Taiwan,jkm_markets,10236,8.04
2025-04-15,2026-09-30,NGM_EPG0_EVE_NUS-NUK_MMCF,exports by vessel,NUK,United Kingdom,europe,10462,8.68
2025-04-15,2026-09-30,NGM_EPG0_EVE_NUS-Z00_MMCF,exports by vessel,Z00,,,448223,8.44
2025-04-15,2026-09-30,NGM_EPG0_EVT_NUS-Z00_MMCF,exports by vessel and truck,Z00,,,448242,8.44
2025-05-15,2026-09-30,N9133US2,LNG total including re-exports,Z00,,,435298,7.42
2025-05-15,2026-09-30,NGM_EPG0_ERE_NUS-NAT_MMCF,re-exports,NAT,Argentina,americas,0,
2025-05-15,2026-09-30,NGM_EPG0_ERE_NUS-NBR_MMCF,re-exports,NBR,Brazil,americas,0,
2025-05-15,2026-09-30,NGM_EPG0_ERE_NUS-NCH_MMCF,re-exports,NCH,China,jkm_markets,0,
2025-05-15,2026-09-30,NGM_EPG0_ERE_NUS-NCI_MMCF,re-exports,NCI,Chile,americas,,
2025-05-15,2026-09-30,NGM_EPG0_ERE_NUS-NEG_MMCF,re-exports,NEG,Egypt,middle_east_africa,0,
2025-05-15,2026-09-30,NGM_EPG0_ERE_NUS-NIN_MMCF,re-exports,NIN,India,other_asia,0,
2025-05-15,2026-09-30,NGM_EPG0_ERE_NUS-NJA_MMCF,re-exports,NJA,Japan,jkm_markets,0,
2025-05-15,2026-09-30,NGM_EPG0_ERE_NUS-NKS_MMCF,re-exports,NKS,South Korea,jkm_markets,0,
2025-05-15,2026-09-30,NGM_EPG0_ERE_NUS-NMX_MMCF,re-exports,NMX,Mexico,americas,0,
2025-05-15,2026-09-30,NGM_EPG0_ERE_NUS-NPO_MMCF,re-exports,NPO,Portugal,europe,,
2025-05-15,2026-09-30,NGM_EPG0_ERE_NUS-NSP_MMCF,re-exports,NSP,Spain,europe,0,
2025-05-15,2026-09-30,NGM_EPG0_ERE_NUS-NTU_MMCF,re-exports,NTU,Turkiye,europe,0,
2025-05-15,2026-09-30,NGM_EPG0_ERE_NUS-NUK_MMCF,re-exports,NUK,United Kingdom,europe,0,
2025-05-15,2026-09-30,NGM_EPG0_ERE_NUS-Z00_MMCF,re-exports,Z00,,,0,
2025-05-15,2026-09-30,NGM_EPG0_ETR_NUS-NCA_MMCF,exports by truck,NCA,Canada,americas,10,13.43
2025-05-15,2026-09-30,NGM_EPG0_ETR_NUS-NMX_MMCF,exports by truck,NMX,Mexico,americas,0,
2025-05-15,2026-09-30,NGM_EPG0_ETR_NUS-Z00_MMCF,exports by truck,Z00,,,10,13.43
2025-05-15,2026-09-30,NGM_EPG0_EVE_NUS-NAC_MMCF,exports by vessel,NAC,Antigua and Barbuda,americas,6,10.8
2025-05-15,2026-09-30,NGM_EPG0_EVE_NUS-NAT_MMCF,exports by vessel,NAT,Argentina,americas,2285,5.95
2025-05-15,2026-09-30,NGM_EPG0_EVE_NUS-NBA_MMCF,exports by vessel,NBA,Bahrain,middle_east_africa,3650,11.1
2025-05-15,2026-09-30,NGM_EPG0_EVE_NUS-NBB_MMCF,exports by vessel,NBB,Barbados,americas,42,10.39
2025-05-15,2026-09-30,NGM_EPG0_EVE_NUS-NBE_MMCF,exports by vessel,NBE,Belgium,europe,13514,9.27
2025-05-15,2026-09-30,NGM_EPG0_EVE_NUS-NBF_MMCF,exports by vessel,NBF,Bahamas,americas,42,10.39
2025-05-15,2026-09-30,NGM_EPG0_EVE_NUS-NBG_MMCF,exports by vessel,NBG,Bangladesh,other_asia,3531,8.19
2025-05-15,2026-09-30,NGM_EPG0_EVE_NUS-NBR_MMCF,exports by vessel,NBR,Brazil,americas,3389,7
2025-05-15,2026-09-30,NGM_EPG0_EVE_NUS-NCA_MMCF,exports by vessel,NCA,Canada,americas,,
2025-05-15,2026-09-30,NGM_EPG0_EVE_NUS-NCH_MMCF,exports by vessel,NCH,China,jkm_markets,0,
2025-05-15,2026-09-30,NGM_EPG0_EVE_NUS-NCI_MMCF,exports by vessel,NCI,Chile,americas,4087,5.87
2025-05-15,2026-09-30,NGM_EPG0_EVE_NUS-NCO_MMCF,exports by vessel,NCO,Colombia,americas,4151,5.3
2025-05-15,2026-09-30,NGM_EPG0_EVE_NUS-NDR_MMCF,exports by vessel,NDR,Dominican Republic,americas,9095,6.6
2025-05-15,2026-09-30,NGM_EPG0_EVE_NUS-NEG_MMCF,exports by vessel,NEG,Egypt,middle_east_africa,28842,6.93
2025-05-15,2026-09-30,NGM_EPG0_EVE_NUS-NES_MMCF,exports by vessel,NES,El Salvador,americas,0,
2025-05-15,2026-09-30,NGM_EPG0_EVE_NUS-NFI_MMCF,exports by vessel,NFI,Finland,europe,6599,6.74
2025-05-15,2026-09-30,NGM_EPG0_EVE_NUS-NFR_MMCF,exports by vessel,NFR,France,europe,52021,6.71
2025-05-15,2026-09-30,NGM_EPG0_EVE_NUS-NGM_MMCF,exports by vessel,NGM,Germany,europe,29212,9
2025-05-15,2026-09-30,NGM_EPG0_EVE_NUS-NGR_MMCF,exports by vessel,NGR,Greece,europe,4157,10.24
2025-05-15,2026-09-30,NGM_EPG0_EVE_NUS-NHA_MMCF,exports by vessel,NHA,Haiti,americas,6,10.39
2025-05-15,2026-09-30,NGM_EPG0_EVE_NUS-NHR_MMCF,exports by vessel,NHR,Croatia,europe,3719,7.32
2025-05-15,2026-09-30,NGM_EPG0_EVE_NUS-NID_MMCF,exports by vessel,NID,Indonesia,other_asia,,
2025-05-15,2026-09-30,NGM_EPG0_EVE_NUS-NIN_MMCF,exports by vessel,NIN,India,other_asia,14611,7.37
2025-05-15,2026-09-30,NGM_EPG0_EVE_NUS-NIS_MMCF,exports by vessel,NIS,Israel,middle_east_africa,0,
2025-05-15,2026-09-30,NGM_EPG0_EVE_NUS-NIT_MMCF,exports by vessel,NIT,Italy,europe,32046,9.34
2025-05-15,2026-09-30,NGM_EPG0_EVE_NUS-NJA_MMCF,exports by vessel,NJA,Japan,jkm_markets,25166,7.46
2025-05-15,2026-09-30,NGM_EPG0_EVE_NUS-NJM_MMCF,exports by vessel,NJM,Jamaica,americas,0,
2025-05-15,2026-09-30,NGM_EPG0_EVE_NUS-NJO_MMCF,exports by vessel,NJO,Jordan,middle_east_africa,0,
2025-05-15,2026-09-30,NGM_EPG0_EVE_NUS-NKS_MMCF,exports by vessel,NKS,South Korea,jkm_markets,21207,7.04
2025-05-15,2026-09-30,NGM_EPG0_EVE_NUS-NKU_MMCF,exports by vessel,NKU,Kuwait,middle_east_africa,3707,5.84
2025-05-15,2026-09-30,NGM_EPG0_EVE_NUS-NLH_MMCF,exports by vessel,NLH,Lithuania,europe,7074,6.24
2025-05-15,2026-09-30,NGM_EPG0_EVE_NUS-NM6_MMCF,exports by vessel,NM6,Malta,europe,0,
2025-05-15,2026-09-30,NGM_EPG0_EVE_NUS-NMR_MMCF,exports by vessel,NMR,Mauritania,middle_east_africa,0,
2025-05-15,2026-09-30,NGM_EPG0_EVE_NUS-NMX_MMCF,exports by vessel,NMX,Mexico,americas,0,
2025-05-15,2026-09-30,NGM_EPG0_EVE_NUS-NMY_MMCF,exports by vessel,NMY,Malaysia,other_asia,0,
2025-05-15,2026-09-30,NGM_EPG0_EVE_NUS-NNL_MMCF,exports by vessel,NNL,Netherlands,europe,78927,7.05
2025-05-15,2026-09-30,NGM_EPG0_EVE_NUS-NNU_MMCF,exports by vessel,NNU,Nicaragua,americas,0,
2025-05-15,2026-09-30,NGM_EPG0_EVE_NUS-NPK_MMCF,exports by vessel,NPK,Pakistan,other_asia,0,
2025-05-15,2026-09-30,NGM_EPG0_EVE_NUS-NPL_MMCF,exports by vessel,NPL,Poland,europe,21482,6.46
2025-05-15,2026-09-30,NGM_EPG0_EVE_NUS-NPM_MMCF,exports by vessel,NPM,Panama,americas,1438,6.83
2025-05-15,2026-09-30,NGM_EPG0_EVE_NUS-NPO_MMCF,exports by vessel,NPO,Portugal,europe,3499,5.87
2025-05-15,2026-09-30,NGM_EPG0_EVE_NUS-NRP_MMCF,exports by vessel,NRP,Philippines,other_asia,0,
2025-05-15,2026-09-30,NGM_EPG0_EVE_NUS-NRS_MMCF,exports by vessel,NRS,Russia,europe,0,
2025-05-15,2026-09-30,NGM_EPG0_EVE_NUS-NSG_MMCF,exports by vessel,NSG,Senegal,middle_east_africa,0,
2025-05-15,2026-09-30,NGM_EPG0_EVE_NUS-NSN_MMCF,exports by vessel,NSN,Singapore,other_asia,3641,7
2025-05-15,2026-09-30,NGM_EPG0_EVE_NUS-NSP_MMCF,exports by vessel,NSP,Spain,europe,15767,6.87
2025-05-15,2026-09-30,NGM_EPG0_EVE_NUS-NTC_MMCF,exports by vessel,NTC,United Arab Emirates,middle_east_africa,0,
2025-05-15,2026-09-30,NGM_EPG0_EVE_NUS-NTH_MMCF,exports by vessel,NTH,Thailand,other_asia,14381,7.61
2025-05-15,2026-09-30,NGM_EPG0_EVE_NUS-NTU_MMCF,exports by vessel,NTU,Turkiye,europe,3509,10.42
2025-05-15,2026-09-30,NGM_EPG0_EVE_NUS-NTW_MMCF,exports by vessel,NTW,Taiwan,jkm_markets,13278,7.1
2025-05-15,2026-09-30,NGM_EPG0_EVE_NUS-NUK_MMCF,exports by vessel,NUK,United Kingdom,europe,7207,7.62
2025-05-15,2026-09-30,NGM_EPG0_EVE_NUS-Z00_MMCF,exports by vessel,Z00,,,435289,7.42
2025-05-15,2026-09-30,NGM_EPG0_EVT_NUS-Z00_MMCF,exports by vessel and truck,Z00,,,435298,7.42
2025-06-15,2026-09-30,N9133US2,LNG total including re-exports,Z00,,,406036,7.62
2025-06-15,2026-09-30,NGM_EPG0_ERE_NUS-NAT_MMCF,re-exports,NAT,Argentina,americas,0,
2025-06-15,2026-09-30,NGM_EPG0_ERE_NUS-NBR_MMCF,re-exports,NBR,Brazil,americas,0,
2025-06-15,2026-09-30,NGM_EPG0_ERE_NUS-NCH_MMCF,re-exports,NCH,China,jkm_markets,0,
2025-06-15,2026-09-30,NGM_EPG0_ERE_NUS-NCI_MMCF,re-exports,NCI,Chile,americas,,
2025-06-15,2026-09-30,NGM_EPG0_ERE_NUS-NEG_MMCF,re-exports,NEG,Egypt,middle_east_africa,0,
2025-06-15,2026-09-30,NGM_EPG0_ERE_NUS-NIN_MMCF,re-exports,NIN,India,other_asia,0,
2025-06-15,2026-09-30,NGM_EPG0_ERE_NUS-NJA_MMCF,re-exports,NJA,Japan,jkm_markets,0,
2025-06-15,2026-09-30,NGM_EPG0_ERE_NUS-NKS_MMCF,re-exports,NKS,South Korea,jkm_markets,0,
2025-06-15,2026-09-30,NGM_EPG0_ERE_NUS-NMX_MMCF,re-exports,NMX,Mexico,americas,0,
2025-06-15,2026-09-30,NGM_EPG0_ERE_NUS-NPO_MMCF,re-exports,NPO,Portugal,europe,,
2025-06-15,2026-09-30,NGM_EPG0_ERE_NUS-NSP_MMCF,re-exports,NSP,Spain,europe,0,
2025-06-15,2026-09-30,NGM_EPG0_ERE_NUS-NTU_MMCF,re-exports,NTU,Turkiye,europe,0,
2025-06-15,2026-09-30,NGM_EPG0_ERE_NUS-NUK_MMCF,re-exports,NUK,United Kingdom,europe,0,
2025-06-15,2026-09-30,NGM_EPG0_ERE_NUS-Z00_MMCF,re-exports,Z00,,,0,
2025-06-15,2026-09-30,NGM_EPG0_ETR_NUS-NCA_MMCF,exports by truck,NCA,Canada,americas,8,13.52
2025-06-15,2026-09-30,NGM_EPG0_ETR_NUS-NMX_MMCF,exports by truck,NMX,Mexico,americas,0,
2025-06-15,2026-09-30,NGM_EPG0_ETR_NUS-Z00_MMCF,exports by truck,Z00,,,8,13.52
2025-06-15,2026-09-30,NGM_EPG0_EVE_NUS-NAC_MMCF,exports by vessel,NAC,Antigua and Barbuda,americas,4,10.8
2025-06-15,2026-09-30,NGM_EPG0_EVE_NUS-NAT_MMCF,exports by vessel,NAT,Argentina,americas,10419,6.68
2025-06-15,2026-09-30,NGM_EPG0_EVE_NUS-NBA_MMCF,exports by vessel,NBA,Bahrain,middle_east_africa,7053,9.06
2025-06-15,2026-09-30,NGM_EPG0_EVE_NUS-NBB_MMCF,exports by vessel,NBB,Barbados,americas,44,10.39
2025-06-15,2026-09-30,NGM_EPG0_EVE_NUS-NBE_MMCF,exports by vessel,NBE,Belgium,europe,13645,9.72
2025-06-15,2026-09-30,NGM_EPG0_EVE_NUS-NBF_MMCF,exports by vessel,NBF,Bahamas,americas,38,10.39
2025-06-15,2026-09-30,NGM_EPG0_EVE_NUS-NBG_MMCF,exports by vessel,NBG,Bangladesh,other_asia,13697,6.67
2025-06-15,2026-09-30,NGM_EPG0_EVE_NUS-NBR_MMCF,exports by vessel,NBR,Brazil,americas,4794,5.91
2025-06-15,2026-09-30,NGM_EPG0_EVE_NUS-NCA_MMCF,exports by vessel,NCA,Canada,americas,,
2025-06-15,2026-09-30,NGM_EPG0_EVE_NUS-NCH_MMCF,exports by vessel,NCH,China,jkm_markets,0,
2025-06-15,2026-09-30,NGM_EPG0_EVE_NUS-NCI_MMCF,exports by vessel,NCI,Chile,americas,10324,6.44
2025-06-15,2026-09-30,NGM_EPG0_EVE_NUS-NCO_MMCF,exports by vessel,NCO,Colombia,americas,3131,6.38
2025-06-15,2026-09-30,NGM_EPG0_EVE_NUS-NDR_MMCF,exports by vessel,NDR,Dominican Republic,americas,7695,7.35
2025-06-15,2026-09-30,NGM_EPG0_EVE_NUS-NEG_MMCF,exports by vessel,NEG,Egypt,middle_east_africa,25620,6.98
2025-06-15,2026-09-30,NGM_EPG0_EVE_NUS-NES_MMCF,exports by vessel,NES,El Salvador,americas,3559,5.78
2025-06-15,2026-09-30,NGM_EPG0_EVE_NUS-NFI_MMCF,exports by vessel,NFI,Finland,europe,6469,7.35
2025-06-15,2026-09-30,NGM_EPG0_EVE_NUS-NFR_MMCF,exports by vessel,NFR,France,europe,27282,7.23
2025-06-15,2026-09-30,NGM_EPG0_EVE_NUS-NGM_MMCF,exports by vessel,NGM,Germany,europe,45727,9.25
2025-06-15,2026-09-30,NGM_EPG0_EVE_NUS-NGR_MMCF,exports by vessel,NGR,Greece,europe,10363,9.45
2025-06-15,2026-09-30,NGM_EPG0_EVE_NUS-NHA_MMCF,exports by vessel,NHA,Haiti,americas,9,10.39
2025-06-15,2026-09-30,NGM_EPG0_EVE_NUS-NHR_MMCF,exports by vessel,NHR,Croatia,europe,3666,7.79
2025-06-15,2026-09-30,NGM_EPG0_EVE_NUS-NID_MMCF,exports by vessel,NID,Indonesia,other_asia,,
2025-06-15,2026-09-30,NGM_EPG0_EVE_NUS-NIN_MMCF,exports by vessel,NIN,India,other_asia,14047,6.98
2025-06-15,2026-09-30,NGM_EPG0_EVE_NUS-NIS_MMCF,exports by vessel,NIS,Israel,middle_east_africa,0,
2025-06-15,2026-09-30,NGM_EPG0_EVE_NUS-NIT_MMCF,exports by vessel,NIT,Italy,europe,42300,7.62
2025-06-15,2026-09-30,NGM_EPG0_EVE_NUS-NJA_MMCF,exports by vessel,NJA,Japan,jkm_markets,17430,7.43
2025-06-15,2026-09-30,NGM_EPG0_EVE_NUS-NJM_MMCF,exports by vessel,NJM,Jamaica,americas,0,
2025-06-15,2026-09-30,NGM_EPG0_EVE_NUS-NJO_MMCF,exports by vessel,NJO,Jordan,middle_east_africa,0,
2025-06-15,2026-09-30,NGM_EPG0_EVE_NUS-NKS_MMCF,exports by vessel,NKS,South Korea,jkm_markets,21572,7.09
2025-06-15,2026-09-30,NGM_EPG0_EVE_NUS-NKU_MMCF,exports by vessel,NKU,Kuwait,middle_east_africa,4085,5.87
2025-06-15,2026-09-30,NGM_EPG0_EVE_NUS-NLH_MMCF,exports by vessel,NLH,Lithuania,europe,3254,7.08
2025-06-15,2026-09-30,NGM_EPG0_EVE_NUS-NM6_MMCF,exports by vessel,NM6,Malta,europe,3722,3.76
2025-06-15,2026-09-30,NGM_EPG0_EVE_NUS-NMR_MMCF,exports by vessel,NMR,Mauritania,middle_east_africa,0,
2025-06-15,2026-09-30,NGM_EPG0_EVE_NUS-NMX_MMCF,exports by vessel,NMX,Mexico,americas,0,
2025-06-15,2026-09-30,NGM_EPG0_EVE_NUS-NMY_MMCF,exports by vessel,NMY,Malaysia,other_asia,0,
2025-06-15,2026-09-30,NGM_EPG0_EVE_NUS-NNL_MMCF,exports by vessel,NNL,Netherlands,europe,62077,7.52
2025-06-15,2026-09-30,NGM_EPG0_EVE_NUS-NNU_MMCF,exports by vessel,NNU,Nicaragua,americas,0,
2025-06-15,2026-09-30,NGM_EPG0_EVE_NUS-NPK_MMCF,exports by vessel,NPK,Pakistan,other_asia,0,
2025-06-15,2026-09-30,NGM_EPG0_EVE_NUS-NPL_MMCF,exports by vessel,NPL,Poland,europe,10808,6.64
2025-06-15,2026-09-30,NGM_EPG0_EVE_NUS-NPM_MMCF,exports by vessel,NPM,Panama,americas,1975,7.06
2025-06-15,2026-09-30,NGM_EPG0_EVE_NUS-NPO_MMCF,exports by vessel,NPO,Portugal,europe,6649,6.19
2025-06-15,2026-09-30,NGM_EPG0_EVE_NUS-NRP_MMCF,exports by vessel,NRP,Philippines,other_asia,0,
2025-06-15,2026-09-30,NGM_EPG0_EVE_NUS-NRS_MMCF,exports by vessel,NRS,Russia,europe,0,
2025-06-15,2026-09-30,NGM_EPG0_EVE_NUS-NSG_MMCF,exports by vessel,NSG,Senegal,middle_east_africa,0,
2025-06-15,2026-09-30,NGM_EPG0_EVE_NUS-NSN_MMCF,exports by vessel,NSN,Singapore,other_asia,0,
2025-06-15,2026-09-30,NGM_EPG0_EVE_NUS-NSP_MMCF,exports by vessel,NSP,Spain,europe,5263,8.16
2025-06-15,2026-09-30,NGM_EPG0_EVE_NUS-NTC_MMCF,exports by vessel,NTC,United Arab Emirates,middle_east_africa,0,
2025-06-15,2026-09-30,NGM_EPG0_EVE_NUS-NTH_MMCF,exports by vessel,NTH,Thailand,other_asia,0,
2025-06-15,2026-09-30,NGM_EPG0_EVE_NUS-NTU_MMCF,exports by vessel,NTU,Turkiye,europe,3272,10.62
2025-06-15,2026-09-30,NGM_EPG0_EVE_NUS-NTW_MMCF,exports by vessel,NTW,Taiwan,jkm_markets,8813,7.93
2025-06-15,2026-09-30,NGM_EPG0_EVE_NUS-NUK_MMCF,exports by vessel,NUK,United Kingdom,europe,7222,9.1
2025-06-15,2026-09-30,NGM_EPG0_EVE_NUS-Z00_MMCF,exports by vessel,Z00,,,406028,7.62
2025-06-15,2026-09-30,NGM_EPG0_EVT_NUS-Z00_MMCF,exports by vessel and truck,Z00,,,406036,7.62
2025-07-15,2026-09-30,N9133US2,LNG total including re-exports,Z00,,,436840,7.6
2025-07-15,2026-09-30,NGM_EPG0_ERE_NUS-NAT_MMCF,re-exports,NAT,Argentina,americas,0,
2025-07-15,2026-09-30,NGM_EPG0_ERE_NUS-NBR_MMCF,re-exports,NBR,Brazil,americas,0,
2025-07-15,2026-09-30,NGM_EPG0_ERE_NUS-NCH_MMCF,re-exports,NCH,China,jkm_markets,0,
2025-07-15,2026-09-30,NGM_EPG0_ERE_NUS-NCI_MMCF,re-exports,NCI,Chile,americas,,
2025-07-15,2026-09-30,NGM_EPG0_ERE_NUS-NEG_MMCF,re-exports,NEG,Egypt,middle_east_africa,0,
2025-07-15,2026-09-30,NGM_EPG0_ERE_NUS-NIN_MMCF,re-exports,NIN,India,other_asia,0,
2025-07-15,2026-09-30,NGM_EPG0_ERE_NUS-NJA_MMCF,re-exports,NJA,Japan,jkm_markets,0,
2025-07-15,2026-09-30,NGM_EPG0_ERE_NUS-NKS_MMCF,re-exports,NKS,South Korea,jkm_markets,0,
2025-07-15,2026-09-30,NGM_EPG0_ERE_NUS-NMX_MMCF,re-exports,NMX,Mexico,americas,0,
2025-07-15,2026-09-30,NGM_EPG0_ERE_NUS-NPO_MMCF,re-exports,NPO,Portugal,europe,,
2025-07-15,2026-09-30,NGM_EPG0_ERE_NUS-NSP_MMCF,re-exports,NSP,Spain,europe,0,
2025-07-15,2026-09-30,NGM_EPG0_ERE_NUS-NTU_MMCF,re-exports,NTU,Turkiye,europe,0,
2025-07-15,2026-09-30,NGM_EPG0_ERE_NUS-NUK_MMCF,re-exports,NUK,United Kingdom,europe,0,
2025-07-15,2026-09-30,NGM_EPG0_ERE_NUS-Z00_MMCF,re-exports,Z00,,,0,
2025-07-15,2026-09-30,NGM_EPG0_ETR_NUS-NCA_MMCF,exports by truck,NCA,Canada,americas,16,13.46
2025-07-15,2026-09-30,NGM_EPG0_ETR_NUS-NMX_MMCF,exports by truck,NMX,Mexico,americas,0,
2025-07-15,2026-09-30,NGM_EPG0_ETR_NUS-Z00_MMCF,exports by truck,Z00,,,16,13.46
2025-07-15,2026-09-30,NGM_EPG0_EVE_NUS-NAC_MMCF,exports by vessel,NAC,Antigua and Barbuda,americas,2,10.8
2025-07-15,2026-09-30,NGM_EPG0_EVE_NUS-NAT_MMCF,exports by vessel,NAT,Argentina,americas,10535,7.11
2025-07-15,2026-09-30,NGM_EPG0_EVE_NUS-NBA_MMCF,exports by vessel,NBA,Bahrain,middle_east_africa,3254,11.27
2025-07-15,2026-09-30,NGM_EPG0_EVE_NUS-NBB_MMCF,exports by vessel,NBB,Barbados,americas,68,10.39
2025-07-15,2026-09-30,NGM_EPG0_EVE_NUS-NBE_MMCF,exports by vessel,NBE,Belgium,europe,9738,7.96
2025-07-15,2026-09-30,NGM_EPG0_EVE_NUS-NBF_MMCF,exports by vessel,NBF,Bahamas,americas,49,10.39
2025-07-15,2026-09-30,NGM_EPG0_EVE_NUS-NBG_MMCF,exports by vessel,NBG,Bangladesh,other_asia,6940,7.61
2025-07-15,2026-09-30,NGM_EPG0_EVE_NUS-NBR_MMCF,exports by vessel,NBR,Brazil,americas,11771,6.72
2025-07-15,2026-09-30,NGM_EPG0_EVE_NUS-NCA_MMCF,exports by vessel,NCA,Canada,americas,,
2025-07-15,2026-09-30,NGM_EPG0_EVE_NUS-NCH_MMCF,exports by vessel,NCH,China,jkm_markets,0,
2025-07-15,2026-09-30,NGM_EPG0_EVE_NUS-NCI_MMCF,exports by vessel,NCI,Chile,americas,6794,6.99
2025-07-15,2026-09-30,NGM_EPG0_EVE_NUS-NCO_MMCF,exports by vessel,NCO,Colombia,americas,3862,6.34
2025-07-15,2026-09-30,NGM_EPG0_EVE_NUS-NDR_MMCF,exports by vessel,NDR,Dominican Republic,americas,6110,8.71
2025-07-15,2026-09-30,NGM_EPG0_EVE_NUS-NEG_MMCF,exports by vessel,NEG,Egypt,middle_east_africa,61007,7.17
2025-07-15,2026-09-30,NGM_EPG0_EVE_NUS-NES_MMCF,exports by vessel,NES,El Salvador,americas,0,
2025-07-15,2026-09-30,NGM_EPG0_EVE_NUS-NFI_MMCF,exports by vessel,NFI,Finland,europe,3618,7.14
2025-07-15,2026-09-30,NGM_EPG0_EVE_NUS-NFR_MMCF,exports by vessel,NFR,France,europe,10987,6.11
2025-07-15,2026-09-30,NGM_EPG0_EVE_NUS-NGM_MMCF,exports by vessel,NGM,Germany,europe,35515,9.69
2025-07-15,2026-09-30,NGM_EPG0_EVE_NUS-NGR_MMCF,exports by vessel,NGR,Greece,europe,11550,8.66
2025-07-15,2026-09-30,NGM_EPG0_EVE_NUS-NHA_MMCF,exports by vessel,NHA,Haiti,americas,7,10.39
2025-07-15,2026-09-30,NGM_EPG0_EVE_NUS-NHR_MMCF,exports by vessel,NHR,Croatia,europe,6240,7.43
2025-07-15,2026-09-30,NGM_EPG0_EVE_NUS-NID_MMCF,exports by vessel,NID,Indonesia,other_asia,,
2025-07-15,2026-09-30,NGM_EPG0_EVE_NUS-NIN_MMCF,exports by vessel,NIN,India,other_asia,14519,7.06
2025-07-15,2026-09-30,NGM_EPG0_EVE_NUS-NIS_MMCF,exports by vessel,NIS,Israel,middle_east_africa,0,
2025-07-15,2026-09-30,NGM_EPG0_EVE_NUS-NIT_MMCF,exports by vessel,NIT,Italy,europe,24576,7.04
2025-07-15,2026-09-30,NGM_EPG0_EVE_NUS-NJA_MMCF,exports by vessel,NJA,Japan,jkm_markets,17256,7.88
2025-07-15,2026-09-30,NGM_EPG0_EVE_NUS-NJM_MMCF,exports by vessel,NJM,Jamaica,americas,273,7.03
2025-07-15,2026-09-30,NGM_EPG0_EVE_NUS-NJO_MMCF,exports by vessel,NJO,Jordan,middle_east_africa,0,
2025-07-15,2026-09-30,NGM_EPG0_EVE_NUS-NKS_MMCF,exports by vessel,NKS,South Korea,jkm_markets,19477,8.33
2025-07-15,2026-09-30,NGM_EPG0_EVE_NUS-NKU_MMCF,exports by vessel,NKU,Kuwait,middle_east_africa,0,
2025-07-15,2026-09-30,NGM_EPG0_EVE_NUS-NLH_MMCF,exports by vessel,NLH,Lithuania,europe,10731,8.82
2025-07-15,2026-09-30,NGM_EPG0_EVE_NUS-NM6_MMCF,exports by vessel,NM6,Malta,europe,0,
2025-07-15,2026-09-30,NGM_EPG0_EVE_NUS-NMR_MMCF,exports by vessel,NMR,Mauritania,middle_east_africa,0,
2025-07-15,2026-09-30,NGM_EPG0_EVE_NUS-NMX_MMCF,exports by vessel,NMX,Mexico,americas,1501,5.71
2025-07-15,2026-09-30,NGM_EPG0_EVE_NUS-NMY_MMCF,exports by vessel,NMY,Malaysia,other_asia,0,
2025-07-15,2026-09-30,NGM_EPG0_EVE_NUS-NNL_MMCF,exports by vessel,NNL,Netherlands,europe,53830,7.53
2025-07-15,2026-09-30,NGM_EPG0_EVE_NUS-NNU_MMCF,exports by vessel,NNU,Nicaragua,americas,0,
2025-07-15,2026-09-30,NGM_EPG0_EVE_NUS-NPK_MMCF,exports by vessel,NPK,Pakistan,other_asia,0,
2025-07-15,2026-09-30,NGM_EPG0_EVE_NUS-NPL_MMCF,exports by vessel,NPL,Poland,europe,21201,7.42
2025-07-15,2026-09-30,NGM_EPG0_EVE_NUS-NPM_MMCF,exports by vessel,NPM,Panama,americas,1367,7.68
2025-07-15,2026-09-30,NGM_EPG0_EVE_NUS-NPO_MMCF,exports by vessel,NPO,Portugal,europe,3279,7.13
2025-07-15,2026-09-30,NGM_EPG0_EVE_NUS-NRP_MMCF,exports by vessel,NRP,Philippines,other_asia,6869,8.91
2025-07-15,2026-09-30,NGM_EPG0_EVE_NUS-NRS_MMCF,exports by vessel,NRS,Russia,europe,0,
2025-07-15,2026-09-30,NGM_EPG0_EVE_NUS-NSG_MMCF,exports by vessel,NSG,Senegal,middle_east_africa,2429,6.7
2025-07-15,2026-09-30,NGM_EPG0_EVE_NUS-NSN_MMCF,exports by vessel,NSN,Singapore,other_asia,0,
2025-07-15,2026-09-30,NGM_EPG0_EVE_NUS-NSP_MMCF,exports by vessel,NSP,Spain,europe,39044,7.09
2025-07-15,2026-09-30,NGM_EPG0_EVE_NUS-NTC_MMCF,exports by vessel,NTC,United Arab Emirates,middle_east_africa,0,
2025-07-15,2026-09-30,NGM_EPG0_EVE_NUS-NTH_MMCF,exports by vessel,NTH,Thailand,other_asia,8289,8.25
2025-07-15,2026-09-30,NGM_EPG0_EVE_NUS-NTU_MMCF,exports by vessel,NTU,Turkiye,europe,3620,5.87
2025-07-15,2026-09-30,NGM_EPG0_EVE_NUS-NTW_MMCF,exports by vessel,NTW,Taiwan,jkm_markets,16902,6.53
2025-07-15,2026-09-30,NGM_EPG0_EVE_NUS-NUK_MMCF,exports by vessel,NUK,United Kingdom,europe,3615,6.06
2025-07-15,2026-09-30,NGM_EPG0_EVE_NUS-Z00_MMCF,exports by vessel,Z00,,,436824,7.6
2025-07-15,2026-09-30,NGM_EPG0_EVT_NUS-Z00_MMCF,exports by vessel and truck,Z00,,,436840,7.6
2025-08-15,2026-09-30,N9133US2,LNG total including re-exports,Z00,,,451139,7.51
2025-08-15,2026-09-30,NGM_EPG0_ERE_NUS-NAT_MMCF,re-exports,NAT,Argentina,americas,0,
2025-08-15,2026-09-30,NGM_EPG0_ERE_NUS-NBR_MMCF,re-exports,NBR,Brazil,americas,0,
2025-08-15,2026-09-30,NGM_EPG0_ERE_NUS-NCH_MMCF,re-exports,NCH,China,jkm_markets,0,
2025-08-15,2026-09-30,NGM_EPG0_ERE_NUS-NCI_MMCF,re-exports,NCI,Chile,americas,,
2025-08-15,2026-09-30,NGM_EPG0_ERE_NUS-NEG_MMCF,re-exports,NEG,Egypt,middle_east_africa,0,
2025-08-15,2026-09-30,NGM_EPG0_ERE_NUS-NIN_MMCF,re-exports,NIN,India,other_asia,0,
2025-08-15,2026-09-30,NGM_EPG0_ERE_NUS-NJA_MMCF,re-exports,NJA,Japan,jkm_markets,0,
2025-08-15,2026-09-30,NGM_EPG0_ERE_NUS-NKS_MMCF,re-exports,NKS,South Korea,jkm_markets,0,
2025-08-15,2026-09-30,NGM_EPG0_ERE_NUS-NMX_MMCF,re-exports,NMX,Mexico,americas,0,
2025-08-15,2026-09-30,NGM_EPG0_ERE_NUS-NPO_MMCF,re-exports,NPO,Portugal,europe,,
2025-08-15,2026-09-30,NGM_EPG0_ERE_NUS-NSP_MMCF,re-exports,NSP,Spain,europe,0,
2025-08-15,2026-09-30,NGM_EPG0_ERE_NUS-NTU_MMCF,re-exports,NTU,Turkiye,europe,0,
2025-08-15,2026-09-30,NGM_EPG0_ERE_NUS-NUK_MMCF,re-exports,NUK,United Kingdom,europe,0,
2025-08-15,2026-09-30,NGM_EPG0_ERE_NUS-Z00_MMCF,re-exports,Z00,,,0,
2025-08-15,2026-09-30,NGM_EPG0_ETR_NUS-NCA_MMCF,exports by truck,NCA,Canada,americas,8,13.05
2025-08-15,2026-09-30,NGM_EPG0_ETR_NUS-NMX_MMCF,exports by truck,NMX,Mexico,americas,0,
2025-08-15,2026-09-30,NGM_EPG0_ETR_NUS-Z00_MMCF,exports by truck,Z00,,,8,13.05
2025-08-15,2026-09-30,NGM_EPG0_EVE_NUS-NAC_MMCF,exports by vessel,NAC,Antigua and Barbuda,americas,3,10.8
2025-08-15,2026-09-30,NGM_EPG0_EVE_NUS-NAT_MMCF,exports by vessel,NAT,Argentina,americas,0,
2025-08-15,2026-09-30,NGM_EPG0_EVE_NUS-NBA_MMCF,exports by vessel,NBA,Bahrain,middle_east_africa,3583,13
2025-08-15,2026-09-30,NGM_EPG0_EVE_NUS-NBB_MMCF,exports by vessel,NBB,Barbados,americas,44,10.39
2025-08-15,2026-09-30,NGM_EPG0_EVE_NUS-NBE_MMCF,exports by vessel,NBE,Belgium,europe,17286,7.96
2025-08-15,2026-09-30,NGM_EPG0_EVE_NUS-NBF_MMCF,exports by vessel,NBF,Bahamas,americas,47,10.39
2025-08-15,2026-09-30,NGM_EPG0_EVE_NUS-NBG_MMCF,exports by vessel,NBG,Bangladesh,other_asia,3553,5.63
2025-08-15,2026-09-30,NGM_EPG0_EVE_NUS-NBR_MMCF,exports by vessel,NBR,Brazil,americas,13560,8.1
2025-08-15,2026-09-30,NGM_EPG0_EVE_NUS-NCA_MMCF,exports by vessel,NCA,Canada,americas,,
2025-08-15,2026-09-30,NGM_EPG0_EVE_NUS-NCH_MMCF,exports by vessel,NCH,China,jkm_markets,0,
2025-08-15,2026-09-30,NGM_EPG0_EVE_NUS-NCI_MMCF,exports by vessel,NCI,Chile,americas,0,
2025-08-15,2026-09-30,NGM_EPG0_EVE_NUS-NCO_MMCF,exports by vessel,NCO,Colombia,americas,994,6.83
2025-08-15,2026-09-30,NGM_EPG0_EVE_NUS-NDR_MMCF,exports by vessel,NDR,Dominican Republic,americas,10546,6.89
2025-08-15,2026-09-30,NGM_EPG0_EVE_NUS-NEG_MMCF,exports by vessel,NEG,Egypt,middle_east_africa,60882,7.97
2025-08-15,2026-09-30,NGM_EPG0_EVE_NUS-NES_MMCF,exports by vessel,NES,El Salvador,americas,0,
2025-08-15,2026-09-30,NGM_EPG0_EVE_NUS-NFI_MMCF,exports by vessel,NFI,Finland,europe,0,
2025-08-15,2026-09-30,NGM_EPG0_EVE_NUS-NFR_MMCF,exports by vessel,NFR,France,europe,30288,7.66
2025-08-15,2026-09-30,NGM_EPG0_EVE_NUS-NGM_MMCF,exports by vessel,NGM,Germany,europe,35236,10.05
2025-08-15,2026-09-30,NGM_EPG0_EVE_NUS-NGR_MMCF,exports by vessel,NGR,Greece,europe,3514,7.85
2025-08-15,2026-09-30,NGM_EPG0_EVE_NUS-NHA_MMCF,exports by vessel,NHA,Haiti,americas,9,10.39
2025-08-15,2026-09-30,NGM_EPG0_EVE_NUS-NHR_MMCF,exports by vessel,NHR,Croatia,europe,0,
2025-08-15,2026-09-30,NGM_EPG0_EVE_NUS-NID_MMCF,exports by vessel,NID,Indonesia,other_asia,,
2025-08-15,2026-09-30,NGM_EPG0_EVE_NUS-NIN_MMCF,exports by vessel,NIN,India,other_asia,14431,6.72
2025-08-15,2026-09-30,NGM_EPG0_EVE_NUS-NIS_MMCF,exports by vessel,NIS,Israel,middle_east_africa,0,
2025-08-15,2026-09-30,NGM_EPG0_EVE_NUS-NIT_MMCF,exports by vessel,NIT,Italy,europe,38641,7.09
2025-08-15,2026-09-30,NGM_EPG0_EVE_NUS-NJA_MMCF,exports by vessel,NJA,Japan,jkm_markets,14150,7.81
2025-08-15,2026-09-30,NGM_EPG0_EVE_NUS-NJM_MMCF,exports by vessel,NJM,Jamaica,americas,0,
2025-08-15,2026-09-30,NGM_EPG0_EVE_NUS-NJO_MMCF,exports by vessel,NJO,Jordan,middle_east_africa,3521,10.77
2025-08-15,2026-09-30,NGM_EPG0_EVE_NUS-NKS_MMCF,exports by vessel,NKS,South Korea,jkm_markets,30014,6.79
2025-08-15,2026-09-30,NGM_EPG0_EVE_NUS-NKU_MMCF,exports by vessel,NKU,Kuwait,middle_east_africa,0,
2025-08-15,2026-09-30,NGM_EPG0_EVE_NUS-NLH_MMCF,exports by vessel,NLH,Lithuania,europe,3499,6.23
2025-08-15,2026-09-30,NGM_EPG0_EVE_NUS-NM6_MMCF,exports by vessel,NM6,Malta,europe,0,
2025-08-15,2026-09-30,NGM_EPG0_EVE_NUS-NMR_MMCF,exports by vessel,NMR,Mauritania,middle_east_africa,0,
2025-08-15,2026-09-30,NGM_EPG0_EVE_NUS-NMX_MMCF,exports by vessel,NMX,Mexico,americas,3231,3.89
2025-08-15,2026-09-30,NGM_EPG0_EVE_NUS-NMY_MMCF,exports by vessel,NMY,Malaysia,other_asia,0,
2025-08-15,2026-09-30,NGM_EPG0_EVE_NUS-NNL_MMCF,exports by vessel,NNL,Netherlands,europe,70762,7.22
2025-08-15,2026-09-30,NGM_EPG0_EVE_NUS-NNU_MMCF,exports by vessel,NNU,Nicaragua,americas,0,
2025-08-15,2026-09-30,NGM_EPG0_EVE_NUS-NPK_MMCF,exports by vessel,NPK,Pakistan,other_asia,0,
2025-08-15,2026-09-30,NGM_EPG0_EVE_NUS-NPL_MMCF,exports by vessel,NPL,Poland,europe,18397,6.05
2025-08-15,2026-09-30,NGM_EPG0_EVE_NUS-NPM_MMCF,exports by vessel,NPM,Panama,americas,3028,7.45
2025-08-15,2026-09-30,NGM_EPG0_EVE_NUS-NPO_MMCF,exports by vessel,NPO,Portugal,europe,10871,6.54
2025-08-15,2026-09-30,NGM_EPG0_EVE_NUS-NRP_MMCF,exports by vessel,NRP,Philippines,other_asia,0,
2025-08-15,2026-09-30,NGM_EPG0_EVE_NUS-NRS_MMCF,exports by vessel,NRS,Russia,europe,0,
2025-08-15,2026-09-30,NGM_EPG0_EVE_NUS-NSG_MMCF,exports by vessel,NSG,Senegal,middle_east_africa,2211,6.19
2025-08-15,2026-09-30,NGM_EPG0_EVE_NUS-NSN_MMCF,exports by vessel,NSN,Singapore,other_asia,3042,7.45
2025-08-15,2026-09-30,NGM_EPG0_EVE_NUS-NSP_MMCF,exports by vessel,NSP,Spain,europe,34634,6.69
2025-08-15,2026-09-30,NGM_EPG0_EVE_NUS-NTC_MMCF,exports by vessel,NTC,United Arab Emirates,middle_east_africa,0,
2025-08-15,2026-09-30,NGM_EPG0_EVE_NUS-NTH_MMCF,exports by vessel,NTH,Thailand,other_asia,3860,5.72
2025-08-15,2026-09-30,NGM_EPG0_EVE_NUS-NTU_MMCF,exports by vessel,NTU,Turkiye,europe,3470,6.41
2025-08-15,2026-09-30,NGM_EPG0_EVE_NUS-NTW_MMCF,exports by vessel,NTW,Taiwan,jkm_markets,13824,7.91
2025-08-15,2026-09-30,NGM_EPG0_EVE_NUS-NUK_MMCF,exports by vessel,NUK,United Kingdom,europe,,
2025-08-15,2026-09-30,NGM_EPG0_EVE_NUS-Z00_MMCF,exports by vessel,Z00,,,451130,7.51
2025-08-15,2026-09-30,NGM_EPG0_EVT_NUS-Z00_MMCF,exports by vessel and truck,Z00,,,451139,7.51
2025-09-15,2026-09-30,N9133US2,LNG total including re-exports,Z00,,,451755,7.09
2025-09-15,2026-09-30,NGM_EPG0_ERE_NUS-NAT_MMCF,re-exports,NAT,Argentina,americas,0,
2025-09-15,2026-09-30,NGM_EPG0_ERE_NUS-NBR_MMCF,re-exports,NBR,Brazil,americas,0,
2025-09-15,2026-09-30,NGM_EPG0_ERE_NUS-NCH_MMCF,re-exports,NCH,China,jkm_markets,0,
2025-09-15,2026-09-30,NGM_EPG0_ERE_NUS-NCI_MMCF,re-exports,NCI,Chile,americas,,
2025-09-15,2026-09-30,NGM_EPG0_ERE_NUS-NEG_MMCF,re-exports,NEG,Egypt,middle_east_africa,0,
2025-09-15,2026-09-30,NGM_EPG0_ERE_NUS-NIN_MMCF,re-exports,NIN,India,other_asia,0,
2025-09-15,2026-09-30,NGM_EPG0_ERE_NUS-NJA_MMCF,re-exports,NJA,Japan,jkm_markets,0,
2025-09-15,2026-09-30,NGM_EPG0_ERE_NUS-NKS_MMCF,re-exports,NKS,South Korea,jkm_markets,0,
2025-09-15,2026-09-30,NGM_EPG0_ERE_NUS-NMX_MMCF,re-exports,NMX,Mexico,americas,0,
2025-09-15,2026-09-30,NGM_EPG0_ERE_NUS-NPO_MMCF,re-exports,NPO,Portugal,europe,,
2025-09-15,2026-09-30,NGM_EPG0_ERE_NUS-NSP_MMCF,re-exports,NSP,Spain,europe,0,
2025-09-15,2026-09-30,NGM_EPG0_ERE_NUS-NTU_MMCF,re-exports,NTU,Turkiye,europe,0,
2025-09-15,2026-09-30,NGM_EPG0_ERE_NUS-NUK_MMCF,re-exports,NUK,United Kingdom,europe,0,
2025-09-15,2026-09-30,NGM_EPG0_ERE_NUS-Z00_MMCF,re-exports,Z00,,,0,
2025-09-15,2026-09-30,NGM_EPG0_ETR_NUS-NCA_MMCF,exports by truck,NCA,Canada,americas,20,12.85
2025-09-15,2026-09-30,NGM_EPG0_ETR_NUS-NMX_MMCF,exports by truck,NMX,Mexico,americas,0,
2025-09-15,2026-09-30,NGM_EPG0_ETR_NUS-Z00_MMCF,exports by truck,Z00,,,20,12.85
2025-09-15,2026-09-30,NGM_EPG0_EVE_NUS-NAC_MMCF,exports by vessel,NAC,Antigua and Barbuda,americas,0,
2025-09-15,2026-09-30,NGM_EPG0_EVE_NUS-NAT_MMCF,exports by vessel,NAT,Argentina,americas,0,
2025-09-15,2026-09-30,NGM_EPG0_EVE_NUS-NBA_MMCF,exports by vessel,NBA,Bahrain,middle_east_africa,0,
2025-09-15,2026-09-30,NGM_EPG0_EVE_NUS-NBB_MMCF,exports by vessel,NBB,Barbados,americas,39,10.39
2025-09-15,2026-09-30,NGM_EPG0_EVE_NUS-NBE_MMCF,exports by vessel,NBE,Belgium,europe,27746,7.85
2025-09-15,2026-09-30,NGM_EPG0_EVE_NUS-NBF_MMCF,exports by vessel,NBF,Bahamas,americas,42,10.39
2025-09-15,2026-09-30,NGM_EPG0_EVE_NUS-NBG_MMCF,exports by vessel,NBG,Bangladesh,other_asia,13236,6.06
2025-09-15,2026-09-30,NGM_EPG0_EVE_NUS-NBR_MMCF,exports by vessel,NBR,Brazil,americas,10168,8.93
2025-09-15,2026-09-30,NGM_EPG0_EVE_NUS-NCA_MMCF,exports by vessel,NCA,Canada,americas,,
2025-09-15,2026-09-30,NGM_EPG0_EVE_NUS-NCH_MMCF,exports by vessel,NCH,China,jkm_markets,546,5.84
2025-09-15,2026-09-30,NGM_EPG0_EVE_NUS-NCI_MMCF,exports by vessel,NCI,Chile,americas,3259,7.2
2025-09-15,2026-09-30,NGM_EPG0_EVE_NUS-NCO_MMCF,exports by vessel,NCO,Colombia,americas,7323,5.58
2025-09-15,2026-09-30,NGM_EPG0_EVE_NUS-NDR_MMCF,exports by vessel,NDR,Dominican Republic,americas,7010,6.24
2025-09-15,2026-09-30,NGM_EPG0_EVE_NUS-NEG_MMCF,exports by vessel,NEG,Egypt,middle_east_africa,53614,7.12
2025-09-15,2026-09-30,NGM_EPG0_EVE_NUS-NES_MMCF,exports by vessel,NES,El Salvador,americas,0,
2025-09-15,2026-09-30,NGM_EPG0_EVE_NUS-NFI_MMCF,exports by vessel,NFI,Finland,europe,7329,6.38
2025-09-15,2026-09-30,NGM_EPG0_EVE_NUS-NFR_MMCF,exports by vessel,NFR,France,europe,47403,6.9
2025-09-15,2026-09-30,NGM_EPG0_EVE_NUS-NGM_MMCF,exports by vessel,NGM,Germany,europe,28307,8.14
2025-09-15,2026-09-30,NGM_EPG0_EVE_NUS-NGR_MMCF,exports by vessel,NGR,Greece,europe,6822,6.28
2025-09-15,2026-09-30,NGM_EPG0_EVE_NUS-NHA_MMCF,exports by vessel,NHA,Haiti,americas,8,10.39
2025-09-15,2026-09-30,NGM_EPG0_EVE_NUS-NHR_MMCF,exports by vessel,NHR,Croatia,europe,3704,6.2
2025-09-15,2026-09-30,NGM_EPG0_EVE_NUS-NID_MMCF,exports by vessel,NID,Indonesia,other_asia,,
2025-09-15,2026-09-30,NGM_EPG0_EVE_NUS-NIN_MMCF,exports by vessel,NIN,India,other_asia,18794,6.53
2025-09-15,2026-09-30,NGM_EPG0_EVE_NUS-NIS_MMCF,exports by vessel,NIS,Israel,middle_east_africa,0,
2025-09-15,2026-09-30,NGM_EPG0_EVE_NUS-NIT_MMCF,exports by vessel,NIT,Italy,europe,21220,7.36
2025-09-15,2026-09-30,NGM_EPG0_EVE_NUS-NJA_MMCF,exports by vessel,NJA,Japan,jkm_markets,21618,7.1
2025-09-15,2026-09-30,NGM_EPG0_EVE_NUS-NJM_MMCF,exports by vessel,NJM,Jamaica,americas,0,
2025-09-15,2026-09-30,NGM_EPG0_EVE_NUS-NJO_MMCF,exports by vessel,NJO,Jordan,middle_east_africa,0,
2025-09-15,2026-09-30,NGM_EPG0_EVE_NUS-NKS_MMCF,exports by vessel,NKS,South Korea,jkm_markets,14148,6.13
2025-09-15,2026-09-30,NGM_EPG0_EVE_NUS-NKU_MMCF,exports by vessel,NKU,Kuwait,middle_east_africa,0,
2025-09-15,2026-09-30,NGM_EPG0_EVE_NUS-NLH_MMCF,exports by vessel,NLH,Lithuania,europe,7339,6.02
2025-09-15,2026-09-30,NGM_EPG0_EVE_NUS-NM6_MMCF,exports by vessel,NM6,Malta,europe,0,
2025-09-15,2026-09-30,NGM_EPG0_EVE_NUS-NMR_MMCF,exports by vessel,NMR,Mauritania,middle_east_africa,0,
2025-09-15,2026-09-30,NGM_EPG0_EVE_NUS-NMX_MMCF,exports by vessel,NMX,Mexico,americas,0,
2025-09-15,2026-09-30,NGM_EPG0_EVE_NUS-NMY_MMCF,exports by vessel,NMY,Malaysia,other_asia,0,
2025-09-15,2026-09-30,NGM_EPG0_EVE_NUS-NNL_MMCF,exports by vessel,NNL,Netherlands,europe,68528,7.76
2025-09-15,2026-09-30,NGM_EPG0_EVE_NUS-NNU_MMCF,exports by vessel,NNU,Nicaragua,americas,0,
2025-09-15,2026-09-30,NGM_EPG0_EVE_NUS-NPK_MMCF,exports by vessel,NPK,Pakistan,other_asia,0,
2025-09-15,2026-09-30,NGM_EPG0_EVE_NUS-NPL_MMCF,exports by vessel,NPL,Poland,europe,10929,7.29
2025-09-15,2026-09-30,NGM_EPG0_EVE_NUS-NPM_MMCF,exports by vessel,NPM,Panama,americas,0,
2025-09-15,2026-09-30,NGM_EPG0_EVE_NUS-NPO_MMCF,exports by vessel,NPO,Portugal,europe,10822,5.73
2025-09-15,2026-09-30,NGM_EPG0_EVE_NUS-NRP_MMCF,exports by vessel,NRP,Philippines,other_asia,0,
2025-09-15,2026-09-30,NGM_EPG0_EVE_NUS-NRS_MMCF,exports by vessel,NRS,Russia,europe,0,
2025-09-15,2026-09-30,NGM_EPG0_EVE_NUS-NSG_MMCF,exports by vessel,NSG,Senegal,middle_east_africa,0,
2025-09-15,2026-09-30,NGM_EPG0_EVE_NUS-NSN_MMCF,exports by vessel,NSN,Singapore,other_asia,0,
2025-09-15,2026-09-30,NGM_EPG0_EVE_NUS-NSP_MMCF,exports by vessel,NSP,Spain,europe,28341,6.03
2025-09-15,2026-09-30,NGM_EPG0_EVE_NUS-NTC_MMCF,exports by vessel,NTC,United Arab Emirates,middle_east_africa,2145,3.72
2025-09-15,2026-09-30,NGM_EPG0_EVE_NUS-NTH_MMCF,exports by vessel,NTH,Thailand,other_asia,0,
2025-09-15,2026-09-30,NGM_EPG0_EVE_NUS-NTU_MMCF,exports by vessel,NTU,Turkiye,europe,0,
2025-09-15,2026-09-30,NGM_EPG0_EVE_NUS-NTW_MMCF,exports by vessel,NTW,Taiwan,jkm_markets,17348,6.86
2025-09-15,2026-09-30,NGM_EPG0_EVE_NUS-NUK_MMCF,exports by vessel,NUK,United Kingdom,europe,13947,8.34
2025-09-15,2026-09-30,NGM_EPG0_EVE_NUS-Z00_MMCF,exports by vessel,Z00,,,451735,7.09
2025-09-15,2026-09-30,NGM_EPG0_EVT_NUS-Z00_MMCF,exports by vessel and truck,Z00,,,451755,7.09
2025-10-15,2026-09-30,N9133US2,LNG total including re-exports,Z00,,,503475,7.34
2025-10-15,2026-09-30,NGM_EPG0_ERE_NUS-NAT_MMCF,re-exports,NAT,Argentina,americas,0,
2025-10-15,2026-09-30,NGM_EPG0_ERE_NUS-NBR_MMCF,re-exports,NBR,Brazil,americas,0,
2025-10-15,2026-09-30,NGM_EPG0_ERE_NUS-NCH_MMCF,re-exports,NCH,China,jkm_markets,0,
2025-10-15,2026-09-30,NGM_EPG0_ERE_NUS-NCI_MMCF,re-exports,NCI,Chile,americas,,
2025-10-15,2026-09-30,NGM_EPG0_ERE_NUS-NEG_MMCF,re-exports,NEG,Egypt,middle_east_africa,0,
2025-10-15,2026-09-30,NGM_EPG0_ERE_NUS-NIN_MMCF,re-exports,NIN,India,other_asia,0,
2025-10-15,2026-09-30,NGM_EPG0_ERE_NUS-NJA_MMCF,re-exports,NJA,Japan,jkm_markets,0,
2025-10-15,2026-09-30,NGM_EPG0_ERE_NUS-NKS_MMCF,re-exports,NKS,South Korea,jkm_markets,0,
2025-10-15,2026-09-30,NGM_EPG0_ERE_NUS-NMX_MMCF,re-exports,NMX,Mexico,americas,0,
2025-10-15,2026-09-30,NGM_EPG0_ERE_NUS-NPO_MMCF,re-exports,NPO,Portugal,europe,,
2025-10-15,2026-09-30,NGM_EPG0_ERE_NUS-NSP_MMCF,re-exports,NSP,Spain,europe,0,
2025-10-15,2026-09-30,NGM_EPG0_ERE_NUS-NTU_MMCF,re-exports,NTU,Turkiye,europe,0,
2025-10-15,2026-09-30,NGM_EPG0_ERE_NUS-NUK_MMCF,re-exports,NUK,United Kingdom,europe,0,
2025-10-15,2026-09-30,NGM_EPG0_ERE_NUS-Z00_MMCF,re-exports,Z00,,,0,
2025-10-15,2026-09-30,NGM_EPG0_ETR_NUS-NCA_MMCF,exports by truck,NCA,Canada,americas,19,13.3
2025-10-15,2026-09-30,NGM_EPG0_ETR_NUS-NMX_MMCF,exports by truck,NMX,Mexico,americas,0,
2025-10-15,2026-09-30,NGM_EPG0_ETR_NUS-Z00_MMCF,exports by truck,Z00,,,19,13.3
2025-10-15,2026-09-30,NGM_EPG0_EVE_NUS-NAC_MMCF,exports by vessel,NAC,Antigua and Barbuda,americas,3,10.8
2025-10-15,2026-09-30,NGM_EPG0_EVE_NUS-NAT_MMCF,exports by vessel,NAT,Argentina,americas,0,
2025-10-15,2026-09-30,NGM_EPG0_EVE_NUS-NBA_MMCF,exports by vessel,NBA,Bahrain,middle_east_africa,0,
2025-10-15,2026-09-30,NGM_EPG0_EVE_NUS-NBB_MMCF,exports by vessel,NBB,Barbados,americas,34,10.39
2025-10-15,2026-09-30,NGM_EPG0_EVE_NUS-NBE_MMCF,exports by vessel,NBE,Belgium,europe,35504,8.85
2025-10-15,2026-09-30,NGM_EPG0_EVE_NUS-NBF_MMCF,exports by vessel,NBF,Bahamas,americas,31,10.39
2025-10-15,2026-09-30,NGM_EPG0_EVE_NUS-NBG_MMCF,exports by vessel,NBG,Bangladesh,other_asia,3453,7.11
2025-10-15,2026-09-30,NGM_EPG0_EVE_NUS-NBR_MMCF,exports by vessel,NBR,Brazil,americas,6898,6.62
2025-10-15,2026-09-30,NGM_EPG0_EVE_NUS-NCA_MMCF,exports by vessel,NCA,Canada,americas,,
2025-10-15,2026-09-30,NGM_EPG0_EVE_NUS-NCH_MMCF,exports by vessel,NCH,China,jkm_markets,0,
2025-10-15,2026-09-30,NGM_EPG0_EVE_NUS-NCI_MMCF,exports by vessel,NCI,Chile,americas,0,
2025-10-15,2026-09-30,NGM_EPG0_EVE_NUS-NCO_MMCF,exports by vessel,NCO,Colombia,americas,0,
2025-10-15,2026-09-30,NGM_EPG0_EVE_NUS-NDR_MMCF,exports by vessel,NDR,Dominican Republic,americas,7353,8.12
2025-10-15,2026-09-30,NGM_EPG0_EVE_NUS-NEG_MMCF,exports by vessel,NEG,Egypt,middle_east_africa,36253,6.9
2025-10-15,2026-09-30,NGM_EPG0_EVE_NUS-NES_MMCF,exports by vessel,NES,El Salvador,americas,3389,7.17
2025-10-15,2026-09-30,NGM_EPG0_EVE_NUS-NFI_MMCF,exports by vessel,NFI,Finland,europe,0,
2025-10-15,2026-09-30,NGM_EPG0_EVE_NUS-NFR_MMCF,exports by vessel,NFR,France,europe,51899,7.85
2025-10-15,2026-09-30,NGM_EPG0_EVE_NUS-NGM_MMCF,exports by vessel,NGM,Germany,europe,31236,7.75
2025-10-15,2026-09-30,NGM_EPG0_EVE_NUS-NGR_MMCF,exports by vessel,NGR,Greece,europe,11010,6.11
2025-10-15,2026-09-30,NGM_EPG0_EVE_NUS-NHA_MMCF,exports by vessel,NHA,Haiti,americas,9,10.39
2025-10-15,2026-09-30,NGM_EPG0_EVE_NUS-NHR_MMCF,exports by vessel,NHR,Croatia,europe,5742,5.96
2025-10-15,2026-09-30,NGM_EPG0_EVE_NUS-NID_MMCF,exports by vessel,NID,Indonesia,other_asia,,
2025-10-15,2026-09-30,NGM_EPG0_EVE_NUS-NIN_MMCF,exports by vessel,NIN,India,other_asia,10670,6.43
2025-10-15,2026-09-30,NGM_EPG0_EVE_NUS-NIS_MMCF,exports by vessel,NIS,Israel,middle_east_africa,0,
2025-10-15,2026-09-30,NGM_EPG0_EVE_NUS-NIT_MMCF,exports by vessel,NIT,Italy,europe,25039,7.63
2025-10-15,2026-09-30,NGM_EPG0_EVE_NUS-NJA_MMCF,exports by vessel,NJA,Japan,jkm_markets,34180,6.64
2025-10-15,2026-09-30,NGM_EPG0_EVE_NUS-NJM_MMCF,exports by vessel,NJM,Jamaica,americas,0,
2025-10-15,2026-09-30,NGM_EPG0_EVE_NUS-NJO_MMCF,exports by vessel,NJO,Jordan,middle_east_africa,3609,10.46
2025-10-15,2026-09-30,NGM_EPG0_EVE_NUS-NKS_MMCF,exports by vessel,NKS,South Korea,jkm_markets,26651,6.28
2025-10-15,2026-09-30,NGM_EPG0_EVE_NUS-NKU_MMCF,exports by vessel,NKU,Kuwait,middle_east_africa,0,
2025-10-15,2026-09-30,NGM_EPG0_EVE_NUS-NLH_MMCF,exports by vessel,NLH,Lithuania,europe,10354,12.08
2025-10-15,2026-09-30,NGM_EPG0_EVE_NUS-NM6_MMCF,exports by vessel,NM6,Malta,europe,0,
2025-10-15,2026-09-30,NGM_EPG0_EVE_NUS-NMR_MMCF,exports by vessel,NMR,Mauritania,middle_east_africa,0,
2025-10-15,2026-09-30,NGM_EPG0_EVE_NUS-NMX_MMCF,exports by vessel,NMX,Mexico,americas,0,
2025-10-15,2026-09-30,NGM_EPG0_EVE_NUS-NMY_MMCF,exports by vessel,NMY,Malaysia,other_asia,0,
2025-10-15,2026-09-30,NGM_EPG0_EVE_NUS-NNL_MMCF,exports by vessel,NNL,Netherlands,europe,51931,6.67
2025-10-15,2026-09-30,NGM_EPG0_EVE_NUS-NNU_MMCF,exports by vessel,NNU,Nicaragua,americas,0,
2025-10-15,2026-09-30,NGM_EPG0_EVE_NUS-NPK_MMCF,exports by vessel,NPK,Pakistan,other_asia,0,
2025-10-15,2026-09-30,NGM_EPG0_EVE_NUS-NPL_MMCF,exports by vessel,NPL,Poland,europe,24465,7.8
2025-10-15,2026-09-30,NGM_EPG0_EVE_NUS-NPM_MMCF,exports by vessel,NPM,Panama,americas,3674,10.46
2025-10-15,2026-09-30,NGM_EPG0_EVE_NUS-NPO_MMCF,exports by vessel,NPO,Portugal,europe,3499,5.47
2025-10-15,2026-09-30,NGM_EPG0_EVE_NUS-NRP_MMCF,exports by vessel,NRP,Philippines,other_asia,0,
2025-10-15,2026-09-30,NGM_EPG0_EVE_NUS-NRS_MMCF,exports by vessel,NRS,Russia,europe,0,
2025-10-15,2026-09-30,NGM_EPG0_EVE_NUS-NSG_MMCF,exports by vessel,NSG,Senegal,middle_east_africa,2089,7.7
2025-10-15,2026-09-30,NGM_EPG0_EVE_NUS-NSN_MMCF,exports by vessel,NSN,Singapore,other_asia,1112,6.61
2025-10-15,2026-09-30,NGM_EPG0_EVE_NUS-NSP_MMCF,exports by vessel,NSP,Spain,europe,39655,7.08
2025-10-15,2026-09-30,NGM_EPG0_EVE_NUS-NTC_MMCF,exports by vessel,NTC,United Arab Emirates,middle_east_africa,0,
2025-10-15,2026-09-30,NGM_EPG0_EVE_NUS-NTH_MMCF,exports by vessel,NTH,Thailand,other_asia,7297,5.51
2025-10-15,2026-09-30,NGM_EPG0_EVE_NUS-NTU_MMCF,exports by vessel,NTU,Turkiye,europe,24920,6.86
2025-10-15,2026-09-30,NGM_EPG0_EVE_NUS-NTW_MMCF,exports by vessel,NTW,Taiwan,jkm_markets,9065,6.16
2025-10-15,2026-09-30,NGM_EPG0_EVE_NUS-NUK_MMCF,exports by vessel,NUK,United Kingdom,europe,32428,7.48
2025-10-15,2026-09-30,NGM_EPG0_EVE_NUS-Z00_MMCF,exports by vessel,Z00,,,503456,7.34
2025-10-15,2026-09-30,NGM_EPG0_EVT_NUS-Z00_MMCF,exports by vessel and truck,Z00,,,503475,7.34
2025-11-15,2026-09-30,N9133US2,LNG total including re-exports,Z00,,,525089,7.69
2025-11-15,2026-09-30,NGM_EPG0_ERE_NUS-NAT_MMCF,re-exports,NAT,Argentina,americas,0,
2025-11-15,2026-09-30,NGM_EPG0_ERE_NUS-NBR_MMCF,re-exports,NBR,Brazil,americas,0,
2025-11-15,2026-09-30,NGM_EPG0_ERE_NUS-NCH_MMCF,re-exports,NCH,China,jkm_markets,0,
2025-11-15,2026-09-30,NGM_EPG0_ERE_NUS-NCI_MMCF,re-exports,NCI,Chile,americas,,
2025-11-15,2026-09-30,NGM_EPG0_ERE_NUS-NEG_MMCF,re-exports,NEG,Egypt,middle_east_africa,0,
2025-11-15,2026-09-30,NGM_EPG0_ERE_NUS-NIN_MMCF,re-exports,NIN,India,other_asia,0,
2025-11-15,2026-09-30,NGM_EPG0_ERE_NUS-NJA_MMCF,re-exports,NJA,Japan,jkm_markets,0,
2025-11-15,2026-09-30,NGM_EPG0_ERE_NUS-NKS_MMCF,re-exports,NKS,South Korea,jkm_markets,0,
2025-11-15,2026-09-30,NGM_EPG0_ERE_NUS-NMX_MMCF,re-exports,NMX,Mexico,americas,0,
2025-11-15,2026-09-30,NGM_EPG0_ERE_NUS-NPO_MMCF,re-exports,NPO,Portugal,europe,,
2025-11-15,2026-09-30,NGM_EPG0_ERE_NUS-NSP_MMCF,re-exports,NSP,Spain,europe,0,
2025-11-15,2026-09-30,NGM_EPG0_ERE_NUS-NTU_MMCF,re-exports,NTU,Turkiye,europe,0,
2025-11-15,2026-09-30,NGM_EPG0_ERE_NUS-NUK_MMCF,re-exports,NUK,United Kingdom,europe,0,
2025-11-15,2026-09-30,NGM_EPG0_ERE_NUS-Z00_MMCF,re-exports,Z00,,,0,
2025-11-15,2026-09-30,NGM_EPG0_ETR_NUS-NCA_MMCF,exports by truck,NCA,Canada,americas,0,
2025-11-15,2026-09-30,NGM_EPG0_ETR_NUS-NMX_MMCF,exports by truck,NMX,Mexico,americas,0,
2025-11-15,2026-09-30,NGM_EPG0_ETR_NUS-Z00_MMCF,exports by truck,Z00,,,0,
2025-11-15,2026-09-30,NGM_EPG0_EVE_NUS-NAC_MMCF,exports by vessel,NAC,Antigua and Barbuda,americas,3,10.8
2025-11-15,2026-09-30,NGM_EPG0_EVE_NUS-NAT_MMCF,exports by vessel,NAT,Argentina,americas,0,
2025-11-15,2026-09-30,NGM_EPG0_EVE_NUS-NBA_MMCF,exports by vessel,NBA,Bahrain,middle_east_africa,0,
2025-11-15,2026-09-30,NGM_EPG0_EVE_NUS-NBB_MMCF,exports by vessel,NBB,Barbados,americas,65,10.39
2025-11-15,2026-09-30,NGM_EPG0_EVE_NUS-NBE_MMCF,exports by vessel,NBE,Belgium,europe,17877,9.97
2025-11-15,2026-09-30,NGM_EPG0_EVE_NUS-NBF_MMCF,exports by vessel,NBF,Bahamas,americas,29,10.39
2025-11-15,2026-09-30,NGM_EPG0_EVE_NUS-NBG_MMCF,exports by vessel,NBG,Bangladesh,other_asia,0,
2025-11-15,2026-09-30,NGM_EPG0_EVE_NUS-NBR_MMCF,exports by vessel,NBR,Brazil,americas,13250,6.7
2025-11-15,2026-09-30,NGM_EPG0_EVE_NUS-NCA_MMCF,exports by vessel,NCA,Canada,americas,,
2025-11-15,2026-09-30,NGM_EPG0_EVE_NUS-NCH_MMCF,exports by vessel,NCH,China,jkm_markets,0,
2025-11-15,2026-09-30,NGM_EPG0_EVE_NUS-NCI_MMCF,exports by vessel,NCI,Chile,americas,3330,6.65
2025-11-15,2026-09-30,NGM_EPG0_EVE_NUS-NCO_MMCF,exports by vessel,NCO,Colombia,americas,1565,6.76
2025-11-15,2026-09-30,NGM_EPG0_EVE_NUS-NDR_MMCF,exports by vessel,NDR,Dominican Republic,americas,7398,9.49
2025-11-15,2026-09-30,NGM_EPG0_EVE_NUS-NEG_MMCF,exports by vessel,NEG,Egypt,middle_east_africa,61446,6.97
2025-11-15,2026-09-30,NGM_EPG0_EVE_NUS-NES_MMCF,exports by vessel,NES,El Salvador,americas,0,
2025-11-15,2026-09-30,NGM_EPG0_EVE_NUS-NFI_MMCF,exports by vessel,NFI,Finland,europe,3565,6.77
2025-11-15,2026-09-30,NGM_EPG0_EVE_NUS-NFR_MMCF,exports by vessel,NFR,France,europe,37975,7.8
2025-11-15,2026-09-30,NGM_EPG0_EVE_NUS-NGM_MMCF,exports by vessel,NGM,Germany,europe,31852,7.85
2025-11-15,2026-09-30,NGM_EPG0_EVE_NUS-NGR_MMCF,exports by vessel,NGR,Greece,europe,10540,9.15
2025-11-15,2026-09-30,NGM_EPG0_EVE_NUS-NHA_MMCF,exports by vessel,NHA,Haiti,americas,11,10.39
2025-11-15,2026-09-30,NGM_EPG0_EVE_NUS-NHR_MMCF,exports by vessel,NHR,Croatia,europe,6941,6.96
2025-11-15,2026-09-30,NGM_EPG0_EVE_NUS-NID_MMCF,exports by vessel,NID,Indonesia,other_asia,,
2025-11-15,2026-09-30,NGM_EPG0_EVE_NUS-NIN_MMCF,exports by vessel,NIN,India,other_asia,14346,6.99
2025-11-15,2026-09-30,NGM_EPG0_EVE_NUS-NIS_MMCF,exports by vessel,NIS,Israel,middle_east_africa,0,
2025-11-15,2026-09-30,NGM_EPG0_EVE_NUS-NIT_MMCF,exports by vessel,NIT,Italy,europe,24925,8.07
2025-11-15,2026-09-30,NGM_EPG0_EVE_NUS-NJA_MMCF,exports by vessel,NJA,Japan,jkm_markets,28247,7.51
2025-11-15,2026-09-30,NGM_EPG0_EVE_NUS-NJM_MMCF,exports by vessel,NJM,Jamaica,americas,2033,6.76
2025-11-15,2026-09-30,NGM_EPG0_EVE_NUS-NJO_MMCF,exports by vessel,NJO,Jordan,middle_east_africa,0,
2025-11-15,2026-09-30,NGM_EPG0_EVE_NUS-NKS_MMCF,exports by vessel,NKS,South Korea,jkm_markets,17636,7.23
2025-11-15,2026-09-30,NGM_EPG0_EVE_NUS-NKU_MMCF,exports by vessel,NKU,Kuwait,middle_east_africa,0,
2025-11-15,2026-09-30,NGM_EPG0_EVE_NUS-NLH_MMCF,exports by vessel,NLH,Lithuania,europe,6853,6.69
2025-11-15,2026-09-30,NGM_EPG0_EVE_NUS-NM6_MMCF,exports by vessel,NM6,Malta,europe,0,
2025-11-15,2026-09-30,NGM_EPG0_EVE_NUS-NMR_MMCF,exports by vessel,NMR,Mauritania,middle_east_africa,0,
2025-11-15,2026-09-30,NGM_EPG0_EVE_NUS-NMX_MMCF,exports by vessel,NMX,Mexico,americas,2733,9.16
2025-11-15,2026-09-30,NGM_EPG0_EVE_NUS-NMY_MMCF,exports by vessel,NMY,Malaysia,other_asia,0,
2025-11-15,2026-09-30,NGM_EPG0_EVE_NUS-NNL_MMCF,exports by vessel,NNL,Netherlands,europe,43564,8.64
2025-11-15,2026-09-30,NGM_EPG0_EVE_NUS-NNU_MMCF,exports by vessel,NNU,Nicaragua,americas,0,
2025-11-15,2026-09-30,NGM_EPG0_EVE_NUS-NPK_MMCF,exports by vessel,NPK,Pakistan,other_asia,0,
2025-11-15,2026-09-30,NGM_EPG0_EVE_NUS-NPL_MMCF,exports by vessel,NPL,Poland,europe,14828,6.77
2025-11-15,2026-09-30,NGM_EPG0_EVE_NUS-NPM_MMCF,exports by vessel,NPM,Panama,americas,0,
2025-11-15,2026-09-30,NGM_EPG0_EVE_NUS-NPO_MMCF,exports by vessel,NPO,Portugal,europe,3504,6.11
2025-11-15,2026-09-30,NGM_EPG0_EVE_NUS-NRP_MMCF,exports by vessel,NRP,Philippines,other_asia,3605,6.76
2025-11-15,2026-09-30,NGM_EPG0_EVE_NUS-NRS_MMCF,exports by vessel,NRS,Russia,europe,0,
2025-11-15,2026-09-30,NGM_EPG0_EVE_NUS-NSG_MMCF,exports by vessel,NSG,Senegal,middle_east_africa,0,
2025-11-15,2026-09-30,NGM_EPG0_EVE_NUS-NSN_MMCF,exports by vessel,NSN,Singapore,other_asia,0,
2025-11-15,2026-09-30,NGM_EPG0_EVE_NUS-NSP_MMCF,exports by vessel,NSP,Spain,europe,22004,7.24
2025-11-15,2026-09-30,NGM_EPG0_EVE_NUS-NTC_MMCF,exports by vessel,NTC,United Arab Emirates,middle_east_africa,0,
2025-11-15,2026-09-30,NGM_EPG0_EVE_NUS-NTH_MMCF,exports by vessel,NTH,Thailand,other_asia,3681,6.07
2025-11-15,2026-09-30,NGM_EPG0_EVE_NUS-NTU_MMCF,exports by vessel,NTU,Turkiye,europe,69616,7.85
2025-11-15,2026-09-30,NGM_EPG0_EVE_NUS-NTW_MMCF,exports by vessel,NTW,Taiwan,jkm_markets,11368,7.22
2025-11-15,2026-09-30,NGM_EPG0_EVE_NUS-NUK_MMCF,exports by vessel,NUK,United Kingdom,europe,60301,7.75
2025-11-15,2026-09-30,NGM_EPG0_EVE_NUS-Z00_MMCF,exports by vessel,Z00,,,525089,7.69
2025-11-15,2026-09-30,NGM_EPG0_EVT_NUS-Z00_MMCF,exports by vessel and truck,Z00,,,525089,7.69
2025-12-15,2026-09-30,N9133US2,LNG total including re-exports,Z00,,,569267,8.46
2025-12-15,2026-09-30,NGM_EPG0_ERE_NUS-NAT_MMCF,re-exports,NAT,Argentina,americas,0,
2025-12-15,2026-09-30,NGM_EPG0_ERE_NUS-NBR_MMCF,re-exports,NBR,Brazil,americas,0,
2025-12-15,2026-09-30,NGM_EPG0_ERE_NUS-NCH_MMCF,re-exports,NCH,China,jkm_markets,0,
2025-12-15,2026-09-30,NGM_EPG0_ERE_NUS-NCI_MMCF,re-exports,NCI,Chile,americas,,
2025-12-15,2026-09-30,NGM_EPG0_ERE_NUS-NEG_MMCF,re-exports,NEG,Egypt,middle_east_africa,0,
2025-12-15,2026-09-30,NGM_EPG0_ERE_NUS-NIN_MMCF,re-exports,NIN,India,other_asia,0,
2025-12-15,2026-09-30,NGM_EPG0_ERE_NUS-NJA_MMCF,re-exports,NJA,Japan,jkm_markets,0,
2025-12-15,2026-09-30,NGM_EPG0_ERE_NUS-NKS_MMCF,re-exports,NKS,South Korea,jkm_markets,0,
2025-12-15,2026-09-30,NGM_EPG0_ERE_NUS-NMX_MMCF,re-exports,NMX,Mexico,americas,0,
2025-12-15,2026-09-30,NGM_EPG0_ERE_NUS-NPO_MMCF,re-exports,NPO,Portugal,europe,,
2025-12-15,2026-09-30,NGM_EPG0_ERE_NUS-NSP_MMCF,re-exports,NSP,Spain,europe,0,
2025-12-15,2026-09-30,NGM_EPG0_ERE_NUS-NTU_MMCF,re-exports,NTU,Turkiye,europe,0,
2025-12-15,2026-09-30,NGM_EPG0_ERE_NUS-NUK_MMCF,re-exports,NUK,United Kingdom,europe,0,
2025-12-15,2026-09-30,NGM_EPG0_ERE_NUS-Z00_MMCF,re-exports,Z00,,,0,
2025-12-15,2026-09-30,NGM_EPG0_ETR_NUS-NCA_MMCF,exports by truck,NCA,Canada,americas,13,15.16
2025-12-15,2026-09-30,NGM_EPG0_ETR_NUS-NMX_MMCF,exports by truck,NMX,Mexico,americas,0,
2025-12-15,2026-09-30,NGM_EPG0_ETR_NUS-Z00_MMCF,exports by truck,Z00,,,13,15.16
2025-12-15,2026-09-30,NGM_EPG0_EVE_NUS-NAC_MMCF,exports by vessel,NAC,Antigua and Barbuda,americas,8,10.8
2025-12-15,2026-09-30,NGM_EPG0_EVE_NUS-NAT_MMCF,exports by vessel,NAT,Argentina,americas,0,
2025-12-15,2026-09-30,NGM_EPG0_EVE_NUS-NBA_MMCF,exports by vessel,NBA,Bahrain,middle_east_africa,0,
2025-12-15,2026-09-30,NGM_EPG0_EVE_NUS-NBB_MMCF,exports by vessel,NBB,Barbados,americas,54,10.39
2025-12-15,2026-09-30,NGM_EPG0_EVE_NUS-NBE_MMCF,exports by vessel,NBE,Belgium,europe,17663,10.62
2025-12-15,2026-09-30,NGM_EPG0_EVE_NUS-NBF_MMCF,exports by vessel,NBF,Bahamas,americas,359,8.07
2025-12-15,2026-09-30,NGM_EPG0_EVE_NUS-NBG_MMCF,exports by vessel,NBG,Bangladesh,other_asia,0,
2025-12-15,2026-09-30,NGM_EPG0_EVE_NUS-NBR_MMCF,exports by vessel,NBR,Brazil,americas,6416,9.38
2025-12-15,2026-09-30,NGM_EPG0_EVE_NUS-NCA_MMCF,exports by vessel,NCA,Canada,americas,,
2025-12-15,2026-09-30,NGM_EPG0_EVE_NUS-NCH_MMCF,exports by vessel,NCH,China,jkm_markets,0,
2025-12-15,2026-09-30,NGM_EPG0_EVE_NUS-NCI_MMCF,exports by vessel,NCI,Chile,americas,3451,8.02
2025-12-15,2026-09-30,NGM_EPG0_EVE_NUS-NCO_MMCF,exports by vessel,NCO,Colombia,americas,3486,7.34
2025-12-15,2026-09-30,NGM_EPG0_EVE_NUS-NDR_MMCF,exports by vessel,NDR,Dominican Republic,americas,7276,9.53
2025-12-15,2026-09-30,NGM_EPG0_EVE_NUS-NEG_MMCF,exports by vessel,NEG,Egypt,middle_east_africa,47125,7.73
2025-12-15,2026-09-30,NGM_EPG0_EVE_NUS-NES_MMCF,exports by vessel,NES,El Salvador,americas,0,
2025-12-15,2026-09-30,NGM_EPG0_EVE_NUS-NFI_MMCF,exports by vessel,NFI,Finland,europe,0,
2025-12-15,2026-09-30,NGM_EPG0_EVE_NUS-NFR_MMCF,exports by vessel,NFR,France,europe,38360,8.74
2025-12-15,2026-09-30,NGM_EPG0_EVE_NUS-NGM_MMCF,exports by vessel,NGM,Germany,europe,45804,9.37
2025-12-15,2026-09-30,NGM_EPG0_EVE_NUS-NGR_MMCF,exports by vessel,NGR,Greece,europe,11982,8.03
2025-12-15,2026-09-30,NGM_EPG0_EVE_NUS-NHA_MMCF,exports by vessel,NHA,Haiti,americas,13,10.39
2025-12-15,2026-09-30,NGM_EPG0_EVE_NUS-NHR_MMCF,exports by vessel,NHR,Croatia,europe,10704,7.89
2025-12-15,2026-09-30,NGM_EPG0_EVE_NUS-NID_MMCF,exports by vessel,NID,Indonesia,other_asia,,
2025-12-15,2026-09-30,NGM_EPG0_EVE_NUS-NIN_MMCF,exports by vessel,NIN,India,other_asia,10828,7.87
2025-12-15,2026-09-30,NGM_EPG0_EVE_NUS-NIS_MMCF,exports by vessel,NIS,Israel,middle_east_africa,0,
2025-12-15,2026-09-30,NGM_EPG0_EVE_NUS-NIT_MMCF,exports by vessel,NIT,Italy,europe,39156,9.47
2025-12-15,2026-09-30,NGM_EPG0_EVE_NUS-NJA_MMCF,exports by vessel,NJA,Japan,jkm_markets,13659,7.14
2025-12-15,2026-09-30,NGM_EPG0_EVE_NUS-NJM_MMCF,exports by vessel,NJM,Jamaica,americas,0,
2025-12-15,2026-09-30,NGM_EPG0_EVE_NUS-NJO_MMCF,exports by vessel,NJO,Jordan,middle_east_africa,0,
2025-12-15,2026-09-30,NGM_EPG0_EVE_NUS-NKS_MMCF,exports by vessel,NKS,South Korea,jkm_markets,21613,8.54
2025-12-15,2026-09-30,NGM_EPG0_EVE_NUS-NKU_MMCF,exports by vessel,NKU,Kuwait,middle_east_africa,0,
2025-12-15,2026-09-30,NGM_EPG0_EVE_NUS-NLH_MMCF,exports by vessel,NLH,Lithuania,europe,3689,8.32
2025-12-15,2026-09-30,NGM_EPG0_EVE_NUS-NM6_MMCF,exports by vessel,NM6,Malta,europe,0,
2025-12-15,2026-09-30,NGM_EPG0_EVE_NUS-NMR_MMCF,exports by vessel,NMR,Mauritania,middle_east_africa,0,
2025-12-15,2026-09-30,NGM_EPG0_EVE_NUS-NMX_MMCF,exports by vessel,NMX,Mexico,americas,0,
2025-12-15,2026-09-30,NGM_EPG0_EVE_NUS-NMY_MMCF,exports by vessel,NMY,Malaysia,other_asia,0,
2025-12-15,2026-09-30,NGM_EPG0_EVE_NUS-NNL_MMCF,exports by vessel,NNL,Netherlands,europe,43494,8.37
2025-12-15,2026-09-30,NGM_EPG0_EVE_NUS-NNU_MMCF,exports by vessel,NNU,Nicaragua,americas,0,
2025-12-15,2026-09-30,NGM_EPG0_EVE_NUS-NPK_MMCF,exports by vessel,NPK,Pakistan,other_asia,0,
2025-12-15,2026-09-30,NGM_EPG0_EVE_NUS-NPL_MMCF,exports by vessel,NPL,Poland,europe,21747,7.45
2025-12-15,2026-09-30,NGM_EPG0_EVE_NUS-NPM_MMCF,exports by vessel,NPM,Panama,americas,0,
2025-12-15,2026-09-30,NGM_EPG0_EVE_NUS-NPO_MMCF,exports by vessel,NPO,Portugal,europe,3508,7.37
2025-12-15,2026-09-30,NGM_EPG0_EVE_NUS-NRP_MMCF,exports by vessel,NRP,Philippines,other_asia,0,
2025-12-15,2026-09-30,NGM_EPG0_EVE_NUS-NRS_MMCF,exports by vessel,NRS,Russia,europe,0,
2025-12-15,2026-09-30,NGM_EPG0_EVE_NUS-NSG_MMCF,exports by vessel,NSG,Senegal,middle_east_africa,1392,8.24
2025-12-15,2026-09-30,NGM_EPG0_EVE_NUS-NSN_MMCF,exports by vessel,NSN,Singapore,other_asia,0,
2025-12-15,2026-09-30,NGM_EPG0_EVE_NUS-NSP_MMCF,exports by vessel,NSP,Spain,europe,32332,8.12
2025-12-15,2026-09-30,NGM_EPG0_EVE_NUS-NTC_MMCF,exports by vessel,NTC,United Arab Emirates,middle_east_africa,0,
2025-12-15,2026-09-30,NGM_EPG0_EVE_NUS-NTH_MMCF,exports by vessel,NTH,Thailand,other_asia,7401,7.4
2025-12-15,2026-09-30,NGM_EPG0_EVE_NUS-NTU_MMCF,exports by vessel,NTU,Turkiye,europe,95685,8.49
2025-12-15,2026-09-30,NGM_EPG0_EVE_NUS-NTW_MMCF,exports by vessel,NTW,Taiwan,jkm_markets,14685,8.22
2025-12-15,2026-09-30,NGM_EPG0_EVE_NUS-NUK_MMCF,exports by vessel,NUK,United Kingdom,europe,67364,8.18
2025-12-15,2026-09-30,NGM_EPG0_EVE_NUS-Z00_MMCF,exports by vessel,Z00,,,569254,8.46
2025-12-15,2026-09-30,NGM_EPG0_EVT_NUS-Z00_MMCF,exports by vessel and truck,Z00,,,569267,8.46
2026-01-15,2026-09-30,N9133US2,LNG total including re-exports,Z00,,,539203,8.69
2026-01-15,2026-09-30,NGM_EPG0_ERE_NUS-NAT_MMCF,re-exports,NAT,Argentina,americas,0,
2026-01-15,2026-09-30,NGM_EPG0_ERE_NUS-NBR_MMCF,re-exports,NBR,Brazil,americas,0,
2026-01-15,2026-09-30,NGM_EPG0_ERE_NUS-NCH_MMCF,re-exports,NCH,China,jkm_markets,0,
2026-01-15,2026-09-30,NGM_EPG0_ERE_NUS-NCI_MMCF,re-exports,NCI,Chile,americas,,
2026-01-15,2026-09-30,NGM_EPG0_ERE_NUS-NEG_MMCF,re-exports,NEG,Egypt,middle_east_africa,0,
2026-01-15,2026-09-30,NGM_EPG0_ERE_NUS-NIN_MMCF,re-exports,NIN,India,other_asia,0,
2026-01-15,2026-09-30,NGM_EPG0_ERE_NUS-NJA_MMCF,re-exports,NJA,Japan,jkm_markets,0,
2026-01-15,2026-09-30,NGM_EPG0_ERE_NUS-NKS_MMCF,re-exports,NKS,South Korea,jkm_markets,0,
2026-01-15,2026-09-30,NGM_EPG0_ERE_NUS-NMX_MMCF,re-exports,NMX,Mexico,americas,0,
2026-01-15,2026-09-30,NGM_EPG0_ERE_NUS-NPO_MMCF,re-exports,NPO,Portugal,europe,,
2026-01-15,2026-09-30,NGM_EPG0_ERE_NUS-NSP_MMCF,re-exports,NSP,Spain,europe,0,
2026-01-15,2026-09-30,NGM_EPG0_ERE_NUS-NTU_MMCF,re-exports,NTU,Turkiye,europe,0,
2026-01-15,2026-09-30,NGM_EPG0_ERE_NUS-NUK_MMCF,re-exports,NUK,United Kingdom,europe,0,
2026-01-15,2026-09-30,NGM_EPG0_ERE_NUS-Z00_MMCF,re-exports,Z00,,,0,
2026-01-15,2026-09-30,NGM_EPG0_ETR_NUS-NCA_MMCF,exports by truck,NCA,Canada,americas,0,
2026-01-15,2026-09-30,NGM_EPG0_ETR_NUS-NMX_MMCF,exports by truck,NMX,Mexico,americas,0,
2026-01-15,2026-09-30,NGM_EPG0_ETR_NUS-Z00_MMCF,exports by truck,Z00,,,0,
2026-01-15,2026-09-30,NGM_EPG0_EVE_NUS-NAC_MMCF,exports by vessel,NAC,Antigua and Barbuda,americas,0,
2026-01-15,2026-09-30,NGM_EPG0_EVE_NUS-NAT_MMCF,exports by vessel,NAT,Argentina,americas,0,
2026-01-15,2026-09-30,NGM_EPG0_EVE_NUS-NBA_MMCF,exports by vessel,NBA,Bahrain,middle_east_africa,0,
2026-01-15,2026-09-30,NGM_EPG0_EVE_NUS-NBB_MMCF,exports by vessel,NBB,Barbados,americas,56,10.39
2026-01-15,2026-09-30,NGM_EPG0_EVE_NUS-NBE_MMCF,exports by vessel,NBE,Belgium,europe,21153,9.76
2026-01-15,2026-09-30,NGM_EPG0_EVE_NUS-NBF_MMCF,exports by vessel,NBF,Bahamas,americas,574,9.93
2026-01-15,2026-09-30,NGM_EPG0_EVE_NUS-NBG_MMCF,exports by vessel,NBG,Bangladesh,other_asia,0,
2026-01-15,2026-09-30,NGM_EPG0_EVE_NUS-NBR_MMCF,exports by vessel,NBR,Brazil,americas,3290,8.85
2026-01-15,2026-09-30,NGM_EPG0_EVE_NUS-NCA_MMCF,exports by vessel,NCA,Canada,americas,3477,10.59
2026-01-15,2026-09-30,NGM_EPG0_EVE_NUS-NCH_MMCF,exports by vessel,NCH,China,jkm_markets,0,
2026-01-15,2026-09-30,NGM_EPG0_EVE_NUS-NCI_MMCF,exports by vessel,NCI,Chile,americas,0,
2026-01-15,2026-09-30,NGM_EPG0_EVE_NUS-NCO_MMCF,exports by vessel,NCO,Colombia,americas,3651,9.07
2026-01-15,2026-09-30,NGM_EPG0_EVE_NUS-NDR_MMCF,exports by vessel,NDR,Dominican Republic,americas,4733,8.62
2026-01-15,2026-09-30,NGM_EPG0_EVE_NUS-NEG_MMCF,exports by vessel,NEG,Egypt,middle_east_africa,35729,8.25
2026-01-15,2026-09-30,NGM_EPG0_EVE_NUS-NES_MMCF,exports by vessel,NES,El Salvador,americas,0,
2026-01-15,2026-09-30,NGM_EPG0_EVE_NUS-NFI_MMCF,exports by vessel,NFI,Finland,europe,0,
2026-01-15,2026-09-30,NGM_EPG0_EVE_NUS-NFR_MMCF,exports by vessel,NFR,France,europe,45261,8.42
2026-01-15,2026-09-30,NGM_EPG0_EVE_NUS-NGM_MMCF,exports by vessel,NGM,Germany,europe,23984,9.11
2026-01-15,2026-09-30,NGM_EPG0_EVE_NUS-NGR_MMCF,exports by vessel,NGR,Greece,europe,11679,8.19
2026-01-15,2026-09-30,NGM_EPG0_EVE_NUS-NHA_MMCF,exports by vessel,NHA,Haiti,americas,14,10.39
2026-01-15,2026-09-30,NGM_EPG0_EVE_NUS-NHR_MMCF,exports by vessel,NHR,Croatia,europe,9908,7.95
2026-01-15,2026-09-30,NGM_EPG0_EVE_NUS-NID_MMCF,exports by vessel,NID,Indonesia,other_asia,,
2026-01-15,2026-09-30,NGM_EPG0_EVE_NUS-NIN_MMCF,exports by vessel,NIN,India,other_asia,6867,8.85
2026-01-15,2026-09-30,NGM_EPG0_EVE_NUS-NIS_MMCF,exports by vessel,NIS,Israel,middle_east_africa,0,
2026-01-15,2026-09-30,NGM_EPG0_EVE_NUS-NIT_MMCF,exports by vessel,NIT,Italy,europe,35344,8.74
2026-01-15,2026-09-30,NGM_EPG0_EVE_NUS-NJA_MMCF,exports by vessel,NJA,Japan,jkm_markets,3269,8.53
2026-01-15,2026-09-30,NGM_EPG0_EVE_NUS-NJM_MMCF,exports by vessel,NJM,Jamaica,americas,72,11.27
2026-01-15,2026-09-30,NGM_EPG0_EVE_NUS-NJO_MMCF,exports by vessel,NJO,Jordan,middle_east_africa,6961,8.05
2026-01-15,2026-09-30,NGM_EPG0_EVE_NUS-NKS_MMCF,exports by vessel,NKS,South Korea,jkm_markets,6868,8.83
2026-01-15,2026-09-30,NGM_EPG0_EVE_NUS-NKU_MMCF,exports by vessel,NKU,Kuwait,middle_east_africa,0,
2026-01-15,2026-09-30,NGM_EPG0_EVE_NUS-NLH_MMCF,exports by vessel,NLH,Lithuania,europe,7861,8.56
2026-01-15,2026-09-30,NGM_EPG0_EVE_NUS-NM6_MMCF,exports by vessel,NM6,Malta,europe,0,
2026-01-15,2026-09-30,NGM_EPG0_EVE_NUS-NMR_MMCF,exports by vessel,NMR,Mauritania,middle_east_africa,0,
2026-01-15,2026-09-30,NGM_EPG0_EVE_NUS-NMX_MMCF,exports by vessel,NMX,Mexico,americas,0,
2026-01-15,2026-09-30,NGM_EPG0_EVE_NUS-NMY_MMCF,exports by vessel,NMY,Malaysia,other_asia,0,
2026-01-15,2026-09-30,NGM_EPG0_EVE_NUS-NNL_MMCF,exports by vessel,NNL,Netherlands,europe,39137,8.61
2026-01-15,2026-09-30,NGM_EPG0_EVE_NUS-NNU_MMCF,exports by vessel,NNU,Nicaragua,americas,0,
2026-01-15,2026-09-30,NGM_EPG0_EVE_NUS-NPK_MMCF,exports by vessel,NPK,Pakistan,other_asia,0,
2026-01-15,2026-09-30,NGM_EPG0_EVE_NUS-NPL_MMCF,exports by vessel,NPL,Poland,europe,23309,8.09
2026-01-15,2026-09-30,NGM_EPG0_EVE_NUS-NPM_MMCF,exports by vessel,NPM,Panama,americas,3342,9.38
2026-01-15,2026-09-30,NGM_EPG0_EVE_NUS-NPO_MMCF,exports by vessel,NPO,Portugal,europe,3212,8.35
2026-01-15,2026-09-30,NGM_EPG0_EVE_NUS-NRP_MMCF,exports by vessel,NRP,Philippines,other_asia,0,
2026-01-15,2026-09-30,NGM_EPG0_EVE_NUS-NRS_MMCF,exports by vessel,NRS,Russia,europe,0,
2026-01-15,2026-09-30,NGM_EPG0_EVE_NUS-NSG_MMCF,exports by vessel,NSG,Senegal,middle_east_africa,1775,9.39
2026-01-15,2026-09-30,NGM_EPG0_EVE_NUS-NSN_MMCF,exports by vessel,NSN,Singapore,other_asia,0,
2026-01-15,2026-09-30,NGM_EPG0_EVE_NUS-NSP_MMCF,exports by vessel,NSP,Spain,europe,50155,8.36
2026-01-15,2026-09-30,NGM_EPG0_EVE_NUS-NTC_MMCF,exports by vessel,NTC,United Arab Emirates,middle_east_africa,0,
2026-01-15,2026-09-30,NGM_EPG0_EVE_NUS-NTH_MMCF,exports by vessel,NTH,Thailand,other_asia,0,
2026-01-15,2026-09-30,NGM_EPG0_EVE_NUS-NTU_MMCF,exports by vessel,NTU,Turkiye,europe,80985,9.11
2026-01-15,2026-09-30,NGM_EPG0_EVE_NUS-NTW_MMCF,exports by vessel,NTW,Taiwan,jkm_markets,14240,8.68
2026-01-15,2026-09-30,NGM_EPG0_EVE_NUS-NUK_MMCF,exports by vessel,NUK,United Kingdom,europe,92297,8.7
2026-01-15,2026-09-30,NGM_EPG0_EVE_NUS-Z00_MMCF,exports by vessel,Z00,,,539203,8.69
2026-01-15,2026-09-30,NGM_EPG0_EVT_NUS-Z00_MMCF,exports by vessel and truck,Z00,,,539203,8.69
2026-02-15,2026-09-30,N9133US2,LNG total including re-exports,Z00,,,493596,11.35
2026-02-15,2026-09-30,NGM_EPG0_ERE_NUS-NAT_MMCF,re-exports,NAT,Argentina,americas,0,
2026-02-15,2026-09-30,NGM_EPG0_ERE_NUS-NBR_MMCF,re-exports,NBR,Brazil,americas,0,
2026-02-15,2026-09-30,NGM_EPG0_ERE_NUS-NCH_MMCF,re-exports,NCH,China,jkm_markets,0,
2026-02-15,2026-09-30,NGM_EPG0_ERE_NUS-NCI_MMCF,re-exports,NCI,Chile,americas,,
2026-02-15,2026-09-30,NGM_EPG0_ERE_NUS-NEG_MMCF,re-exports,NEG,Egypt,middle_east_africa,0,
2026-02-15,2026-09-30,NGM_EPG0_ERE_NUS-NIN_MMCF,re-exports,NIN,India,other_asia,0,
2026-02-15,2026-09-30,NGM_EPG0_ERE_NUS-NJA_MMCF,re-exports,NJA,Japan,jkm_markets,0,
2026-02-15,2026-09-30,NGM_EPG0_ERE_NUS-NKS_MMCF,re-exports,NKS,South Korea,jkm_markets,0,
2026-02-15,2026-09-30,NGM_EPG0_ERE_NUS-NMX_MMCF,re-exports,NMX,Mexico,americas,0,
2026-02-15,2026-09-30,NGM_EPG0_ERE_NUS-NPO_MMCF,re-exports,NPO,Portugal,europe,,
2026-02-15,2026-09-30,NGM_EPG0_ERE_NUS-NSP_MMCF,re-exports,NSP,Spain,europe,0,
2026-02-15,2026-09-30,NGM_EPG0_ERE_NUS-NTU_MMCF,re-exports,NTU,Turkiye,europe,0,
2026-02-15,2026-09-30,NGM_EPG0_ERE_NUS-NUK_MMCF,re-exports,NUK,United Kingdom,europe,0,
2026-02-15,2026-09-30,NGM_EPG0_ERE_NUS-Z00_MMCF,re-exports,Z00,,,0,
2026-02-15,2026-09-30,NGM_EPG0_ETR_NUS-NCA_MMCF,exports by truck,NCA,Canada,americas,0,
2026-02-15,2026-09-30,NGM_EPG0_ETR_NUS-NMX_MMCF,exports by truck,NMX,Mexico,americas,0,
2026-02-15,2026-09-30,NGM_EPG0_ETR_NUS-Z00_MMCF,exports by truck,Z00,,,0,
2026-02-15,2026-09-30,NGM_EPG0_EVE_NUS-NAC_MMCF,exports by vessel,NAC,Antigua and Barbuda,americas,4,10.8
2026-02-15,2026-09-30,NGM_EPG0_EVE_NUS-NAT_MMCF,exports by vessel,NAT,Argentina,americas,0,
2026-02-15,2026-09-30,NGM_EPG0_EVE_NUS-NBA_MMCF,exports by vessel,NBA,Bahrain,middle_east_africa,0,
2026-02-15,2026-09-30,NGM_EPG0_EVE_NUS-NBB_MMCF,exports by vessel,NBB,Barbados,americas,50,10.39
2026-02-15,2026-09-30,NGM_EPG0_EVE_NUS-NBE_MMCF,exports by vessel,NBE,Belgium,europe,24867,13.06
2026-02-15,2026-09-30,NGM_EPG0_EVE_NUS-NBF_MMCF,exports by vessel,NBF,Bahamas,americas,430,8.54
2026-02-15,2026-09-30,NGM_EPG0_EVE_NUS-NBG_MMCF,exports by vessel,NBG,Bangladesh,other_asia,6775,12.62
2026-02-15,2026-09-30,NGM_EPG0_EVE_NUS-NBR_MMCF,exports by vessel,NBR,Brazil,americas,3047,13.6
2026-02-15,2026-09-30,NGM_EPG0_EVE_NUS-NCA_MMCF,exports by vessel,NCA,Canada,americas,,
2026-02-15,2026-09-30,NGM_EPG0_EVE_NUS-NCH_MMCF,exports by vessel,NCH,China,jkm_markets,0,
2026-02-15,2026-09-30,NGM_EPG0_EVE_NUS-NCI_MMCF,exports by vessel,NCI,Chile,americas,3327,14.05
2026-02-15,2026-09-30,NGM_EPG0_EVE_NUS-NCO_MMCF,exports by vessel,NCO,Colombia,americas,964,7.13
2026-02-15,2026-09-30,NGM_EPG0_EVE_NUS-NDR_MMCF,exports by vessel,NDR,Dominican Republic,americas,6309,12.2
2026-02-15,2026-09-30,NGM_EPG0_EVE_NUS-NEG_MMCF,exports by vessel,NEG,Egypt,middle_east_africa,46415,11.63
2026-02-15,2026-09-30,NGM_EPG0_EVE_NUS-NES_MMCF,exports by vessel,NES,El Salvador,americas,0,
2026-02-15,2026-09-30,NGM_EPG0_EVE_NUS-NFI_MMCF,exports by vessel,NFI,Finland,europe,0,
2026-02-15,2026-09-30,NGM_EPG0_EVE_NUS-NFR_MMCF,exports by vessel,NFR,France,europe,32701,11.55
2026-02-15,2026-09-30,NGM_EPG0_EVE_NUS-NGM_MMCF,exports by vessel,NGM,Germany,europe,35465,12.05
2026-02-15,2026-09-30,NGM_EPG0_EVE_NUS-NGR_MMCF,exports by vessel,NGR,Greece,europe,14178,10.83
2026-02-15,2026-09-30,NGM_EPG0_EVE_NUS-NHA_MMCF,exports by vessel,NHA,Haiti,americas,13,10.39
2026-02-15,2026-09-30,NGM_EPG0_EVE_NUS-NHR_MMCF,exports by vessel,NHR,Croatia,europe,6831,11.97
2026-02-15,2026-09-30,NGM_EPG0_EVE_NUS-NID_MMCF,exports by vessel,NID,Indonesia,other_asia,539,11.17
2026-02-15,2026-09-30,NGM_EPG0_EVE_NUS-NIN_MMCF,exports by vessel,NIN,India,other_asia,14432,11.02
2026-02-15,2026-09-30,NGM_EPG0_EVE_NUS-NIS_MMCF,exports by vessel,NIS,Israel,middle_east_africa,0,
2026-02-15,2026-09-30,NGM_EPG0_EVE_NUS-NIT_MMCF,exports by vessel,NIT,Italy,europe,21814,11.54
2026-02-15,2026-09-30,NGM_EPG0_EVE_NUS-NJA_MMCF,exports by vessel,NJA,Japan,jkm_markets,6912,11.66
2026-02-15,2026-09-30,NGM_EPG0_EVE_NUS-NJM_MMCF,exports by vessel,NJM,Jamaica,americas,3606,10.87
2026-02-15,2026-09-30,NGM_EPG0_EVE_NUS-NJO_MMCF,exports by vessel,NJO,Jordan,middle_east_africa,0,
2026-02-15,2026-09-30,NGM_EPG0_EVE_NUS-NKS_MMCF,exports by vessel,NKS,South Korea,jkm_markets,7417,12.15
2026-02-15,2026-09-30,NGM_EPG0_EVE_NUS-NKU_MMCF,exports by vessel,NKU,Kuwait,middle_east_africa,0,
2026-02-15,2026-09-30,NGM_EPG0_EVE_NUS-NLH_MMCF,exports by vessel,NLH,Lithuania,europe,7289,11.86
2026-02-15,2026-09-30,NGM_EPG0_EVE_NUS-NM6_MMCF,exports by vessel,NM6,Malta,europe,0,
2026-02-15,2026-09-30,NGM_EPG0_EVE_NUS-NMR_MMCF,exports by vessel,NMR,Mauritania,middle_east_africa,0,
2026-02-15,2026-09-30,NGM_EPG0_EVE_NUS-NMX_MMCF,exports by vessel,NMX,Mexico,americas,0,
2026-02-15,2026-09-30,NGM_EPG0_EVE_NUS-NMY_MMCF,exports by vessel,NMY,Malaysia,other_asia,0,
2026-02-15,2026-09-30,NGM_EPG0_EVE_NUS-NNL_MMCF,exports by vessel,NNL,Netherlands,europe,56798,10.09
2026-02-15,2026-09-30,NGM_EPG0_EVE_NUS-NNU_MMCF,exports by vessel,NNU,Nicaragua,americas,0,
2026-02-15,2026-09-30,NGM_EPG0_EVE_NUS-NPK_MMCF,exports by vessel,NPK,Pakistan,other_asia,0,
2026-02-15,2026-09-30,NGM_EPG0_EVE_NUS-NPL_MMCF,exports by vessel,NPL,Poland,europe,23459,10.49
2026-02-15,2026-09-30,NGM_EPG0_EVE_NUS-NPM_MMCF,exports by vessel,NPM,Panama,americas,2707,12.7
2026-02-15,2026-09-30,NGM_EPG0_EVE_NUS-NPO_MMCF,exports by vessel,NPO,Portugal,europe,7073,12.71
2026-02-15,2026-09-30,NGM_EPG0_EVE_NUS-NRP_MMCF,exports by vessel,NRP,Philippines,other_asia,0,
2026-02-15,2026-09-30,NGM_EPG0_EVE_NUS-NRS_MMCF,exports by vessel,NRS,Russia,europe,0,
2026-02-15,2026-09-30,NGM_EPG0_EVE_NUS-NSG_MMCF,exports by vessel,NSG,Senegal,middle_east_africa,0,
2026-02-15,2026-09-30,NGM_EPG0_EVE_NUS-NSN_MMCF,exports by vessel,NSN,Singapore,other_asia,0,
2026-02-15,2026-09-30,NGM_EPG0_EVE_NUS-NSP_MMCF,exports by vessel,NSP,Spain,europe,29733,10.87
2026-02-15,2026-09-30,NGM_EPG0_EVE_NUS-NTC_MMCF,exports by vessel,NTC,United Arab Emirates,middle_east_africa,0,
2026-02-15,2026-09-30,NGM_EPG0_EVE_NUS-NTH_MMCF,exports by vessel,NTH,Thailand,other_asia,7402,11.74
2026-02-15,2026-09-30,NGM_EPG0_EVE_NUS-NTU_MMCF,exports by vessel,NTU,Turkiye,europe,34277,11.94
2026-02-15,2026-09-30,NGM_EPG0_EVE_NUS-NTW_MMCF,exports by vessel,NTW,Taiwan,jkm_markets,28331,10.13
2026-02-15,2026-09-30,NGM_EPG0_EVE_NUS-NUK_MMCF,exports by vessel,NUK,United Kingdom,europe,60432,11.16
2026-02-15,2026-09-30,NGM_EPG0_EVE_NUS-Z00_MMCF,exports by vessel,Z00,,,493596,11.35
2026-02-15,2026-09-30,NGM_EPG0_EVT_NUS-Z00_MMCF,exports by vessel and truck,Z00,,,493596,11.35
2026-03-15,2026-09-30,N9133US2,LNG total including re-exports,Z00,,,573089,7.6
2026-03-15,2026-09-30,NGM_EPG0_ERE_NUS-NAT_MMCF,re-exports,NAT,Argentina,americas,0,
2026-03-15,2026-09-30,NGM_EPG0_ERE_NUS-NBR_MMCF,re-exports,NBR,Brazil,americas,0,
2026-03-15,2026-09-30,NGM_EPG0_ERE_NUS-NCH_MMCF,re-exports,NCH,China,jkm_markets,0,
2026-03-15,2026-09-30,NGM_EPG0_ERE_NUS-NCI_MMCF,re-exports,NCI,Chile,americas,,
2026-03-15,2026-09-30,NGM_EPG0_ERE_NUS-NEG_MMCF,re-exports,NEG,Egypt,middle_east_africa,0,
2026-03-15,2026-09-30,NGM_EPG0_ERE_NUS-NIN_MMCF,re-exports,NIN,India,other_asia,0,
2026-03-15,2026-09-30,NGM_EPG0_ERE_NUS-NJA_MMCF,re-exports,NJA,Japan,jkm_markets,0,
2026-03-15,2026-09-30,NGM_EPG0_ERE_NUS-NKS_MMCF,re-exports,NKS,South Korea,jkm_markets,0,
2026-03-15,2026-09-30,NGM_EPG0_ERE_NUS-NMX_MMCF,re-exports,NMX,Mexico,americas,0,
2026-03-15,2026-09-30,NGM_EPG0_ERE_NUS-NPO_MMCF,re-exports,NPO,Portugal,europe,,
2026-03-15,2026-09-30,NGM_EPG0_ERE_NUS-NSP_MMCF,re-exports,NSP,Spain,europe,0,
2026-03-15,2026-09-30,NGM_EPG0_ERE_NUS-NTU_MMCF,re-exports,NTU,Turkiye,europe,0,
2026-03-15,2026-09-30,NGM_EPG0_ERE_NUS-NUK_MMCF,re-exports,NUK,United Kingdom,europe,0,
2026-03-15,2026-09-30,NGM_EPG0_ERE_NUS-Z00_MMCF,re-exports,Z00,,,,
2026-03-15,2026-09-30,NGM_EPG0_ETR_NUS-NCA_MMCF,exports by truck,NCA,Canada,americas,0,
2026-03-15,2026-09-30,NGM_EPG0_ETR_NUS-NMX_MMCF,exports by truck,NMX,Mexico,americas,0,
2026-03-15,2026-09-30,NGM_EPG0_ETR_NUS-Z00_MMCF,exports by truck,Z00,,,0,
2026-03-15,2026-09-30,NGM_EPG0_EVE_NUS-NAC_MMCF,exports by vessel,NAC,Antigua and Barbuda,americas,3,10.8
2026-03-15,2026-09-30,NGM_EPG0_EVE_NUS-NAT_MMCF,exports by vessel,NAT,Argentina,americas,0,
2026-03-15,2026-09-30,NGM_EPG0_EVE_NUS-NBA_MMCF,exports by vessel,NBA,Bahrain,middle_east_africa,0,
2026-03-15,2026-09-30,NGM_EPG0_EVE_NUS-NBB_MMCF,exports by vessel,NBB,Barbados,americas,54,10.39
2026-03-15,2026-09-30,NGM_EPG0_EVE_NUS-NBE_MMCF,exports by vessel,NBE,Belgium,europe,15819,10.18
2026-03-15,2026-09-30,NGM_EPG0_EVE_NUS-NBF_MMCF,exports by vessel,NBF,Bahamas,americas,555,11.07
2026-03-15,2026-09-30,NGM_EPG0_EVE_NUS-NBG_MMCF,exports by vessel,NBG,Bangladesh,other_asia,13461,7.54
2026-03-15,2026-09-30,NGM_EPG0_EVE_NUS-NBR_MMCF,exports by vessel,NBR,Brazil,americas,8448,6.69
2026-03-15,2026-09-30,NGM_EPG0_EVE_NUS-NCA_MMCF,exports by vessel,NCA,Canada,americas,,
2026-03-15,2026-09-30,NGM_EPG0_EVE_NUS-NCH_MMCF,exports by vessel,NCH,China,jkm_markets,0,
2026-03-15,2026-09-30,NGM_EPG0_EVE_NUS-NCI_MMCF,exports by vessel,NCI,Chile,americas,0,
2026-03-15,2026-09-30,NGM_EPG0_EVE_NUS-NCO_MMCF,exports by vessel,NCO,Colombia,americas,3182,7.32
2026-03-15,2026-09-30,NGM_EPG0_EVE_NUS-NDR_MMCF,exports by vessel,NDR,Dominican Republic,americas,6837,5.71
2026-03-15,2026-09-30,NGM_EPG0_EVE_NUS-NEG_MMCF,exports by vessel,NEG,Egypt,middle_east_africa,53283,7.71
2026-03-15,2026-09-30,NGM_EPG0_EVE_NUS-NES_MMCF,exports by vessel,NES,El Salvador,americas,0,
2026-03-15,2026-09-30,NGM_EPG0_EVE_NUS-NFI_MMCF,exports by vessel,NFI,Finland,europe,3643,6.6
2026-03-15,2026-09-30,NGM_EPG0_EVE_NUS-NFR_MMCF,exports by vessel,NFR,France,europe,61535,7.91
2026-03-15,2026-09-30,NGM_EPG0_EVE_NUS-NGM_MMCF,exports by vessel,NGM,Germany,europe,38575,7.86
2026-03-15,2026-09-30,NGM_EPG0_EVE_NUS-NGR_MMCF,exports by vessel,NGR,Greece,europe,9777,6
2026-03-15,2026-09-30,NGM_EPG0_EVE_NUS-NHA_MMCF,exports by vessel,NHA,Haiti,americas,14,10.39
2026-03-15,2026-09-30,NGM_EPG0_EVE_NUS-NHR_MMCF,exports by vessel,NHR,Croatia,europe,3057,6.81
2026-03-15,2026-09-30,NGM_EPG0_EVE_NUS-NID_MMCF,exports by vessel,NID,Indonesia,other_asia,1781,6.2
2026-03-15,2026-09-30,NGM_EPG0_EVE_NUS-NIN_MMCF,exports by vessel,NIN,India,other_asia,17967,6.95
2026-03-15,2026-09-30,NGM_EPG0_EVE_NUS-NIS_MMCF,exports by vessel,NIS,Israel,middle_east_africa,0,
2026-03-15,2026-09-30,NGM_EPG0_EVE_NUS-NIT_MMCF,exports by vessel,NIT,Italy,europe,50416,8.32
2026-03-15,2026-09-30,NGM_EPG0_EVE_NUS-NJA_MMCF,exports by vessel,NJA,Japan,jkm_markets,24682,7.16
2026-03-15,2026-09-30,NGM_EPG0_EVE_NUS-NJM_MMCF,exports by vessel,NJM,Jamaica,americas,1058,7.51
2026-03-15,2026-09-30,NGM_EPG0_EVE_NUS-NJO_MMCF,exports by vessel,NJO,Jordan,middle_east_africa,0,
2026-03-15,2026-09-30,NGM_EPG0_EVE_NUS-NKS_MMCF,exports by vessel,NKS,South Korea,jkm_markets,37806,8.16
2026-03-15,2026-09-30,NGM_EPG0_EVE_NUS-NKU_MMCF,exports by vessel,NKU,Kuwait,middle_east_africa,0,
2026-03-15,2026-09-30,NGM_EPG0_EVE_NUS-NLH_MMCF,exports by vessel,NLH,Lithuania,europe,3537,9.11
2026-03-15,2026-09-30,NGM_EPG0_EVE_NUS-NM6_MMCF,exports by vessel,NM6,Malta,europe,0,
2026-03-15,2026-09-30,NGM_EPG0_EVE_NUS-NMR_MMCF,exports by vessel,NMR,Mauritania,middle_east_africa,0,
2026-03-15,2026-09-30,NGM_EPG0_EVE_NUS-NMX_MMCF,exports by vessel,NMX,Mexico,americas,3032,8.73
2026-03-15,2026-09-30,NGM_EPG0_EVE_NUS-NMY_MMCF,exports by vessel,NMY,Malaysia,other_asia,0,
2026-03-15,2026-09-30,NGM_EPG0_EVE_NUS-NNL_MMCF,exports by vessel,NNL,Netherlands,europe,57969,7.07
2026-03-15,2026-09-30,NGM_EPG0_EVE_NUS-NNU_MMCF,exports by vessel,NNU,Nicaragua,americas,0,
2026-03-15,2026-09-30,NGM_EPG0_EVE_NUS-NPK_MMCF,exports by vessel,NPK,Pakistan,other_asia,3517,6.77
2026-03-15,2026-09-30,NGM_EPG0_EVE_NUS-NPL_MMCF,exports by vessel,NPL,Poland,europe,14663,7.17
2026-03-15,2026-09-30,NGM_EPG0_EVE_NUS-NPM_MMCF,exports by vessel,NPM,Panama,americas,0,
2026-03-15,2026-09-30,NGM_EPG0_EVE_NUS-NPO_MMCF,exports by vessel,NPO,Portugal,europe,7573,9.11
2026-03-15,2026-09-30,NGM_EPG0_EVE_NUS-NRP_MMCF,exports by vessel,NRP,Philippines,other_asia,0,
2026-03-15,2026-09-30,NGM_EPG0_EVE_NUS-NRS_MMCF,exports by vessel,NRS,Russia,europe,0,
2026-03-15,2026-09-30,NGM_EPG0_EVE_NUS-NSG_MMCF,exports by vessel,NSG,Senegal,middle_east_africa,1304,6.13
2026-03-15,2026-09-30,NGM_EPG0_EVE_NUS-NSN_MMCF,exports by vessel,NSN,Singapore,other_asia,2237,6.31
2026-03-15,2026-09-30,NGM_EPG0_EVE_NUS-NSP_MMCF,exports by vessel,NSP,Spain,europe,50569,6.64
2026-03-15,2026-09-30,NGM_EPG0_EVE_NUS-NTC_MMCF,exports by vessel,NTC,United Arab Emirates,middle_east_africa,0,
2026-03-15,2026-09-30,NGM_EPG0_EVE_NUS-NTH_MMCF,exports by vessel,NTH,Thailand,other_asia,20287,5.91
2026-03-15,2026-09-30,NGM_EPG0_EVE_NUS-NTU_MMCF,exports by vessel,NTU,Turkiye,europe,12816,6.1
2026-03-15,2026-09-30,NGM_EPG0_EVE_NUS-NTW_MMCF,exports by vessel,NTW,Taiwan,jkm_markets,21833,8.35
2026-03-15,2026-09-30,NGM_EPG0_EVE_NUS-NUK_MMCF,exports by vessel,NUK,United Kingdom,europe,21799,9.71
2026-03-15,2026-09-30,NGM_EPG0_EVE_NUS-Z00_MMCF,exports by vessel,Z00,,,573089,7.6
2026-03-15,2026-09-30,NGM_EPG0_EVT_NUS-Z00_MMCF,exports by vessel and truck,Z00,,,573089,7.6
2026-04-15,2026-09-30,N9133US2,LNG total including re-exports,Z00,,,537936,8.08
2026-04-15,2026-09-30,NGM_EPG0_ERE_NUS-NAT_MMCF,re-exports,NAT,Argentina,americas,0,
2026-04-15,2026-09-30,NGM_EPG0_ERE_NUS-NBR_MMCF,re-exports,NBR,Brazil,americas,0,
2026-04-15,2026-09-30,NGM_EPG0_ERE_NUS-NCH_MMCF,re-exports,NCH,China,jkm_markets,0,
2026-04-15,2026-09-30,NGM_EPG0_ERE_NUS-NCI_MMCF,re-exports,NCI,Chile,americas,,
2026-04-15,2026-09-30,NGM_EPG0_ERE_NUS-NEG_MMCF,re-exports,NEG,Egypt,middle_east_africa,0,
2026-04-15,2026-09-30,NGM_EPG0_ERE_NUS-NIN_MMCF,re-exports,NIN,India,other_asia,0,
2026-04-15,2026-09-30,NGM_EPG0_ERE_NUS-NJA_MMCF,re-exports,NJA,Japan,jkm_markets,0,
2026-04-15,2026-09-30,NGM_EPG0_ERE_NUS-NKS_MMCF,re-exports,NKS,South Korea,jkm_markets,0,
2026-04-15,2026-09-30,NGM_EPG0_ERE_NUS-NMX_MMCF,re-exports,NMX,Mexico,americas,0,
2026-04-15,2026-09-30,NGM_EPG0_ERE_NUS-NPO_MMCF,re-exports,NPO,Portugal,europe,,
2026-04-15,2026-09-30,NGM_EPG0_ERE_NUS-NSP_MMCF,re-exports,NSP,Spain,europe,0,
2026-04-15,2026-09-30,NGM_EPG0_ERE_NUS-NTU_MMCF,re-exports,NTU,Turkiye,europe,0,
2026-04-15,2026-09-30,NGM_EPG0_ERE_NUS-NUK_MMCF,re-exports,NUK,United Kingdom,europe,0,
2026-04-15,2026-09-30,NGM_EPG0_ERE_NUS-Z00_MMCF,re-exports,Z00,,,,
2026-04-15,2026-09-30,NGM_EPG0_ETR_NUS-NCA_MMCF,exports by truck,NCA,Canada,americas,0,
2026-04-15,2026-09-30,NGM_EPG0_ETR_NUS-NMX_MMCF,exports by truck,NMX,Mexico,americas,0,
2026-04-15,2026-09-30,NGM_EPG0_ETR_NUS-Z00_MMCF,exports by truck,Z00,,,0,
2026-04-15,2026-09-30,NGM_EPG0_EVE_NUS-NAC_MMCF,exports by vessel,NAC,Antigua and Barbuda,americas,2,10.8
2026-04-15,2026-09-30,NGM_EPG0_EVE_NUS-NAT_MMCF,exports by vessel,NAT,Argentina,americas,2044,5.87
2026-04-15,2026-09-30,NGM_EPG0_EVE_NUS-NBA_MMCF,exports by vessel,NBA,Bahrain,middle_east_africa,0,
2026-04-15,2026-09-30,NGM_EPG0_EVE_NUS-NBB_MMCF,exports by vessel,NBB,Barbados,americas,59,10.39
2026-04-15,2026-09-30,NGM_EPG0_EVE_NUS-NBE_MMCF,exports by vessel,NBE,Belgium,europe,20525,9.55
2026-04-15,2026-09-30,NGM_EPG0_EVE_NUS-NBF_MMCF,exports by vessel,NBF,Bahamas,americas,804,8.26
2026-04-15,2026-09-30,NGM_EPG0_EVE_NUS-NBG_MMCF,exports by vessel,NBG,Bangladesh,other_asia,7248,7.4
2026-04-15,2026-09-30,NGM_EPG0_EVE_NUS-NBR_MMCF,exports by vessel,NBR,Brazil,americas,1463,5.87
2026-04-15,2026-09-30,NGM_EPG0_EVE_NUS-NCA_MMCF,exports by vessel,NCA,Canada,americas,,
2026-04-15,2026-09-30,NGM_EPG0_EVE_NUS-NCH_MMCF,exports by vessel,NCH,China,jkm_markets,0,
2026-04-15,2026-09-30,NGM_EPG0_EVE_NUS-NCI_MMCF,exports by vessel,NCI,Chile,americas,6403,6.33
2026-04-15,2026-09-30,NGM_EPG0_EVE_NUS-NCO_MMCF,exports by vessel,NCO,Colombia,americas,3355,6.93
2026-04-15,2026-09-30,NGM_EPG0_EVE_NUS-NDR_MMCF,exports by vessel,NDR,Dominican Republic,americas,5476,6.4
2026-04-15,2026-09-30,NGM_EPG0_EVE_NUS-NEG_MMCF,exports by vessel,NEG,Egypt,middle_east_africa,56954,7.79
2026-04-15,2026-09-30,NGM_EPG0_EVE_NUS-NES_MMCF,exports by vessel,NES,El Salvador,americas,0,
2026-04-15,2026-09-30,NGM_EPG0_EVE_NUS-NFI_MMCF,exports by vessel,NFI,Finland,europe,3496,9.93
2026-04-15,2026-09-30,NGM_EPG0_EVE_NUS-NFR_MMCF,exports by vessel,NFR,France,europe,46541,9.12
2026-04-15,2026-09-30,NGM_EPG0_EVE_NUS-NGM_MMCF,exports by vessel,NGM,Germany,europe,38782,9.28
2026-04-15,2026-09-30,NGM_EPG0_EVE_NUS-NGR_MMCF,exports by vessel,NGR,Greece,europe,3880,6.72
2026-04-15,2026-09-30,NGM_EPG0_EVE_NUS-NHA_MMCF,exports by vessel,NHA,Haiti,americas,15,10.39
2026-04-15,2026-09-30,NGM_EPG0_EVE_NUS-NHR_MMCF,exports by vessel,NHR,Croatia,europe,6959,6.49
2026-04-15,2026-09-30,NGM_EPG0_EVE_NUS-NID_MMCF,exports by vessel,NID,Indonesia,other_asia,282,5.33
2026-04-15,2026-09-30,NGM_EPG0_EVE_NUS-NIN_MMCF,exports by vessel,NIN,India,other_asia,39919,8.32
2026-04-15,2026-09-30,NGM_EPG0_EVE_NUS-NIS_MMCF,exports by vessel,NIS,Israel,middle_east_africa,0,
2026-04-15,2026-09-30,NGM_EPG0_EVE_NUS-NIT_MMCF,exports by vessel,NIT,Italy,europe,52278,7.82
2026-04-15,2026-09-30,NGM_EPG0_EVE_NUS-NJA_MMCF,exports by vessel,NJA,Japan,jkm_markets,25384,6.92
2026-04-15,2026-09-30,NGM_EPG0_EVE_NUS-NJM_MMCF,exports by vessel,NJM,Jamaica,americas,258,6.89
2026-04-15,2026-09-30,NGM_EPG0_EVE_NUS-NJO_MMCF,exports by vessel,NJO,Jordan,middle_east_africa,0,
2026-04-15,2026-09-30,NGM_EPG0_EVE_NUS-NKS_MMCF,exports by vessel,NKS,South Korea,jkm_markets,24456,6.7
2026-04-15,2026-09-30,NGM_EPG0_EVE_NUS-NKU_MMCF,exports by vessel,NKU,Kuwait,middle_east_africa,0,
2026-04-15,2026-09-30,NGM_EPG0_EVE_NUS-NLH_MMCF,exports by vessel,NLH,Lithuania,europe,0,
2026-04-15,2026-09-30,NGM_EPG0_EVE_NUS-NM6_MMCF,exports by vessel,NM6,Malta,europe,2376,6.45
2026-04-15,2026-09-30,NGM_EPG0_EVE_NUS-NMR_MMCF,exports by vessel,NMR,Mauritania,middle_east_africa,0,
2026-04-15,2026-09-30,NGM_EPG0_EVE_NUS-NMX_MMCF,exports by vessel,NMX,Mexico,americas,0,
2026-04-15,2026-09-30,NGM_EPG0_EVE_NUS-NMY_MMCF,exports by vessel,NMY,Malaysia,other_asia,0,
2026-04-15,2026-09-30,NGM_EPG0_EVE_NUS-NNL_MMCF,exports by vessel,NNL,Netherlands,europe,54061,8.14
2026-04-15,2026-09-30,NGM_EPG0_EVE_NUS-NNU_MMCF,exports by vessel,NNU,Nicaragua,americas,0,
2026-04-15,2026-09-30,NGM_EPG0_EVE_NUS-NPK_MMCF,exports by vessel,NPK,Pakistan,other_asia,0,
2026-04-15,2026-09-30,NGM_EPG0_EVE_NUS-NPL_MMCF,exports by vessel,NPL,Poland,europe,22609,7.79
2026-04-15,2026-09-30,NGM_EPG0_EVE_NUS-NPM_MMCF,exports by vessel,NPM,Panama,americas,3407,6.93
2026-04-15,2026-09-30,NGM_EPG0_EVE_NUS-NPO_MMCF,exports by vessel,NPO,Portugal,europe,6762,6.96
2026-04-15,2026-09-30,NGM_EPG0_EVE_NUS-NRP_MMCF,exports by vessel,NRP,Philippines,other_asia,0,
2026-04-15,2026-09-30,NGM_EPG0_EVE_NUS-NRS_MMCF,exports by vessel,NRS,Russia,europe,0,
2026-04-15,2026-09-30,NGM_EPG0_EVE_NUS-NSG_MMCF,exports by vessel,NSG,Senegal,middle_east_africa,918,6.85
2026-04-15,2026-09-30,NGM_EPG0_EVE_NUS-NSN_MMCF,exports by vessel,NSN,Singapore,other_asia,7363,6.63
2026-04-15,2026-09-30,NGM_EPG0_EVE_NUS-NSP_MMCF,exports by vessel,NSP,Spain,europe,21727,8.61
2026-04-15,2026-09-30,NGM_EPG0_EVE_NUS-NTC_MMCF,exports by vessel,NTC,United Arab Emirates,middle_east_africa,0,
2026-04-15,2026-09-30,NGM_EPG0_EVE_NUS-NTH_MMCF,exports by vessel,NTH,Thailand,other_asia,22889,7.61
2026-04-15,2026-09-30,NGM_EPG0_EVE_NUS-NTU_MMCF,exports by vessel,NTU,Turkiye,europe,7296,12.75
2026-04-15,2026-09-30,NGM_EPG0_EVE_NUS-NTW_MMCF,exports by vessel,NTW,Taiwan,jkm_markets,35565,8.08
2026-04-15,2026-09-30,NGM_EPG0_EVE_NUS-NUK_MMCF,exports by vessel,NUK,United Kingdom,europe,6380,8.39
2026-04-15,2026-09-30,NGM_EPG0_EVE_NUS-Z00_MMCF,exports by vessel,Z00,,,537936,8.08
2026-04-15,2026-09-30,NGM_EPG0_EVT_NUS-Z00_MMCF,exports by vessel and truck,Z00,,,537936,8.08
2026-05-15,2026-09-30,N9133US2,LNG total including re-exports,Z00,,,502812,7.83
2026-05-15,2026-09-30,NGM_EPG0_ERE_NUS-NAT_MMCF,re-exports,NAT,Argentina,americas,0,
2026-05-15,2026-09-30,NGM_EPG0_ERE_NUS-NBR_MMCF,re-exports,NBR,Brazil,americas,0,
2026-05-15,2026-09-30,NGM_EPG0_ERE_NUS-NCH_MMCF,re-exports,NCH,China,jkm_markets,0,
2026-05-15,2026-09-30,NGM_EPG0_ERE_NUS-NCI_MMCF,re-exports,NCI,Chile,americas,,
2026-05-15,2026-09-30,NGM_EPG0_ERE_NUS-NEG_MMCF,re-exports,NEG,Egypt,middle_east_africa,0,
2026-05-15,2026-09-30,NGM_EPG0_ERE_NUS-NIN_MMCF,re-exports,NIN,India,other_asia,0,
2026-05-15,2026-09-30,NGM_EPG0_ERE_NUS-NJA_MMCF,re-exports,NJA,Japan,jkm_markets,0,
2026-05-15,2026-09-30,NGM_EPG0_ERE_NUS-NKS_MMCF,re-exports,NKS,South Korea,jkm_markets,0,
2026-05-15,2026-09-30,NGM_EPG0_ERE_NUS-NMX_MMCF,re-exports,NMX,Mexico,americas,0,
2026-05-15,2026-09-30,NGM_EPG0_ERE_NUS-NPO_MMCF,re-exports,NPO,Portugal,europe,,
2026-05-15,2026-09-30,NGM_EPG0_ERE_NUS-NSP_MMCF,re-exports,NSP,Spain,europe,0,
2026-05-15,2026-09-30,NGM_EPG0_ERE_NUS-NTU_MMCF,re-exports,NTU,Turkiye,europe,0,
2026-05-15,2026-09-30,NGM_EPG0_ERE_NUS-NUK_MMCF,re-exports,NUK,United Kingdom,europe,0,
2026-05-15,2026-09-30,NGM_EPG0_ERE_NUS-Z00_MMCF,re-exports,Z00,,,,
2026-05-15,2026-09-30,NGM_EPG0_ETR_NUS-NCA_MMCF,exports by truck,NCA,Canada,americas,16,12.85
2026-05-15,2026-09-30,NGM_EPG0_ETR_NUS-NMX_MMCF,exports by truck,NMX,Mexico,americas,0,
2026-05-15,2026-09-30,NGM_EPG0_ETR_NUS-Z00_MMCF,exports by truck,Z00,,,16,12.85
2026-05-15,2026-09-30,NGM_EPG0_EVE_NUS-NAC_MMCF,exports by vessel,NAC,Antigua and Barbuda,americas,2,10.8
2026-05-15,2026-09-30,NGM_EPG0_EVE_NUS-NAT_MMCF,exports by vessel,NAT,Argentina,americas,2097,14.03
2026-05-15,2026-09-30,NGM_EPG0_EVE_NUS-NBA_MMCF,exports by vessel,NBA,Bahrain,middle_east_africa,0,
2026-05-15,2026-09-30,NGM_EPG0_EVE_NUS-NBB_MMCF,exports by vessel,NBB,Barbados,americas,51,10.39
2026-05-15,2026-09-30,NGM_EPG0_EVE_NUS-NBE_MMCF,exports by vessel,NBE,Belgium,europe,3545,8.02
2026-05-15,2026-09-30,NGM_EPG0_EVE_NUS-NBF_MMCF,exports by vessel,NBF,Bahamas,americas,1105,7.42
2026-05-15,2026-09-30,NGM_EPG0_EVE_NUS-NBG_MMCF,exports by vessel,NBG,Bangladesh,other_asia,9657,5.58
2026-05-15,2026-09-30,NGM_EPG0_EVE_NUS-NBR_MMCF,exports by vessel,NBR,Brazil,americas,3676,10.73
2026-05-15,2026-09-30,NGM_EPG0_EVE_NUS-NCA_MMCF,exports by vessel,NCA,Canada,americas,,
2026-05-15,2026-09-30,NGM_EPG0_EVE_NUS-NCH_MMCF,exports by vessel,NCH,China,jkm_markets,0,
2026-05-15,2026-09-30,NGM_EPG0_EVE_NUS-NCI_MMCF,exports by vessel,NCI,Chile,americas,3682,5.8
2026-05-15,2026-09-30,NGM_EPG0_EVE_NUS-NCO_MMCF,exports by vessel,NCO,Colombia,americas,2852,16.24
2026-05-15,2026-09-30,NGM_EPG0_EVE_NUS-NDR_MMCF,exports by vessel,NDR,Dominican Republic,americas,10058,9.52
2026-05-15,2026-09-30,NGM_EPG0_EVE_NUS-NEG_MMCF,exports by vessel,NEG,Egypt,middle_east_africa,36168,6.71
2026-05-15,2026-09-30,NGM_EPG0_EVE_NUS-NES_MMCF,exports by vessel,NES,El Salvador,americas,0,
2026-05-15,2026-09-30,NGM_EPG0_EVE_NUS-NFI_MMCF,exports by vessel,NFI,Finland,europe,0,
2026-05-15,2026-09-30,NGM_EPG0_EVE_NUS-NFR_MMCF,exports by vessel,NFR,France,europe,18144,9.47
2026-05-15,2026-09-30,NGM_EPG0_EVE_NUS-NGM_MMCF,exports by vessel,NGM,Germany,europe,31880,9.16
2026-05-15,2026-09-30,NGM_EPG0_EVE_NUS-NGR_MMCF,exports by vessel,NGR,Greece,europe,6820,5.71
2026-05-15,2026-09-30,NGM_EPG0_EVE_NUS-NHA_MMCF,exports by vessel,NHA,Haiti,americas,13,10.39
2026-05-15,2026-09-30,NGM_EPG0_EVE_NUS-NHR_MMCF,exports by vessel,NHR,Croatia,europe,3530,6.32
2026-05-15,2026-09-30,NGM_EPG0_EVE_NUS-NID_MMCF,exports by vessel,NID,Indonesia,other_asia,4252,8.36
2026-05-15,2026-09-30,NGM_EPG0_EVE_NUS-NIN_MMCF,exports by vessel,NIN,India,other_asia,29818,7.25
2026-05-15,2026-09-30,NGM_EPG0_EVE_NUS-NIS_MMCF,exports by vessel,NIS,Israel,middle_east_africa,0,
2026-05-15,2026-09-30,NGM_EPG0_EVE_NUS-NIT_MMCF,exports by vessel,NIT,Italy,europe,46715,8.91
2026-05-15,2026-09-30,NGM_EPG0_EVE_NUS-NJA_MMCF,exports by vessel,NJA,Japan,jkm_markets,42531,6.6
2026-05-15,2026-09-30,NGM_EPG0_EVE_NUS-NJM_MMCF,exports by vessel,NJM,Jamaica,americas,519,11.71
2026-05-15,2026-09-30,NGM_EPG0_EVE_NUS-NJO_MMCF,exports by vessel,NJO,Jordan,middle_east_africa,0,
2026-05-15,2026-09-30,NGM_EPG0_EVE_NUS-NKS_MMCF,exports by vessel,NKS,South Korea,jkm_markets,49533,7.9
2026-05-15,2026-09-30,NGM_EPG0_EVE_NUS-NKU_MMCF,exports by vessel,NKU,Kuwait,middle_east_africa,0,
2026-05-15,2026-09-30,NGM_EPG0_EVE_NUS-NLH_MMCF,exports by vessel,NLH,Lithuania,europe,7312,9.93
2026-05-15,2026-09-30,NGM_EPG0_EVE_NUS-NM6_MMCF,exports by vessel,NM6,Malta,europe,0,
2026-05-15,2026-09-30,NGM_EPG0_EVE_NUS-NMR_MMCF,exports by vessel,NMR,Mauritania,middle_east_africa,0,
2026-05-15,2026-09-30,NGM_EPG0_EVE_NUS-NMX_MMCF,exports by vessel,NMX,Mexico,americas,0,
2026-05-15,2026-09-30,NGM_EPG0_EVE_NUS-NMY_MMCF,exports by vessel,NMY,Malaysia,other_asia,0,
2026-05-15,2026-09-30,NGM_EPG0_EVE_NUS-NNL_MMCF,exports by vessel,NNL,Netherlands,europe,63635,6.68
2026-05-15,2026-09-30,NGM_EPG0_EVE_NUS-NNU_MMCF,exports by vessel,NNU,Nicaragua,americas,0,
2026-05-15,2026-09-30,NGM_EPG0_EVE_NUS-NPK_MMCF,exports by vessel,NPK,Pakistan,other_asia,0,
2026-05-15,2026-09-30,NGM_EPG0_EVE_NUS-NPL_MMCF,exports by vessel,NPL,Poland,europe,23801,7.94
2026-05-15,2026-09-30,NGM_EPG0_EVE_NUS-NPM_MMCF,exports by vessel,NPM,Panama,americas,3002,6.84
2026-05-15,2026-09-30,NGM_EPG0_EVE_NUS-NPO_MMCF,exports by vessel,NPO,Portugal,europe,6936,6.31
2026-05-15,2026-09-30,NGM_EPG0_EVE_NUS-NRP_MMCF,exports by vessel,NRP,Philippines,other_asia,0,
2026-05-15,2026-09-30,NGM_EPG0_EVE_NUS-NRS_MMCF,exports by vessel,NRS,Russia,europe,0,
2026-05-15,2026-09-30,NGM_EPG0_EVE_NUS-NSG_MMCF,exports by vessel,NSG,Senegal,middle_east_africa,0,
2026-05-15,2026-09-30,NGM_EPG0_EVE_NUS-NSN_MMCF,exports by vessel,NSN,Singapore,other_asia,10245,6.51
2026-05-15,2026-09-30,NGM_EPG0_EVE_NUS-NSP_MMCF,exports by vessel,NSP,Spain,europe,8643,7.53
2026-05-15,2026-09-30,NGM_EPG0_EVE_NUS-NTC_MMCF,exports by vessel,NTC,United Arab Emirates,middle_east_africa,0,
2026-05-15,2026-09-30,NGM_EPG0_EVE_NUS-NTH_MMCF,exports by vessel,NTH,Thailand,other_asia,26760,7.12
2026-05-15,2026-09-30,NGM_EPG0_EVE_NUS-NTU_MMCF,exports by vessel,NTU,Turkiye,europe,3804,5.81
2026-05-15,2026-09-30,NGM_EPG0_EVE_NUS-NTW_MMCF,exports by vessel,NTW,Taiwan,jkm_markets,34770,8.48
2026-05-15,2026-09-30,NGM_EPG0_EVE_NUS-NUK_MMCF,exports by vessel,NUK,United Kingdom,europe,7240,14.89
2026-05-15,2026-09-30,NGM_EPG0_EVE_NUS-Z00_MMCF,exports by vessel,Z00,,,502796,7.83
2026-05-15,2026-09-30,NGM_EPG0_EVT_NUS-Z00_MMCF,exports by vessel and truck,Z00,,,502812,7.83
2026-06-15,2026-09-30,N9133US2,LNG total including re-exports,Z00,,,521059,7.9
2026-06-15,2026-09-30,NGM_EPG0_ERE_NUS-NAT_MMCF,re-exports,NAT,Argentina,americas,0,
2026-06-15,2026-09-30,NGM_EPG0_ERE_NUS-NBR_MMCF,re-exports,NBR,Brazil,americas,0,
2026-06-15,2026-09-30,NGM_EPG0_ERE_NUS-NCH_MMCF,re-exports,NCH,China,jkm_markets,0,
2026-06-15,2026-09-30,NGM_EPG0_ERE_NUS-NCI_MMCF,re-exports,NCI,Chile,americas,,
2026-06-15,2026-09-30,NGM_EPG0_ERE_NUS-NEG_MMCF,re-exports,NEG,Egypt,middle_east_africa,0,
2026-06-15,2026-09-30,NGM_EPG0_ERE_NUS-NIN_MMCF,re-exports,NIN,India,other_asia,0,
2026-06-15,2026-09-30,NGM_EPG0_ERE_NUS-NJA_MMCF,re-exports,NJA,Japan,jkm_markets,0,
2026-06-15,2026-09-30,NGM_EPG0_ERE_NUS-NKS_MMCF,re-exports,NKS,South Korea,jkm_markets,0,
2026-06-15,2026-09-30,NGM_EPG0_ERE_NUS-NMX_MMCF,re-exports,NMX,Mexico,americas,0,
2026-06-15,2026-09-30,NGM_EPG0_ERE_NUS-NPO_MMCF,re-exports,NPO,Portugal,europe,,
2026-06-15,2026-09-30,NGM_EPG0_ERE_NUS-NSP_MMCF,re-exports,NSP,Spain,europe,0,
2026-06-15,2026-09-30,NGM_EPG0_ERE_NUS-NTU_MMCF,re-exports,NTU,Turkiye,europe,0,
2026-06-15,2026-09-30,NGM_EPG0_ERE_NUS-NUK_MMCF,re-exports,NUK,United Kingdom,europe,0,
2026-06-15,2026-09-30,NGM_EPG0_ERE_NUS-Z00_MMCF,re-exports,Z00,,,,
2026-06-15,2026-09-30,NGM_EPG0_ETR_NUS-NCA_MMCF,exports by truck,NCA,Canada,americas,0,
2026-06-15,2026-09-30,NGM_EPG0_ETR_NUS-NMX_MMCF,exports by truck,NMX,Mexico,americas,0,
2026-06-15,2026-09-30,NGM_EPG0_ETR_NUS-Z00_MMCF,exports by truck,Z00,,,0,
2026-06-15,2026-09-30,NGM_EPG0_EVE_NUS-NAC_MMCF,exports by vessel,NAC,Antigua and Barbuda,americas,0,
2026-06-15,2026-09-30,NGM_EPG0_EVE_NUS-NAT_MMCF,exports by vessel,NAT,Argentina,americas,8678,6.47
2026-06-15,2026-09-30,NGM_EPG0_EVE_NUS-NBA_MMCF,exports by vessel,NBA,Bahrain,middle_east_africa,0,
2026-06-15,2026-09-30,NGM_EPG0_EVE_NUS-NBB_MMCF,exports by vessel,NBB,Barbados,americas,54,10.39
2026-06-15,2026-09-30,NGM_EPG0_EVE_NUS-NBE_MMCF,exports by vessel,NBE,Belgium,europe,3671,11.66
2026-06-15,2026-09-30,NGM_EPG0_EVE_NUS-NBF_MMCF,exports by vessel,NBF,Bahamas,americas,1850,8.7
2026-06-15,2026-09-30,NGM_EPG0_EVE_NUS-NBG_MMCF,exports by vessel,NBG,Bangladesh,other_asia,13085,7.64
2026-06-15,2026-09-30,NGM_EPG0_EVE_NUS-NBR_MMCF,exports by vessel,NBR,Brazil,americas,10195,7.42
2026-06-15,2026-09-30,NGM_EPG0_EVE_NUS-NCA_MMCF,exports by vessel,NCA,Canada,americas,,
2026-06-15,2026-09-30,NGM_EPG0_EVE_NUS-NCH_MMCF,exports by vessel,NCH,China,jkm_markets,4576,8.14
2026-06-15,2026-09-30,NGM_EPG0_EVE_NUS-NCI_MMCF,exports by vessel,NCI,Chile,americas,3665,6.35
2026-06-15,2026-09-30,NGM_EPG0_EVE_NUS-NCO_MMCF,exports by vessel,NCO,Colombia,americas,317,5.8
2026-06-15,2026-09-30,NGM_EPG0_EVE_NUS-NDR_MMCF,exports by vessel,NDR,Dominican Republic,americas,7213,6.39
2026-06-15,2026-09-30,NGM_EPG0_EVE_NUS-NEG_MMCF,exports by vessel,NEG,Egypt,middle_east_africa,86047,8.07
2026-06-15,2026-09-30,NGM_EPG0_EVE_NUS-NES_MMCF,exports by vessel,NES,El Salvador,americas,2628,6.89
2026-06-15,2026-09-30,NGM_EPG0_EVE_NUS-NFI_MMCF,exports by vessel,NFI,Finland,europe,3297,6.88
2026-06-15,2026-09-30,NGM_EPG0_EVE_NUS-NFR_MMCF,exports by vessel,NFR,France,europe,10869,9.64
2026-06-15,2026-09-30,NGM_EPG0_EVE_NUS-NGM_MMCF,exports by vessel,NGM,Germany,europe,21456,9.59
2026-06-15,2026-09-30,NGM_EPG0_EVE_NUS-NGR_MMCF,exports by vessel,NGR,Greece,europe,7994,6.55
2026-06-15,2026-09-30,NGM_EPG0_EVE_NUS-NHA_MMCF,exports by vessel,NHA,Haiti,americas,13,10.39
2026-06-15,2026-09-30,NGM_EPG0_EVE_NUS-NHR_MMCF,exports by vessel,NHR,Croatia,europe,9342,5.81
2026-06-15,2026-09-30,NGM_EPG0_EVE_NUS-NID_MMCF,exports by vessel,NID,Indonesia,other_asia,,
2026-06-15,2026-09-30,NGM_EPG0_EVE_NUS-NIN_MMCF,exports by vessel,NIN,India,other_asia,46249,7.13
2026-06-15,2026-09-30,NGM_EPG0_EVE_NUS-NIS_MMCF,exports by vessel,NIS,Israel,middle_east_africa,0,
2026-06-15,2026-09-30,NGM_EPG0_EVE_NUS-NIT_MMCF,exports by vessel,NIT,Italy,europe,51627,7.73
2026-06-15,2026-09-30,NGM_EPG0_EVE_NUS-NJA_MMCF,exports by vessel,NJA,Japan,jkm_markets,28827,7.56
2026-06-15,2026-09-30,NGM_EPG0_EVE_NUS-NJM_MMCF,exports by vessel,NJM,Jamaica,americas,4384,6.04
2026-06-15,2026-09-30,NGM_EPG0_EVE_NUS-NJO_MMCF,exports by vessel,NJO,Jordan,middle_east_africa,0,
2026-06-15,2026-09-30,NGM_EPG0_EVE_NUS-NKS_MMCF,exports by vessel,NKS,South Korea,jkm_markets,46922,7.46
2026-06-15,2026-09-30,NGM_EPG0_EVE_NUS-NKU_MMCF,exports by vessel,NKU,Kuwait,middle_east_africa,0,
2026-06-15,2026-09-30,NGM_EPG0_EVE_NUS-NLH_MMCF,exports by vessel,NLH,Lithuania,europe,3707,16.43
2026-06-15,2026-09-30,NGM_EPG0_EVE_NUS-NM6_MMCF,exports by vessel,NM6,Malta,europe,2368,6.13
2026-06-15,2026-09-30,NGM_EPG0_EVE_NUS-NMR_MMCF,exports by vessel,NMR,Mauritania,middle_east_africa,0,
2026-06-15,2026-09-30,NGM_EPG0_EVE_NUS-NMX_MMCF,exports by vessel,NMX,Mexico,americas,2873,8.8
2026-06-15,2026-09-30,NGM_EPG0_EVE_NUS-NMY_MMCF,exports by vessel,NMY,Malaysia,other_asia,0,
2026-06-15,2026-09-30,NGM_EPG0_EVE_NUS-NNL_MMCF,exports by vessel,NNL,Netherlands,europe,33736,9.23
2026-06-15,2026-09-30,NGM_EPG0_EVE_NUS-NNU_MMCF,exports by vessel,NNU,Nicaragua,americas,0,
2026-06-15,2026-09-30,NGM_EPG0_EVE_NUS-NPK_MMCF,exports by vessel,NPK,Pakistan,other_asia,3696,5.65
2026-06-15,2026-09-30,NGM_EPG0_EVE_NUS-NPL_MMCF,exports by vessel,NPL,Poland,europe,21100,7.98
2026-06-15,2026-09-30,NGM_EPG0_EVE_NUS-NPM_MMCF,exports by vessel,NPM,Panama,americas,3404,5.54
2026-06-15,2026-09-30,NGM_EPG0_EVE_NUS-NPO_MMCF,exports by vessel,NPO,Portugal,europe,0,
2026-06-15,2026-09-30,NGM_EPG0_EVE_NUS-NRP_MMCF,exports by vessel,NRP,Philippines,other_asia,437,6.89
2026-06-15,2026-09-30,NGM_EPG0_EVE_NUS-NRS_MMCF,exports by vessel,NRS,Russia,europe,0,
2026-06-15,2026-09-30,NGM_EPG0_EVE_NUS-NSG_MMCF,exports by vessel,NSG,Senegal,middle_east_africa,2075,6.33
2026-06-15,2026-09-30,NGM_EPG0_EVE_NUS-NSN_MMCF,exports by vessel,NSN,Singapore,other_asia,11911,9.99
2026-06-15,2026-09-30,NGM_EPG0_EVE_NUS-NSP_MMCF,exports by vessel,NSP,Spain,europe,12758,7.1
2026-06-15,2026-09-30,NGM_EPG0_EVE_NUS-NTC_MMCF,exports by vessel,NTC,United Arab Emirates,middle_east_africa,0,
2026-06-15,2026-09-30,NGM_EPG0_EVE_NUS-NTH_MMCF,exports by vessel,NTH,Thailand,other_asia,17889,8.39
2026-06-15,2026-09-30,NGM_EPG0_EVE_NUS-NTU_MMCF,exports by vessel,NTU,Turkiye,europe,0,
2026-06-15,2026-09-30,NGM_EPG0_EVE_NUS-NTW_MMCF,exports by vessel,NTW,Taiwan,jkm_markets,28305,6.97
2026-06-15,2026-09-30,NGM_EPG0_EVE_NUS-NUK_MMCF,exports by vessel,NUK,United Kingdom,europe,3840,12.76
2026-06-15,2026-09-30,NGM_EPG0_EVE_NUS-Z00_MMCF,exports by vessel,Z00,,,521059,7.9
2026-06-15,2026-09-30,NGM_EPG0_EVT_NUS-Z00_MMCF,exports by vessel and truck,Z00,,,521059,7.9
2026-07-15,2026-09-30,N9133US2,LNG total including re-exports,Z00,,,518777,8.29
2026-07-15,2026-09-30,NGM_EPG0_ERE_NUS-NAT_MMCF,re-exports,NAT,Argentina,americas,0,
2026-07-15,2026-09-30,NGM_EPG0_ERE_NUS-NBR_MMCF,re-exports,NBR,Brazil,americas,0,
2026-07-15,2026-09-30,NGM_EPG0_ERE_NUS-NCH_MMCF,re-exports,NCH,China,jkm_markets,0,
2026-07-15,2026-09-30,NGM_EPG0_ERE_NUS-NCI_MMCF,re-exports,NCI,Chile,americas,,
2026-07-15,2026-09-30,NGM_EPG0_ERE_NUS-NEG_MMCF,re-exports,NEG,Egypt,middle_east_africa,0,
2026-07-15,2026-09-30,NGM_EPG0_ERE_NUS-NIN_MMCF,re-exports,NIN,India,other_asia,0,
2026-07-15,2026-09-30,NGM_EPG0_ERE_NUS-NJA_MMCF,re-exports,NJA,Japan,jkm_markets,0,
2026-07-15,2026-09-30,NGM_EPG0_ERE_NUS-NKS_MMCF,re-exports,NKS,South Korea,jkm_markets,0,
2026-07-15,2026-09-30,NGM_EPG0_ERE_NUS-NMX_MMCF,re-exports,NMX,Mexico,americas,0,
2026-07-15,2026-09-30,NGM_EPG0_ERE_NUS-NPO_MMCF,re-exports,NPO,Portugal,europe,,
2026-07-15,2026-09-30,NGM_EPG0_ERE_NUS-NSP_MMCF,re-exports,NSP,Spain,europe,0,
2026-07-15,2026-09-30,NGM_EPG0_ERE_NUS-NTU_MMCF,re-exports,NTU,Turkiye,europe,0,
2026-07-15,2026-09-30,NGM_EPG0_ERE_NUS-NUK_MMCF,re-exports,NUK,United Kingdom,europe,0,
2026-07-15,2026-09-30,NGM_EPG0_ERE_NUS-Z00_MMCF,re-exports,Z00,,,,
2026-07-15,2026-09-30,NGM_EPG0_ETR_NUS-NCA_MMCF,exports by truck,NCA,Canada,americas,58,11.03
2026-07-15,2026-09-30,NGM_EPG0_ETR_NUS-NMX_MMCF,exports by truck,NMX,Mexico,americas,0,
2026-07-15,2026-09-30,NGM_EPG0_ETR_NUS-Z00_MMCF,exports by truck,Z00,,,58,11.03
2026-07-15,2026-09-30,NGM_EPG0_EVE_NUS-NAC_MMCF,exports by vessel,NAC,Antigua and Barbuda,americas,3,10.8
2026-07-15,2026-09-30,NGM_EPG0_EVE_NUS-NAT_MMCF,exports by vessel,NAT,Argentina,americas,2155,6.42
2026-07-15,2026-09-30,NGM_EPG0_EVE_NUS-NBA_MMCF,exports by vessel,NBA,Bahrain,middle_east_africa,0,
2026-07-15,2026-09-30,NGM_EPG0_EVE_NUS-NBB_MMCF,exports by vessel,NBB,Barbados,americas,56,10.39
2026-07-15,2026-09-30,NGM_EPG0_EVE_NUS-NBE_MMCF,exports by vessel,NBE,Belgium,europe,0,
2026-07-15,2026-09-30,NGM_EPG0_EVE_NUS-NBF_MMCF,exports by vessel,NBF,Bahamas,americas,1249,8.86
2026-07-15,2026-09-30,NGM_EPG0_EVE_NUS-NBG_MMCF,exports by vessel,NBG,Bangladesh,other_asia,3334,9.79
2026-07-15,2026-09-30,NGM_EPG0_EVE_NUS-NBR_MMCF,exports by vessel,NBR,Brazil,americas,11692,9.54
2026-07-15,2026-09-30,NGM_EPG0_EVE_NUS-NCA_MMCF,exports by vessel,NCA,Canada,americas,,
2026-07-15,2026-09-30,NGM_EPG0_EVE_NUS-NCH_MMCF,exports by vessel,NCH,China,jkm_markets,4555,7.54
2026-07-15,2026-09-30,NGM_EPG0_EVE_NUS-NCI_MMCF,exports by vessel,NCI,Chile,americas,7742,6.56
2026-07-15,2026-09-30,NGM_EPG0_EVE_NUS-NCO_MMCF,exports by vessel,NCO,Colombia,americas,6895,7.18
2026-07-15,2026-09-30,NGM_EPG0_EVE_NUS-NDR_MMCF,exports by vessel,NDR,Dominican Republic,americas,8151,9.59
2026-07-15,2026-09-30,NGM_EPG0_EVE_NUS-NEG_MMCF,exports by vessel,NEG,Egypt,middle_east_africa,75634,8.21
2026-07-15,2026-09-30,NGM_EPG0_EVE_NUS-NES_MMCF,exports by vessel,NES,El Salvador,americas,1111,7.66
2026-07-15,2026-09-30,NGM_EPG0_EVE_NUS-NFI_MMCF,exports by vessel,NFI,Finland,europe,0,
2026-07-15,2026-09-30,NGM_EPG0_EVE_NUS-NFR_MMCF,exports by vessel,NFR,France,europe,15925,8.37
2026-07-15,2026-09-30,NGM_EPG0_EVE_NUS-NGM_MMCF,exports by vessel,NGM,Germany,europe,24309,9.97
2026-07-15,2026-09-30,NGM_EPG0_EVE_NUS-NGR_MMCF,exports by vessel,NGR,Greece,europe,5986,6.85
2026-07-15,2026-09-30,NGM_EPG0_EVE_NUS-NHA_MMCF,exports by vessel,NHA,Haiti,americas,8,10.39
2026-07-15,2026-09-30,NGM_EPG0_EVE_NUS-NHR_MMCF,exports by vessel,NHR,Croatia,europe,3696,6.43
2026-07-15,2026-09-30,NGM_EPG0_EVE_NUS-NID_MMCF,exports by vessel,NID,Indonesia,other_asia,543,7.09
2026-07-15,2026-09-30,NGM_EPG0_EVE_NUS-NIN_MMCF,exports by vessel,NIN,India,other_asia,47013,7.55
2026-07-15,2026-09-30,NGM_EPG0_EVE_NUS-NIS_MMCF,exports by vessel,NIS,Israel,middle_east_africa,0,
2026-07-15,2026-09-30,NGM_EPG0_EVE_NUS-NIT_MMCF,exports by vessel,NIT,Italy,europe,40945,7.51
2026-07-15,2026-09-30,NGM_EPG0_EVE_NUS-NJA_MMCF,exports by vessel,NJA,Japan,jkm_markets,46886,7.72
2026-07-15,2026-09-30,NGM_EPG0_EVE_NUS-NJM_MMCF,exports by vessel,NJM,Jamaica,americas,0,
2026-07-15,2026-09-30,NGM_EPG0_EVE_NUS-NJO_MMCF,exports by vessel,NJO,Jordan,middle_east_africa,3480,8.62
2026-07-15,2026-09-30,NGM_EPG0_EVE_NUS-NKS_MMCF,exports by vessel,NKS,South Korea,jkm_markets,27302,7.47
2026-07-15,2026-09-30,NGM_EPG0_EVE_NUS-NKU_MMCF,exports by vessel,NKU,Kuwait,middle_east_africa,0,
2026-07-15,2026-09-30,NGM_EPG0_EVE_NUS-NLH_MMCF,exports by vessel,NLH,Lithuania,europe,6850,10.17
2026-07-15,2026-09-30,NGM_EPG0_EVE_NUS-NM6_MMCF,exports by vessel,NM6,Malta,europe,2117,7.13
2026-07-15,2026-09-30,NGM_EPG0_EVE_NUS-NMR_MMCF,exports by vessel,NMR,Mauritania,middle_east_africa,0,
2026-07-15,2026-09-30,NGM_EPG0_EVE_NUS-NMX_MMCF,exports by vessel,NMX,Mexico,americas,0,
2026-07-15,2026-09-30,NGM_EPG0_EVE_NUS-NMY_MMCF,exports by vessel,NMY,Malaysia,other_asia,0,
2026-07-15,2026-09-30,NGM_EPG0_EVE_NUS-NNL_MMCF,exports by vessel,NNL,Netherlands,europe,54680,8.69
2026-07-15,2026-09-30,NGM_EPG0_EVE_NUS-NNU_MMCF,exports by vessel,NNU,Nicaragua,americas,0,
2026-07-15,2026-09-30,NGM_EPG0_EVE_NUS-NPK_MMCF,exports by vessel,NPK,Pakistan,other_asia,3352,6.04
2026-07-15,2026-09-30,NGM_EPG0_EVE_NUS-NPL_MMCF,exports by vessel,NPL,Poland,europe,15419,6.5
2026-07-15,2026-09-30,NGM_EPG0_EVE_NUS-NPM_MMCF,exports by vessel,NPM,Panama,americas,0,
2026-07-15,2026-09-30,NGM_EPG0_EVE_NUS-NPO_MMCF,exports by vessel,NPO,Portugal,europe,3465,7.66
2026-07-15,2026-09-30,NGM_EPG0_EVE_NUS-NRP_MMCF,exports by vessel,NRP,Philippines,other_asia,0,
2026-07-15,2026-09-30,NGM_EPG0_EVE_NUS-NRS_MMCF,exports by vessel,NRS,Russia,europe,0,
2026-07-15,2026-09-30,NGM_EPG0_EVE_NUS-NSG_MMCF,exports by vessel,NSG,Senegal,middle_east_africa,1967,7.65
2026-07-15,2026-09-30,NGM_EPG0_EVE_NUS-NSN_MMCF,exports by vessel,NSN,Singapore,other_asia,19459,11.11
2026-07-15,2026-09-30,NGM_EPG0_EVE_NUS-NSP_MMCF,exports by vessel,NSP,Spain,europe,20050,8.66
2026-07-15,2026-09-30,NGM_EPG0_EVE_NUS-NTC_MMCF,exports by vessel,NTC,United Arab Emirates,middle_east_africa,0,
2026-07-15,2026-09-30,NGM_EPG0_EVE_NUS-NTH_MMCF,exports by vessel,NTH,Thailand,other_asia,17977,8.95
2026-07-15,2026-09-30,NGM_EPG0_EVE_NUS-NTU_MMCF,exports by vessel,NTU,Turkiye,europe,0,
2026-07-15,2026-09-30,NGM_EPG0_EVE_NUS-NTW_MMCF,exports by vessel,NTW,Taiwan,jkm_markets,27612,9.61
2026-07-15,2026-09-30,NGM_EPG0_EVE_NUS-NUK_MMCF,exports by vessel,NUK,United Kingdom,europe,7100,6.54
2026-07-15,2026-09-30,NGM_EPG0_EVE_NUS-Z00_MMCF,exports by vessel,Z00,,,518719,8.29
2026-07-15,2026-09-30,NGM_EPG0_EVT_NUS-Z00_MMCF,exports by vessel and truck,Z00,,,518777,8.29
